
[48;2;204;204;255m--- ELF Header ---[0m
Elf file type is DYN (Position-Independent Executable file)   
Elf file class is 64-bit
Entry point 0x6aa0
There are 13 program headers, starting at offset 64

[48;2;204;204;255m--- Program Headers (13 entries) ---[0m
Header [00]	R  	PT_PHDR        
Header [01]	R  	PT_INTERP      
Header [02]	R  	PT_LOAD        
Header [03]	R X	PT_LOAD        
Header [04]	R  	PT_LOAD        
Header [05]	RW 	PT_LOAD        
Header [06]	RW 	PT_DYNAMIC     
Header [07]	R  	PT_NOTE        
Header [08]	R  	PT_NOTE        
Header [09]	R  	UNKNOWN        
Header [10]	R  	PT_GNU_EH_FRAME
Header [11]	RW 	PT_GNU_STACK   
Header [12]	R  	PT_GNU_RELRO   

[48;2;204;204;255m--- Printing executable text segment of size 77969 at offset 16384 ---[0m

[48;2;204;204;255m--- Code cave of 3951 bytes was found at offset 94353 ---[0m
Total header lenght is 81920, which is well formed

00004000: f30f 1efa 4883 ec08 488b 05b1 df01 0048 	....H...H......H
00004010: 85c0 7402 ffd0 4883 c408 c300 0000 0000 	..t...H.........
00004020: ff35 3adc 0100 f2ff 253b dc01 000f 1f00 	.5:.....%;......
00004030: f30f 1efa 6800 0000 00f2 e9e1 ffff ff90 	....h...........
00004040: f30f 1efa 6801 0000 00f2 e9d1 ffff ff90 	....h...........
00004050: f30f 1efa 6802 0000 00f2 e9c1 ffff ff90 	....h...........
00004060: f30f 1efa 6803 0000 00f2 e9b1 ffff ff90 	....h...........
00004070: f30f 1efa 6804 0000 00f2 e9a1 ffff ff90 	....h...........
00004080: f30f 1efa 6805 0000 00f2 e991 ffff ff90 	....h...........
00004090: f30f 1efa 6806 0000 00f2 e981 ffff ff90 	....h...........
000040A0: f30f 1efa 6807 0000 00f2 e971 ffff ff90 	....h......q....
000040B0: f30f 1efa 6808 0000 00f2 e961 ffff ff90 	....h......a....
000040C0: f30f 1efa 6809 0000 00f2 e951 ffff ff90 	....h......Q....
000040D0: f30f 1efa 680a 0000 00f2 e941 ffff ff90 	....h......A....
000040E0: f30f 1efa 680b 0000 00f2 e931 ffff ff90 	....h......1....
000040F0: f30f 1efa 680c 0000 00f2 e921 ffff ff90 	....h......!....
00004100: f30f 1efa 680d 0000 00f2 e911 ffff ff90 	....h...........
00004110: f30f 1efa 680e 0000 00f2 e901 ffff ff90 	....h...........
00004120: f30f 1efa 680f 0000 00f2 e9f1 feff ff90 	....h...........
00004130: f30f 1efa 6810 0000 00f2 e9e1 feff ff90 	....h...........
00004140: f30f 1efa 6811 0000 00f2 e9d1 feff ff90 	....h...........
00004150: f30f 1efa 6812 0000 00f2 e9c1 feff ff90 	....h...........
00004160: f30f 1efa 6813 0000 00f2 e9b1 feff ff90 	....h...........
00004170: f30f 1efa 6814 0000 00f2 e9a1 feff ff90 	....h...........
00004180: f30f 1efa 6815 0000 00f2 e991 feff ff90 	....h...........
00004190: f30f 1efa 6816 0000 00f2 e981 feff ff90 	....h...........
000041A0: f30f 1efa 6817 0000 00f2 e971 feff ff90 	....h......q....
000041B0: f30f 1efa 6818 0000 00f2 e961 feff ff90 	....h......a....
000041C0: f30f 1efa 6819 0000 00f2 e951 feff ff90 	....h......Q....
000041D0: f30f 1efa 681a 0000 00f2 e941 feff ff90 	....h......A....
000041E0: f30f 1efa 681b 0000 00f2 e931 feff ff90 	....h......1....
000041F0: f30f 1efa 681c 0000 00f2 e921 feff ff90 	....h......!....
00004200: f30f 1efa 681d 0000 00f2 e911 feff ff90 	....h...........
00004210: f30f 1efa 681e 0000 00f2 e901 feff ff90 	....h...........
00004220: f30f 1efa 681f 0000 00f2 e9f1 fdff ff90 	....h...........
00004230: f30f 1efa 6820 0000 00f2 e9e1 fdff ff90 	....h ..........
00004240: f30f 1efa 6821 0000 00f2 e9d1 fdff ff90 	....h!..........
00004250: f30f 1efa 6822 0000 00f2 e9c1 fdff ff90 	....h"..........
00004260: f30f 1efa 6823 0000 00f2 e9b1 fdff ff90 	....h#..........
00004270: f30f 1efa 6824 0000 00f2 e9a1 fdff ff90 	....h$..........
00004280: f30f 1efa 6825 0000 00f2 e991 fdff ff90 	....h%..........
00004290: f30f 1efa 6826 0000 00f2 e981 fdff ff90 	....h&..........
000042A0: f30f 1efa 6827 0000 00f2 e971 fdff ff90 	....h'.....q....
000042B0: f30f 1efa 6828 0000 00f2 e961 fdff ff90 	....h(.....a....
000042C0: f30f 1efa 6829 0000 00f2 e951 fdff ff90 	....h).....Q....
000042D0: f30f 1efa 682a 0000 00f2 e941 fdff ff90 	....h*.....A....
000042E0: f30f 1efa 682b 0000 00f2 e931 fdff ff90 	....h+.....1....
000042F0: f30f 1efa 682c 0000 00f2 e921 fdff ff90 	....h,.....!....
00004300: f30f 1efa 682d 0000 00f2 e911 fdff ff90 	....h-..........
00004310: f30f 1efa 682e 0000 00f2 e901 fdff ff90 	....h...........
00004320: f30f 1efa 682f 0000 00f2 e9f1 fcff ff90 	....h/..........
00004330: f30f 1efa 6830 0000 00f2 e9e1 fcff ff90 	....h0..........
00004340: f30f 1efa 6831 0000 00f2 e9d1 fcff ff90 	....h1..........
00004350: f30f 1efa 6832 0000 00f2 e9c1 fcff ff90 	....h2..........
00004360: f30f 1efa 6833 0000 00f2 e9b1 fcff ff90 	....h3..........
00004370: f30f 1efa 6834 0000 00f2 e9a1 fcff ff90 	....h4..........
00004380: f30f 1efa 6835 0000 00f2 e991 fcff ff90 	....h5..........
00004390: f30f 1efa 6836 0000 00f2 e981 fcff ff90 	....h6..........
000043A0: f30f 1efa 6837 0000 00f2 e971 fcff ff90 	....h7.....q....
000043B0: f30f 1efa 6838 0000 00f2 e961 fcff ff90 	....h8.....a....
000043C0: f30f 1efa 6839 0000 00f2 e951 fcff ff90 	....h9.....Q....
000043D0: f30f 1efa 683a 0000 00f2 e941 fcff ff90 	....h:.....A....
000043E0: f30f 1efa 683b 0000 00f2 e931 fcff ff90 	....h;.....1....
000043F0: f30f 1efa 683c 0000 00f2 e921 fcff ff90 	....h<.....!....
00004400: f30f 1efa 683d 0000 00f2 e911 fcff ff90 	....h=..........
00004410: f30f 1efa 683e 0000 00f2 e901 fcff ff90 	....h>..........
00004420: f30f 1efa 683f 0000 00f2 e9f1 fbff ff90 	....h?..........
00004430: f30f 1efa 6840 0000 00f2 e9e1 fbff ff90 	....h@..........
00004440: f30f 1efa 6841 0000 00f2 e9d1 fbff ff90 	....hA..........
00004450: f30f 1efa 6842 0000 00f2 e9c1 fbff ff90 	....hB..........
00004460: f30f 1efa 6843 0000 00f2 e9b1 fbff ff90 	....hC..........
00004470: f30f 1efa 6844 0000 00f2 e9a1 fbff ff90 	....hD..........
00004480: f30f 1efa 6845 0000 00f2 e991 fbff ff90 	....hE..........
00004490: f30f 1efa 6846 0000 00f2 e981 fbff ff90 	....hF..........
000044A0: f30f 1efa 6847 0000 00f2 e971 fbff ff90 	....hG.....q....
000044B0: f30f 1efa 6848 0000 00f2 e961 fbff ff90 	....hH.....a....
000044C0: f30f 1efa 6849 0000 00f2 e951 fbff ff90 	....hI.....Q....
000044D0: f30f 1efa 684a 0000 00f2 e941 fbff ff90 	....hJ.....A....
000044E0: f30f 1efa 684b 0000 00f2 e931 fbff ff90 	....hK.....1....
000044F0: f30f 1efa 684c 0000 00f2 e921 fbff ff90 	....hL.....!....
00004500: f30f 1efa 684d 0000 00f2 e911 fbff ff90 	....hM..........
00004510: f30f 1efa 684e 0000 00f2 e901 fbff ff90 	....hN..........
00004520: f30f 1efa 684f 0000 00f2 e9f1 faff ff90 	....hO..........
00004530: f30f 1efa 6850 0000 00f2 e9e1 faff ff90 	....hP..........
00004540: f30f 1efa 6851 0000 00f2 e9d1 faff ff90 	....hQ..........
00004550: f30f 1efa 6852 0000 00f2 e9c1 faff ff90 	....hR..........
00004560: f30f 1efa 6853 0000 00f2 e9b1 faff ff90 	....hS..........
00004570: f30f 1efa 6854 0000 00f2 e9a1 faff ff90 	....hT..........
00004580: f30f 1efa 6855 0000 00f2 e991 faff ff90 	....hU..........
00004590: f30f 1efa 6856 0000 00f2 e981 faff ff90 	....hV..........
000045A0: f30f 1efa 6857 0000 00f2 e971 faff ff90 	....hW.....q....
000045B0: f30f 1efa 6858 0000 00f2 e961 faff ff90 	....hX.....a....
000045C0: f30f 1efa 6859 0000 00f2 e951 faff ff90 	....hY.....Q....
000045D0: f30f 1efa 685a 0000 00f2 e941 faff ff90 	....hZ.....A....
000045E0: f30f 1efa 685b 0000 00f2 e931 faff ff90 	....h[.....1....
000045F0: f30f 1efa 685c 0000 00f2 e921 faff ff90 	....h\.....!....
00004600: f30f 1efa 685d 0000 00f2 e911 faff ff90 	....h]..........
00004610: f30f 1efa 685e 0000 00f2 e901 faff ff90 	....h^..........
00004620: f30f 1efa 685f 0000 00f2 e9f1 f9ff ff90 	....h_..........
00004630: f30f 1efa 6860 0000 00f2 e9e1 f9ff ff90 	....h`..........
00004640: f30f 1efa 6861 0000 00f2 e9d1 f9ff ff90 	....ha..........
00004650: f30f 1efa 6862 0000 00f2 e9c1 f9ff ff90 	....hb..........
00004660: f30f 1efa 6863 0000 00f2 e9b1 f9ff ff90 	....hc..........
00004670: f30f 1efa f2ff 2515 d901 000f 1f44 0000 	......%......D..
00004680: f30f 1efa f2ff 2545 d901 000f 1f44 0000 	......%E.....D..
00004690: f30f 1efa f2ff 254d d901 000f 1f44 0000 	......%M.....D..
000046A0: f30f 1efa f2ff 25c5 d501 000f 1f44 0000 	......%......D..
000046B0: f30f 1efa f2ff 25bd d501 000f 1f44 0000 	......%......D..
000046C0: f30f 1efa f2ff 25b5 d501 000f 1f44 0000 	......%......D..
000046D0: f30f 1efa f2ff 25ad d501 000f 1f44 0000 	......%......D..
000046E0: f30f 1efa f2ff 25a5 d501 000f 1f44 0000 	......%......D..
000046F0: f30f 1efa f2ff 259d d501 000f 1f44 0000 	......%......D..
00004700: f30f 1efa f2ff 2595 d501 000f 1f44 0000 	......%......D..
00004710: f30f 1efa f2ff 258d d501 000f 1f44 0000 	......%......D..
00004720: f30f 1efa f2ff 2585 d501 000f 1f44 0000 	......%......D..
00004730: f30f 1efa f2ff 257d d501 000f 1f44 0000 	......%}.....D..
00004740: f30f 1efa f2ff 2575 d501 000f 1f44 0000 	......%u.....D..
00004750: f30f 1efa f2ff 256d d501 000f 1f44 0000 	......%m.....D..
00004760: f30f 1efa f2ff 2565 d501 000f 1f44 0000 	......%e.....D..
00004770: f30f 1efa f2ff 255d d501 000f 1f44 0000 	......%].....D..
00004780: f30f 1efa f2ff 2555 d501 000f 1f44 0000 	......%U.....D..
00004790: f30f 1efa f2ff 254d d501 000f 1f44 0000 	......%M.....D..
000047A0: f30f 1efa f2ff 2545 d501 000f 1f44 0000 	......%E.....D..
000047B0: f30f 1efa f2ff 253d d501 000f 1f44 0000 	......%=.....D..
000047C0: f30f 1efa f2ff 2535 d501 000f 1f44 0000 	......%5.....D..
000047D0: f30f 1efa f2ff 252d d501 000f 1f44 0000 	......%-.....D..
000047E0: f30f 1efa f2ff 2525 d501 000f 1f44 0000 	......%%.....D..
000047F0: f30f 1efa f2ff 251d d501 000f 1f44 0000 	......%......D..
00004800: f30f 1efa f2ff 2515 d501 000f 1f44 0000 	......%......D..
00004810: f30f 1efa f2ff 250d d501 000f 1f44 0000 	......%......D..
00004820: f30f 1efa f2ff 2505 d501 000f 1f44 0000 	......%......D..
00004830: f30f 1efa f2ff 25fd d401 000f 1f44 0000 	......%......D..
00004840: f30f 1efa f2ff 25f5 d401 000f 1f44 0000 	......%......D..
00004850: f30f 1efa f2ff 25ed d401 000f 1f44 0000 	......%......D..
00004860: f30f 1efa f2ff 25e5 d401 000f 1f44 0000 	......%......D..
00004870: f30f 1efa f2ff 25dd d401 000f 1f44 0000 	......%......D..
00004880: f30f 1efa f2ff 25d5 d401 000f 1f44 0000 	......%......D..
00004890: f30f 1efa f2ff 25cd d401 000f 1f44 0000 	......%......D..
000048A0: f30f 1efa f2ff 25c5 d401 000f 1f44 0000 	......%......D..
000048B0: f30f 1efa f2ff 25bd d401 000f 1f44 0000 	......%......D..
000048C0: f30f 1efa f2ff 25b5 d401 000f 1f44 0000 	......%......D..
000048D0: f30f 1efa f2ff 25ad d401 000f 1f44 0000 	......%......D..
000048E0: f30f 1efa f2ff 25a5 d401 000f 1f44 0000 	......%......D..
000048F0: f30f 1efa f2ff 259d d401 000f 1f44 0000 	......%......D..
00004900: f30f 1efa f2ff 2595 d401 000f 1f44 0000 	......%......D..
00004910: f30f 1efa f2ff 258d d401 000f 1f44 0000 	......%......D..
00004920: f30f 1efa f2ff 2585 d401 000f 1f44 0000 	......%......D..
00004930: f30f 1efa f2ff 257d d401 000f 1f44 0000 	......%}.....D..
00004940: f30f 1efa f2ff 2575 d401 000f 1f44 0000 	......%u.....D..
00004950: f30f 1efa f2ff 256d d401 000f 1f44 0000 	......%m.....D..
00004960: f30f 1efa f2ff 2565 d401 000f 1f44 0000 	......%e.....D..
00004970: f30f 1efa f2ff 255d d401 000f 1f44 0000 	......%].....D..
00004980: f30f 1efa f2ff 2555 d401 000f 1f44 0000 	......%U.....D..
00004990: f30f 1efa f2ff 254d d401 000f 1f44 0000 	......%M.....D..
000049A0: f30f 1efa f2ff 2545 d401 000f 1f44 0000 	......%E.....D..
000049B0: f30f 1efa f2ff 253d d401 000f 1f44 0000 	......%=.....D..
000049C0: f30f 1efa f2ff 2535 d401 000f 1f44 0000 	......%5.....D..
000049D0: f30f 1efa f2ff 252d d401 000f 1f44 0000 	......%-.....D..
000049E0: f30f 1efa f2ff 2525 d401 000f 1f44 0000 	......%%.....D..
000049F0: f30f 1efa f2ff 251d d401 000f 1f44 0000 	......%......D..
00004A00: f30f 1efa f2ff 2515 d401 000f 1f44 0000 	......%......D..
00004A10: f30f 1efa f2ff 250d d401 000f 1f44 0000 	......%......D..
00004A20: f30f 1efa f2ff 2505 d401 000f 1f44 0000 	......%......D..
00004A30: f30f 1efa f2ff 25fd d301 000f 1f44 0000 	......%......D..
00004A40: f30f 1efa f2ff 25f5 d301 000f 1f44 0000 	......%......D..
00004A50: f30f 1efa f2ff 25ed d301 000f 1f44 0000 	......%......D..
00004A60: f30f 1efa f2ff 25e5 d301 000f 1f44 0000 	......%......D..
00004A70: f30f 1efa f2ff 25dd d301 000f 1f44 0000 	......%......D..
00004A80: f30f 1efa f2ff 25d5 d301 000f 1f44 0000 	......%......D..
00004A90: f30f 1efa f2ff 25cd d301 000f 1f44 0000 	......%......D..
00004AA0: f30f 1efa f2ff 25c5 d301 000f 1f44 0000 	......%......D..
00004AB0: f30f 1efa f2ff 25bd d301 000f 1f44 0000 	......%......D..
00004AC0: f30f 1efa f2ff 25b5 d301 000f 1f44 0000 	......%......D..
00004AD0: f30f 1efa f2ff 25ad d301 000f 1f44 0000 	......%......D..
00004AE0: f30f 1efa f2ff 25a5 d301 000f 1f44 0000 	......%......D..
00004AF0: f30f 1efa f2ff 259d d301 000f 1f44 0000 	......%......D..
00004B00: f30f 1efa f2ff 2595 d301 000f 1f44 0000 	......%......D..
00004B10: f30f 1efa f2ff 258d d301 000f 1f44 0000 	......%......D..
00004B20: f30f 1efa f2ff 2585 d301 000f 1f44 0000 	......%......D..
00004B30: f30f 1efa f2ff 257d d301 000f 1f44 0000 	......%}.....D..
00004B40: f30f 1efa f2ff 2575 d301 000f 1f44 0000 	......%u.....D..
00004B50: f30f 1efa f2ff 256d d301 000f 1f44 0000 	......%m.....D..
00004B60: f30f 1efa f2ff 2565 d301 000f 1f44 0000 	......%e.....D..
00004B70: f30f 1efa f2ff 255d d301 000f 1f44 0000 	......%].....D..
00004B80: f30f 1efa f2ff 2555 d301 000f 1f44 0000 	......%U.....D..
00004B90: f30f 1efa f2ff 254d d301 000f 1f44 0000 	......%M.....D..
00004BA0: f30f 1efa f2ff 2545 d301 000f 1f44 0000 	......%E.....D..
00004BB0: f30f 1efa f2ff 253d d301 000f 1f44 0000 	......%=.....D..
00004BC0: f30f 1efa f2ff 2535 d301 000f 1f44 0000 	......%5.....D..
00004BD0: f30f 1efa f2ff 252d d301 000f 1f44 0000 	......%-.....D..
00004BE0: f30f 1efa f2ff 2525 d301 000f 1f44 0000 	......%%.....D..
00004BF0: f30f 1efa f2ff 251d d301 000f 1f44 0000 	......%......D..
00004C00: f30f 1efa f2ff 2515 d301 000f 1f44 0000 	......%......D..
00004C10: f30f 1efa f2ff 250d d301 000f 1f44 0000 	......%......D..
00004C20: f30f 1efa f2ff 2505 d301 000f 1f44 0000 	......%......D..
00004C30: f30f 1efa f2ff 25fd d201 000f 1f44 0000 	......%......D..
00004C40: f30f 1efa f2ff 25f5 d201 000f 1f44 0000 	......%......D..
00004C50: f30f 1efa f2ff 25ed d201 000f 1f44 0000 	......%......D..
00004C60: f30f 1efa f2ff 25e5 d201 000f 1f44 0000 	......%......D..
00004C70: f30f 1efa f2ff 25dd d201 000f 1f44 0000 	......%......D..
00004C80: f30f 1efa f2ff 25d5 d201 000f 1f44 0000 	......%......D..
00004C90: f30f 1efa f2ff 25cd d201 000f 1f44 0000 	......%......D..
00004CA0: f30f 1efa f2ff 25c5 d201 000f 1f44 0000 	......%......D..
00004CB0: f30f 1efa f2ff 25bd d201 000f 1f44 0000 	......%......D..
00004CC0: f30f 1efa f2ff 25b5 d201 000f 1f44 0000 	......%......D..
00004CD0: f30f 1efa f2ff 25ad d201 000f 1f44 0000 	......%......D..
00004CE0: 50e8 0afa ffff e805 faff ffe8 00fa ffff 	P...............
00004CF0: e8fb f9ff ffe8 f6f9 ffff e8f1 f9ff ffe8 	................
00004D00: ecf9 ffff e8e7 f9ff ffe8 e2f9 ffff 6690 	..............f.
00004D10: f30f 1efa 4157 4156 4155 4154 5553 4883 	....AWAVAUATUSH.
00004D20: ec78 488b 2e64 488b 0425 2800 0000 4889 	.xH..dH..%(...H.
00004D30: 4424 6831 c048 85ed 0f84 a61c 0000 4189 	D$h1.H........A.
00004D40: fe48 89f3 4889 efbe 2f00 0000 e8af fbff 	.H..H.../.......
00004D50: ff49 89c4 4885 c074 4f4c 8d68 014c 89e8 	.I..H..tOL.h.L..
00004D60: 4829 e848 83f8 067e 3f49 8d7c 24fa ba07 	H).H...~?I.|$...
00004D70: 0000 0048 8d35 f34e 0100 e891 f9ff ff85 	...H.5.N........
00004D80: c075 25ba 0300 0000 488d 35e6 4e01 004c 	.u%.....H.5.N..L
00004D90: 89ef 4c89 ede8 76f9 ffff 85c0 0f84 d611 	..L...v.........
00004DA0: 0000 660f 1f44 0000 488b 0519 d201 0048 	..f..D..H......H
00004DB0: 892d a2d6 0100 bf06 0000 0048 8d35 fb4d 	.-.........H.5.M
00004DC0: 0100 4889 2848 8d2d da4b 0100 e84f fdff 	..H.(H.-.K...O..
00004DD0: ff48 8d35 a14e 0100 4889 efe8 60fa ffff 	.H.5.N..H...`...
00004DE0: 4889 efe8 18fa ffff 488d 3d91 6c00 00c7 	H.......H.=.l...
00004DF0: 0587 d201 0002 0000 00e8 7222 0100 bf01 	..........r"....
00004E00: 0000 0048 b800 0000 0000 0000 80c7 0555 	...H...........U
00004E10: d901 0000 0000 00c6 054a d901 0001 48c7 	.........J....H.
00004E20: 0537 d901 0000 0000 0048 8905 20d9 0100 	.7.......H.. ...
00004E30: 48c7 051d d901 00ff ffff ffc6 057a d401 	H............z..
00004E40: 0000 e829 f9ff ff85 c00f 8509 1700 00c7 	...)............
00004E50: 05b3 d401 0001 0000 0031 c048 8d3d 294e 	.........1.H.=)N
00004E60: 0100 8805 54d4 0100 c705 aee5 0100 0000 	....T...........
00004E70: 0000 c705 a8e5 0100 0000 0000 c605 1ad6 	................
00004E80: 0100 00c6 0512 d601 0000 c605 7fd4 0100 	................
00004E90: 00c7 0569 d401 0000 0000 00c6 056f d401 	...i.........o..
00004EA0: 0000 c705 98d8 0100 0100 0000 c605 8dd8 	................
00004EB0: 0100 00c6 0587 d801 0000 c705 d4d5 0100 	................
00004EC0: 0000 0000 48c7 05c1 d501 0000 0000 0048 	....H..........H
00004ED0: c705 aed5 0100 0000 0000 c605 1fd4 0100 	................
00004EE0: 00e8 caf7 ffff 4889 c548 85c0 742d 4c8d 	......H..H..t-L.
00004EF0: 250b 3801 0048 8d35 04cb 0100 4889 c74c 	%.8..H.5....H..L
00004F00: 89e2 e8d9 de00 0085 c00f 8896 0500 0048 	...............H
00004F10: 9841 8b04 8489 05a5 d301 0048 8d3d 774d 	.A.........H.=wM
00004F20: 0100 48c7 0553 d501 0050 0000 00e8 7ef7 	..H..S...P....~.
00004F30: ffff 4889 c548 85c0 7409 8038 000f 8596 	..H..H..t..8....
00004F40: 0500 0048 8d44 2450 be13 5400 00bf 0100 	...H.D$P..T.....
00004F50: 0000 4889 4424 1848 89c2 31c0 e8ff f9ff 	..H.D$.H..1.....
00004F60: ff83 f8ff 740e 0fb7 4424 5266 85c0 0f85 	....t...D$Rf....
00004F70: 2505 0000 488d 3d26 4d01 00e8 30f7 ffff 	%...H.=&M...0...
00004F80: 48c7 05ed d401 0008 0000 0048 89c5 4885 	H..........H..H.
00004F90: c074 2a48 8b54 2418 31f6 488d 0d1c 4c01 	.t*H.T$.1.H...L.
00004FA0: 0048 89c7 e8a7 fa00 0085 c00f 8559 0e00 	.H...........Y..
00004FB0: 0048 8b44 2450 4889 05bb d401 00c6 4424 	.H.D$PH.......D$
00004FC0: 2700 488d 6c24 484c 8d25 d2c3 0100 c644 	'.H.l$HL.%.....D
00004FD0: 2408 004c 8d2d a673 0100 4c8d 3d9f 3101 	$..L.-.s..L.=.1.
00004FE0: 0048 c744 2410 0000 0000 660f 1f44 0000 	.H.D$.....f..D..
00004FF0: 4989 e84c 89e1 4c89 ea48 89de 4489 f7c7 	I..L..L..H..D...
00005000: 4424 48ff ffff ffe8 84f8 ffff 83f8 ff74 	D$H............t
00005010: 2d05 8300 0000 3d13 0100 000f 8718 1700 	-.....=.........
00005020: 0049 6304 874c 01f8 3eff e0c6 056a d401 	.Ic..L..>....j..
00005030: 0001 c705 d0d2 0100 0000 0000 ebb2 4883 	..............H.
00005040: 3d6a d201 0000 0f84 f20d 0000 488b 352d 	=j..........H.5-
00005050: d401 0031 d2b9 0300 0000 448b 255f d201 	...1......D.%_..
00005060: 0048 89f0 48f7 f148 83fa 0148 83d8 ff48 	.H..H..H...H...H
00005070: 8905 f2d3 0100 8b05 90d2 0100 83f8 040f 	................
00005080: 8498 0400 0083 f801 0f84 8f04 0000 85c0 	................
00005090: 7409 4885 f60f 8482 0400 0041 83fc 060f 	t.H........A....
000050A0: 8778 0400 00b8 4a00 0000 4489 e148 d3e8 	.x....J...D..H..
000050B0: a801 0f85 1614 0000 c605 eed1 0100 00e8 	................
000050C0: 0c8d 0000 4889 05f5 d401 008b 1533 d201 	....H........3..
000050D0: 0083 fa01 7658 8d4a fe48 8d35 7c4c 0100 	....vX.J.H.5|L..
000050E0: 488d 1431 0fb6 0c0e 84c9 7442 4885 c048 	H..1......tBH..H
000050F0: 8d3d cad1 0100 480f 45f8 4883 c708 6690 	.=....H.E.H...f.
00005100: 89c8 83e1 1f48 83c2 01c0 e805 0fb6 c048 	.....H.........H
00005110: 8d34 8744 8b06 4489 c0d3 e8f7 d083 e001 	.4.D..D.........
00005120: d3e0 0fb6 0a44 31c0 8906 84c9 75d2 e89d 	.....D1.....u...
00005130: 8c00 0048 8905 26d3 0100 4885 c00f 8426 	...H..&...H....&
00005140: 1300 008b 480c 89ca f7d2 81e2 0000 0004 	....H...........
00005150: 31ca 803d 5fd5 0100 0089 500c 8b15 aad1 	1..=_.....P.....
00005160: 0100 740f 85d2 0f84 d40a 0000 c605 45d5 	..t...........E.
00005170: 0100 008b 05a7 e201 0083 e801 83f8 0277 	...............w
00005180: 0b80 7c24 0800 0f84 000e 0000 85d2 0f84 	..|$............
00005190: b90a 0000 488b 0515 ce01 0080 3d66 d101 	....H.......=f..
000051A0: 0000 8b00 8944 2408 0f85 7710 0000 803d 	.....D$...w....=
000051B0: 95d5 0100 0074 07c6 058b d501 0001 833d 	.....t.........=
000051C0: 7fd5 0100 010f 8404 0e00 0080 3d6e d501 	............=n..
000051D0: 0000 744f 4c8d 0525 1a00 0048 8d0d be19 	..tOL..%...H....
000051E0: 0000 31f6 bf1e 0000 0048 8d15 a019 0000 	..1......H......
000051F0: e8fb d100 0048 8905 3cd5 0100 4885 c00f 	.....H..<...H...
00005200: 84c4 0f00 004c 8b05 84cd 0100 488b 0dbd 	.....L......H...
00005210: cd01 0031 d231 f648 8d3d c2d4 0100 e8fd 	...1.1.H.=......
00005220: a900 0048 8d3d 9449 0100 e881 f4ff ff48 	...H.=.I.......H
00005230: 89c7 e849 6600 0048 8905 82d4 0100 8b05 	...If..H........
00005240: e0e1 0100 83e8 0283 e0fd 740d 833d b9d0 	..........t..=..
00005250: 0100 000f 85c6 0c00 00c6 055a d401 0001 	...........Z....
00005260: 31c0 8805 51d4 0100 8025 4ad4 0100 0180 	1...Q....%J.....
00005270: 3d42 d401 0000 0f85 6a0f 0000 803d 65d3 	=B......j....=e.
00005280: 0100 000f 85e1 0d00 00bf 204e 0000 4589 	.......... N..E.
00005290: f548 c705 3cd3 0100 6400 0000 e80f 8b00 	.H..<...d.......
000052A0: 0048 c705 1cd3 0100 0000 0000 4889 051d 	.H..........H...
000052B0: d301 00e8 684f 0000 442b 6c24 0845 85ed 	....hO..D+l$.E..
000052C0: 0f8e ee0a 0000 4c63 6424 080f 1f44 0000 	......Lcd$...D..
000052D0: 4a8b 3ce3 488d 0de2 4801 00ba 0100 0000 	J.<.H...H.......
000052E0: 31f6 4983 c401 e8c5 9700 0045 39e6 7fe0 	1.I........E9...
000052F0: 4883 3dd0 d201 0000 0f85 020d 0000 488b 	H.=...........H.
00005300: 055b d401 0041 83ed 0149 89c4 0f8e d70a 	.[...A...I......
00005310: 0000 4989 c448 85c0 0f84 1301 0000 49bd 	..I..H........I.
00005320: 0000 0000 0000 0080 4c8b 7424 18eb 4390 	........L.t$..C.
00005330: 410f b654 2410 498b 7424 08e8 20c9 0000 	A..T$.I.t$.. ...
00005340: 498b 3c24 e827 f3ff ff49 8b7c 2408 e81d 	I.<$.'...I.|$...
00005350: f3ff ff4c 89e7 e815 f3ff ff4c 8b25 fed3 	...L.......L.%..
00005360: 0100 c605 ffd3 0100 014d 85e4 0f84 bf00 	.........M......
00005370: 0000 498b 4424 1848 8b1d bad3 0100 498b 	..I.D$.H......I.
00005380: 3c24 4889 05d7 d301 0048 85db 74a2 4885 	<$H......H..t.H.
00005390: ff75 9d48 8b05 5ed3 0100 4889 c248 2b15 	.u.H..^...H..H+.
000053A0: 4cd3 0100 4883 fa0f 0f86 1716 0000 488d 	L...H.........H.
000053B0: 50f0 b901 0000 004c 89f6 4889 df48 8915 	P......L..H..H..
000053C0: 34d3 0100 488b 50f0 488b 40f8 4889 5424 	4...H.P.H.@.H.T$
000053D0: 5048 89ea 4889 4424 58e8 4220 0000 4989 	PH..H.D$X.B ..I.
000053E0: c748 85c0 0f84 8c11 0000 488b 4424 4848 	.H........H.D$HH
000053F0: 836b 2001 4883 3800 0f84 f708 0000 4c89 	.k .H.8.......L.
00005400: ffe8 6af2 ffff 498b 3c24 e861 f2ff ff49 	..j...I.<$.a...I
00005410: 8b7c 2408 e857 f2ff ff4c 89e7 e84f f2ff 	.|$..W...L...O..
00005420: ff4c 8b25 38d3 0100 4d85 e40f 8541 ffff 	.L.%8...M....A..
00005430: ff80 3dd0 ce01 0000 740d 803d bfd3 0100 	..=.....t..=....
00005440: 000f 8556 0a00 0080 3d6a d201 0000 0f85 	...V....=j......
00005450: ba0f 0000 488b 3ddd d201 0048 85ff 7410 	....H.=....H..t.
00005460: 4883 7f20 000f 853b 1500 00e8 4075 0000 	H.. ...;....@u..
00005470: 8b05 f6d2 0100 488b 5424 6864 482b 1425 	......H.T$hdH+.%
00005480: 2800 0000 0f85 eb15 0000 4883 c478 5b5d 	(.........H..x[]
00005490: 415c 415d 415e 415f c348 8905 e0cf 0100 	A\A]A^A_.H......
000054A0: e9cf faff ff48 89ef e8a3 4600 0031 ffba 	.....H....F..1..
000054B0: 0500 0000 488d 35fd 6d01 0049 89c4 e88d 	....H.5.m..I....
000054C0: f3ff ff4c 89e1 31f6 31ff 4889 c231 c0e8 	...L..1.1.H..1..
000054D0: bcf6 ffff e942 faff ff48 89c7 e80f 4400 	.....B...H....D.
000054E0: 0084 c00f 855a faff ff48 89ef e85f 4600 	.....Z...H..._F.
000054F0: 0031 ffba 0500 0000 488d 3501 6e01 0049 	.1......H.5.n..I
00005500: 89c4 e849 f3ff ff4c 89e1 31f6 31ff 4889 	...I...L..1.1.H.
00005510: c231 c0e8 78f6 ffff e926 faff ffc6 0589 	.1..x....&......
00005520: cd01 0000 e8a7 8800 0048 8905 90d0 0100 	.........H......
00005530: 4183 fc07 0f85 91fb ffff 4885 c048 8d0d 	A.........H..H..
00005540: 7ccd 0100 480f 45c8 8b71 0c89 f2f7 d283 	|...H.E..q......
00005550: e201 31f2 8951 0ce9 6ffb ffff 488b 0555 	..1..Q..o...H..U
00005560: ca01 0048 8b00 4889 4424 10e9 80fa ffff 	...H..H.D$......
00005570: 488b 0541 ca01 0048 8d0d 1232 0100 4c8d 	H..A...H...2..L.
00005580: 054b 4c00 0048 8d15 94bd 0100 488d 3d4c 	.KL..H......H.=L
00005590: 4701 0048 8b30 e805 4a00 0048 8d0d ee31 	G..H.0..J..H...1
000055A0: 0100 8b04 8189 0575 de01 00e9 40fa ffff 	.......u....@...
000055B0: 488b 0501 ca01 0048 8d0d f231 0100 4c8d 	H......H...1..L.
000055C0: 050b 4c00 0048 8d15 94bd 0100 488d 3d05 	..L..H......H.=.
000055D0: 4701 0048 8b30 e8c5 4900 0048 8d0d ce31 	G..H.0..I..H...1
000055E0: 0100 c644 2408 018b 0481 8905 34de 0100 	...D$.......4...
000055F0: e9fb f9ff ffc7 05b9 cc01 0090 0000 00c7 	................
00005600: 0567 ce01 0090 0000 0048 c705 9ccc 0100 	.g.......H......
00005610: 0100 0000 48c7 0559 ca01 0001 0000 00e9 	....H..Y........
00005620: ccf9 ffff c605 91cc 0100 00e9 c0f9 ffff 	................
00005630: 488b 0581 c901 004c 8d05 924b 0000 488d 	H......L...K..H.
00005640: 0dbb 3001 0048 8d15 b4c3 0100 488d 3dc2 	..0..H......H.=.
00005650: 4601 0048 8b30 e845 4900 0048 8d35 9e30 	F..H.0.EI..H.5.0
00005660: 0100 8b04 8689 0555 cc01 00e9 80f9 ffff 	.......U........
00005670: 488b 0541 c901 0048 8d0d b230 0100 4c8d 	H..A...H...0..L.
00005680: 054b 4b00 0048 8d15 b4bb 0100 488d 3d70 	.KK..H......H.=p
00005690: 4601 0048 8b30 e805 4900 0048 8d0d 8e30 	F..H.0..I..H...0
000056A0: 0100 8b04 8189 0559 cc01 00e9 40f9 ffff 	.......Y....@...
000056B0: 488b 0501 c901 0048 8b30 4885 f60f 8466 	H......H.0H....f
000056C0: 0500 0048 8d0d 7630 0100 488d 15af bb01 	...H..v0..H.....
000056D0: 004c 8d05 f84a 0000 488d 3d18 4601 00e8 	.L...J..H.=.F...
000056E0: bc48 0000 488d 0d55 3001 008b 1481 83fa 	.H..H..U0.......
000056F0: 010f 8432 0500 0031 c083 fa02 0f85 2c05 	...2...1......,.
00005700: 0000 bf01 0000 00e8 64f0 ffff 85c0 0f95 	........d.......
00005710: c00f b6c0 e915 0500 00bf 1000 0000 e88d 	................
00005720: 8600 0048 8b15 8ec8 0100 488b 1248 8910 	...H......H..H..
00005730: 488b 1551 cd01 0048 8905 4acd 0100 4889 	H..Q...H..J...H.
00005740: 5008 e9a9 f8ff ffc6 05fc cf01 0001 e99d 	P...............
00005750: f8ff ff48 8d05 0745 0100 c705 a8cb 0100 	...H...E........
00005760: 0000 0000 4889 4424 10e9 82f8 ffff 488b 	....H.D$......H.
00005770: 0543 c801 0048 8d0d f42f 0100 4c8d 054d 	.C...H.../..L..M
00005780: 4a00 0048 8d15 56bb 0100 488d 3d55 4501 	J..H..V...H.=UE.
00005790: 0048 8b30 e807 4800 0048 8d0d d02f 0100 	.H.0..H..H.../..
000057A0: 8b04 8189 0563 cb01 00e9 42f8 ffff c705 	.....c....B.....
000057B0: 4ccb 0100 0200 0000 e933 f8ff ffc7 057d 	L........3.....}
000057C0: cf01 0004 0000 00e9 24f8 ffff 488b 05e5 	........$...H...
000057D0: c701 0048 8b30 4885 f60f 8433 0400 0048 	...H.0H....3...H
000057E0: 8d0d 5a2f 0100 4c8d 05e3 4900 0048 8d15 	..Z/..L...I..H..
000057F0: 8cba 0100 488d 3df4 4401 00e8 a047 0000 	....H.=.D....G..
00005800: 488d 0d39 2f01 008b 0481 83f8 010f 84ff 	H..9/...........
00005810: 0300 0083 f802 0f84 e403 0000 c605 e5ca 	................
00005820: 0100 00e9 c8f7 ffff 488b 0589 c701 0048 	........H......H
00005830: 8b38 e839 4100 0085 c00f 85ca 1100 008b 	.8.9A...........
00005840: 0573 ca01 0089 0525 cc01 0048 8b05 5eca 	.s.....%...H..^.
00005850: 0100 4889 051f c801 00e9 92f7 ffff c605 	..H.............
00005860: c3db 0100 01e9 86f7 ffff c705 98ca 0100 	................
00005870: 0300 0000 e977 f7ff ff48 8b05 38c7 0100 	.....w...H..8...
00005880: 488b 38e8 6840 0000 84c0 0f85 60f7 ffff 	H.8.h@......`...
00005890: 488b 0521 c701 0048 8b38 e8b1 4200 00ba 	H..!...H.8..B...
000058A0: 0500 0000 488d 35fe 4301 0031 ff48 89c3 	....H.5.C..1.H..
000058B0: e89b efff ff49 89d8 31f6 bf02 0000 0048 	.....I..1......H
000058C0: 89c1 488d 15f3 4301 0031 c0e8 c0f2 ffff 	..H...C..1......
000058D0: c705 4adb 0100 0300 0000 c644 2408 01e9 	..J........D$...
000058E0: 0cf7 ffff c705 32db 0100 0200 0000 e9fd 	......2.........
000058F0: f6ff ffc7 0527 db01 0004 0000 00c6 4424 	.....'........D$
00005900: 0801 e9e9 f6ff ffc6 0502 ca01 0001 e9dd 	................
00005910: f6ff ffc6 0583 cb01 0001 e9d1 f6ff ffc6 	................
00005920: 0596 c901 0001 e9c5 f6ff ffc7 05cf c901 	................
00005930: 0001 0000 00e9 b6f6 ffff c705 c8c9 0100 	................
00005940: 0000 0000 c605 39c7 0100 00e9 a0f6 ffff 	......9.........
00005950: c705 b2c9 0100 0400 0000 e991 f6ff ffc6 	................
00005960: 05ab c901 0001 e985 f6ff ffc7 0543 c901 	.............C..
00005970: 00b0 0000 00c7 05f1 ca01 00b0 0000 0048 	...............H
00005980: c705 26c9 0100 0100 0000 48c7 05e3 c601 	..&.......H.....
00005990: 0001 0000 00e9 56f6 ffff c705 68c9 0100 	......V.....h...
000059A0: 0000 0000 c605 dac6 0100 00e9 40f6 ffff 	............@...
000059B0: 833d 55c9 0100 00c7 05d7 ca01 0002 0000 	.=U.............
000059C0: 00c7 0559 da01 00ff ffff ff0f 84a4 0a00 	...Y............
000059D0: 00c6 0538 c901 0000 c605 29c9 0100 00c6 	...8......).....
000059E0: 0502 cc01 0000 c644 2408 01e9 00f6 ffff 	.......D$.......
000059F0: c605 4acd 0100 01e9 f4f5 ffff c705 1ada 	..J.............
00005A00: 0100 0100 0000 e9e5 f5ff ffc7 05ab c801 	................
00005A10: 0007 0000 00e9 d6f5 ffff c705 74ca 0100 	............t...
00005A20: 0200 0000 e9c7 f5ff ffc6 05d0 c801 0001 	................
00005A30: e9bb f5ff ffc7 05e5 d901 0001 0000 00c6 	................
00005A40: 4424 0801 e9a7 f5ff ffc7 05d1 d901 00ff 	D$..............
00005A50: ffff ffc6 4424 0801 e993 f5ff ff31 ffba 	....D$.......1..
00005A60: 0500 0000 488d 355c 4201 00e8 e0ed ffff 	....H.5\B.......
00005A70: 488b 5424 1831 f648 8d0d 3f41 0100 4889 	H.T$.1.H..?A..H.
00005A80: 4424 2848 8b05 2ec5 0100 4c8b 004c 89c7 	D$(H......L..L..
00005A90: 4c89 4424 38e8 b6ef 0000 85c0 8944 2430 	L.D$8........D$0
00005AA0: 0f84 3e02 0000 e855 ecff ff8b 5424 304c 	..>....U....T$0L
00005AB0: 8b44 2438 4889 c183 fa01 0f84 df01 0000 	.D$8H...........
00005AC0: 83fa 030f 85dc 0100 00c7 0000 0000 00e9 	................
00005AD0: d101 0000 c705 46d9 0100 0200 0000 c644 	......F........D
00005AE0: 2408 01e9 08f5 ffff c705 12c8 0100 0300 	$...............
00005AF0: 0000 e9f9 f4ff ffc6 05ba cb01 0001 e9ed 	................
00005B00: f4ff ffc7 05ff c701 0002 0000 00e9 def4 	................
00005B10: ffff 488d 3dab 4101 00e8 1283 0000 488d 	..H.=.A.......H.
00005B20: 3d9e 4101 00e8 0683 0000 e9c1 f4ff ffc7 	=.A.............
00005B30: 055f c901 0001 0000 00e9 b2f4 ffff 833d 	._.............=
00005B40: c7c7 0100 000f 84a5 f4ff ffc7 05b7 c701 	................
00005B50: 0001 0000 00e9 96f4 ffff 5048 8b05 46c4 	..........PH..F.
00005B60: 0100 4c8d 0dbc 4101 004c 8d05 c541 0100 	..L...A..L...A..
00005B70: 6a00 488d 0dd0 4101 0048 8d15 223e 0100 	j.H...A..H..">..
00005B80: 488b 3848 8d35 233e 0100 31c0 e86f 5f00 	H.8H.5#>..1..o_.
00005B90: 0031 ffe8 88f0 ffff c705 a2cb 0100 0500 	.1..............
00005BA0: 0000 e949 f4ff ff48 8b05 0ac4 0100 488b 	...I...H......H.
00005BB0: 38e8 7a82 0000 e935 f4ff ffc7 057f cb01 	8.z....5........
00005BC0: 0003 0000 00e9 26f4 ffff c605 b3c4 0100 	......&.........
00005BD0: 00e9 1af4 ffff c705 e0c6 0100 0500 0000 	................
00005BE0: e90b f4ff ffc7 05d1 c601 0000 0000 00e9 	................
00005BF0: fcf3 ffff c605 45cb 0100 01e9 f0f3 ffff 	......E.........
00005C00: bf01 0000 00e8 66eb ffff 85c0 0f84 0afc 	......f.........
00005C10: ffff c605 efc6 0100 0148 c705 54c8 0100 	.........H..T...
00005C20: 0000 0000 e9c7 f3ff ffb8 0100 0000 8805 	................
00005C30: b4c9 0100 8025 adc9 0100 01e9 b0f3 ffff 	.....%..........
00005C40: 803d a1c9 0100 000f 851f f5ff ff48 837c 	.=...........H.|
00005C50: 2410 000f 84f5 0b00 004c 8b6c 2410 4c8d 	$........L.l$.L.
00005C60: 258b 2a01 00eb 0d66 0f1f 8400 0000 0000 	%.*....f........
00005C70: 4983 c506 ba06 0000 004c 89e6 4c89 efe8 	I........L..L...
00005C80: 8cea ffff 85c0 0f85 5a08 0000 bf02 0000 	........Z.......
00005C90: 00e8 fa68 0000 84c0 75d6 e9f5 f4ff ffc7 	...h....u.......
00005CA0: 004b 0000 004c 89c6 488d 1591 c301 0031 	.K...L..H......1
00005CB0: ff48 894c 2430 e8e5 eb00 0048 8b4c 2430 	.H.L$0.....H.L$0
00005CC0: 4989 c08b 3183 fe16 7502 31f6 488b 4c24 	I...1...u.1.H.L$
00005CD0: 2848 8d15 e43f 0100 bf02 0000 0031 c0e8 	(H...?.......1..
00005CE0: acee ffff 488b 4424 5048 8905 88c7 0100 	....H.D$PH......
00005CF0: e9fb f2ff ff48 8b43 1848 83e8 0148 8943 	.....H.C.H...H.C
00005D00: 180f 88a9 0700 0066 0fef edf3 480f 2ae8 	.......f....H.*.
00005D10: 488b 4310 4885 c00f 8875 0700 0066 0fef 	H.C.H....u...f..
00005D20: e4f3 480f 2ae0 488b 4328 f30f 1000 f30f 	..H.*.H.C(......
00005D30: 59c4 0f2f c50f 86c3 f6ff ff48 89df e81d 	Y../.......H....
00005D40: 6900 0048 8b43 28f3 0f10 00f3 0f59 c40f 	i..H.C(......Y..
00005D50: 2fc5 0f86 a6f6 ffff f30f 5960 0480 7810 	/.........Y`..x.
00005D60: 000f 842d 0a00 000f 2f25 7e67 0100 0f83 	...-..../%~g....
00005D70: 0b0a 0000 f348 0f2c f448 89df e8af 6a00 	.....H.,.H....j.
00005D80: 0084 c00f 8575 f6ff ff48 8b7b 48eb 1348 	.....u...H.{H..H
00005D90: 8b47 0848 8944 2408 e8d3 e8ff ff48 8b7c 	.G.H.D$......H.|
00005DA0: 2408 4885 ff75 e848 c743 4800 0000 00e9 	$.H..u.H.CH.....
00005DB0: 4af6 ffff 803d 86c9 0100 000f 85e2 0100 	J....=..........
00005DC0: 00ba 0100 0000 31f6 488d 3d0c 3d01 00e8 	......1.H.=.=...
00005DD0: ac88 0000 4883 3dec c701 0000 4c8b 257d 	....H.=.....L.%}
00005DE0: c901 000f 8517 0200 004d 85e4 0f84 3ff6 	.........M....?.
00005DF0: ffff 4983 7c24 1800 0f85 20f5 ffff c605 	..I.|$.... .....
00005E00: 63c9 0100 00e9 14f5 ffff 4889 efe8 3e3d 	c.........H...>=
00005E10: 0000 31ff ba05 0000 0048 8d35 2065 0100 	..1......H.5 e..
00005E20: 4989 c4e8 28ea ffff 4c89 e131 f631 ff48 	I...(...L..1.1.H
00005E30: 89c2 31c0 e857 edff ffe9 7ff1 ffff 488d 	..1..W........H.
00005E40: 3d09 3f01 00e8 66e8 ffff 4989 c448 89c7 	=.?...f...I..H..
00005E50: e81b 3b00 004d 85e4 0f84 7e0a 0000 8b05 	..;..M....~.....
00005E60: 54c4 0100 8905 06c6 0100 488b 053f c401 	T.........H..?..
00005E70: 0048 8905 00c2 0100 807c 2427 000f 84c9 	.H.......|$'....
00005E80: f1ff ffc7 052b c401 0000 0000 0048 c705 	.....+.......H..
00005E90: 18c4 0100 0004 0000 e9af f1ff ff48 833d 	.............H.=
00005EA0: 1bc2 0100 0275 1248 8b05 1ac2 0100 6681 	.....u.H......f.
00005EB0: 381b 5b0f 8491 0800 0048 8d3d 00c2 0100 	8.[......H.=....
00005EC0: e87b 6300 0048 8d3d 04c2 0100 e86f 6300 	.{c..H.=.....oc.
00005ED0: 0048 8b05 d0c0 0100 488b 38e8 80ed ffff 	.H......H.8.....
00005EE0: 31ff e8b9 1f00 008b 1d17 c901 0085 db74 	1..............t
00005EF0: 160f 1f80 0000 0000 bf13 0000 00e8 dee7 	................
00005F00: ffff 83eb 0175 f18b 3dfb c801 0085 ff0f 	.....u..=.......
00005F10: 8432 f5ff ffe8 c6e7 ffff e928 f5ff ff80 	.2.........(....
00005F20: 3dda c301 0000 0f85 2df3 ffff 803d ddc3 	=.......-....=..
00005F30: 0100 000f 8520 f3ff ff80 3d00 c801 0000 	..... ....=.....
00005F40: c605 73c7 0100 00b8 0100 0000 0f85 10f3 	..s.............
00005F50: ffff 803d afc3 0100 000f 8503 f3ff ff83 	...=............
00005F60: 3d9e c301 0000 0f85 f6f2 ffff 0fb6 05d7 	=...............
00005F70: c701 00e9 eaf2 ffff 488b 0561 c001 0049 	........H..a...I
00005F80: 8d6c 2404 4889 28e9 1cee ffff 85d2 0f84 	.l$.H.(.........
00005F90: b9fc ffff c705 86d4 0100 0400 0000 e9f1 	................
00005FA0: f1ff ff48 8d0d 133c 0100 ba01 0000 00be 	...H...<........
00005FB0: 0300 0000 488d 3d20 3b01 00e8 f08a 0000 	....H.= ;.......
00005FC0: e90f feff ffc6 4424 2701 e921 f0ff ff80 	......D$'..!....
00005FD0: 3d6b c701 0000 b802 0000 0075 1883 3d20 	=k.........u..= 
00005FE0: c301 0003 740f 833d 1fc3 0100 0119 c083 	....t..=........
00005FF0: e0fe 83c0 0489 0549 c701 00e9 cbf1 ffff 	.......I........
00006000: e85b 7e00 0080 3d35 c701 0000 0f84 8006 	.[~...=5........
00006010: 0000 4883 3dae c501 0000 0f84 def2 ffff 	..H.=...........
00006020: e81b b800 0048 833d 33c7 0100 000f 84fe 	.....H.=3.......
00006030: f3ff ff48 8b05 6ebf 0100 488b 3848 8b47 	...H..n...H.8H.G
00006040: 2848 3947 300f 861a 0900 0048 8d50 0148 	(H9G0......H.P.H
00006050: 8957 28c6 000a 4883 059a c201 0001 488b 	.W(...H.......H.
00006060: 05fb c601 00e9 a8f2 ffff 31c0 488d 354d 	..........1.H.5M
00006070: c401 00eb 420f 1f00 b901 0000 0083 f840 	....B..........@
00006080: 7f26 83ea 3083 fa09 761e 83f8 7e74 4290 	.&..0...v...~tB.
00006090: 83f8 2d74 3c83 f82e 0f94 c183 f85f 0f94 	..-t<........_..
000060A0: c209 d10f 1f44 0000 080c 0648 83c0 0148 	.....D.....H...H
000060B0: 3d00 0100 0074 2e89 c248 83f8 5a76 b98d 	=....t...H..Zv..
000060C0: 509f b901 0000 0083 fa19 76dc 83f8 7e75 	P.........v...~u
000060D0: bfb9 0100 0000 080c 0648 83c0 0148 3d00 	.........H...H=.
000060E0: 0100 0075 d248 895c 2410 41bc 2200 0000 	...u.H.\$.A."...
000060F0: 4531 ff0f 1f44 0000 4d85 ff0f 84bf 0000 	E1...D..M.......
00006100: 0048 b853 5555 5555 5555 5549 39c4 0f87 	.H.SUUUUUUUI9...
00006110: b500 0000 4c89 e048 d1e8 4d8d 6404 014c 	....L..H..M.d..L
00006120: 89ff 4c89 e6e8 d6e9 ffff 4989 c748 85c0 	..L.......I..H..
00006130: 0f84 9300 0000 4b8d 5c27 fec6 0300 e8bd 	......K.\'......
00006140: e5ff ff49 8d74 24ff 4c89 ffc7 0000 0000 	...I.t$.L.......
00006150: 0049 89c5 e8a7 eaff ff85 c075 3380 3b00 	.I.........u3.;.
00006160: 7596 4c89 ff48 8b5c 2410 e801 e7ff ff48 	u.L..H.\$......H
00006170: 8d70 014c 39e6 0f82 4c07 0000 4c89 3d5d 	.p.L9...L...L.=]
00006180: c401 00e9 01f1 ffff 0f1f 8400 0000 0000 	................
00006190: 418b 4500 83f8 2476 374c 89ff 488b 5c24 	A.E...$v7L..H.\$
000061A0: 10e8 cae4 ffff 488d 0510 3a01 0048 8905 	......H...:..H..
000061B0: 2cc4 0100 e9d0 f0ff ff0f 1f80 0000 0000 	,...............
000061C0: 4d85 e40f 8956 ffff ffe8 a27b 0000 6690 	M....V.....{..f.
000061D0: 48bb feef bfff efff ffff 480f a3c3 0f83 	H.........H.....
000061E0: 14ff ffff ebb3 4c8b 25a3 bd01 004c 8b2d 	......L.%....L.-
000061F0: dcbd 0100 31d2 31f6 488d 3d61 c401 004d 	....1.1.H.=a...M
00006200: 89e0 4c89 e9e8 169a 0000 4d89 e04c 89e9 	..L.......M..L..
00006210: 31d2 31f6 488d 3de5 c301 00e8 009a 0000 	1.1.H.=.........
00006220: e957 f0ff ff48 8d3d c03b 0100 e87f e4ff 	.W...H.=.;......
00006230: ff48 8944 2448 4885 c00f 8456 0300 0080 	.H.D$HH....V....
00006240: 3800 0f84 4d03 0000 4889 c766 c744 2465 	8...M...H..f.D$e
00006250: 3f3f c644 2467 00e8 e483 0000 4889 0545 	??.D$g......H..E
00006260: c201 0048 8944 2450 4c8b 6424 4841 0fb6 	...H.D$PL.d$HA..
00006270: 0424 3c2a 0f84 3205 0000 3c3a 0f84 1c05 	.$<*..2...<:....
00006280: 0000 84c0 0f84 1401 0000 8844 2465 410f 	...........D$eA.
00006290: b644 2401 84c0 0f84 b400 0000 8844 2466 	.D$..........D$f
000062A0: 498d 4424 0348 8944 2448 4180 7c24 023d 	I.D$.H.D$HA.|$.=
000062B0: 0f85 9a00 0000 4531 ed48 8d35 aa39 0100 	......E1.H.5.9..
000062C0: 4c8d 6424 65eb 1d66 0f1f 8400 0000 0000 	L.d$e..f........
000062D0: 4983 c501 488d 0545 b601 004a 8b34 e848 	I...H..E...J.4.H
000062E0: 85f6 743d 4c89 e7e8 f4e6 ffff 85c0 75e0 	..t=L.........u.
000062F0: 4963 cd48 8d05 c6bd 0100 31d2 4889 ee48 	Ic.H......1.H..H
00006300: c1e1 0448 8b7c 2418 4801 c148 8b44 2450 	...H.|$.H..H.D$P
00006310: 4889 4108 e8f7 0800 0084 c00f 8547 ffff 	H.A..........G..
00006320: ff4c 89e7 e827 3800 00ba 0500 0000 488d 	.L...'8.......H.
00006330: 35d1 3a01 0031 ff49 89c5 e811 e5ff ff4c 	5.:..1.I.......L
00006340: 89e9 31f6 31ff 4889 c231 c0e8 40e8 ffff 	..1.1.H..1..@...
00006350: ba05 0000 0048 8d35 8c60 0100 31ff e8ed 	.....H.5.`..1...
00006360: e4ff ff31 f631 ff48 89c2 31c0 e81f e8ff 	...1.1.H..1.....
00006370: ff48 8b3d 30c1 0100 e8f3 e2ff ff48 8b3d 	.H.=0........H.=
00006380: 1cc1 0100 eb0c 4c8b 6720 e8e1 e2ff ff4c 	......L.g .....L
00006390: 89e7 4885 ff75 efc6 056a bf01 0000 4883 	..H..u...j....H.
000063A0: 3d8a bd01 0006 0f84 4a05 0000 803d 97c3 	=.......J....=..
000063B0: 0100 000f 85fe edff ff80 3d48 bf01 0000 	..........=H....
000063C0: 0f84 f8ed ffff bf0d 0000 00e8 f05c 0000 	.............\..
000063D0: 84c0 0f85 dfed ffff bf0e 0000 00e8 de5c 	...............\
000063E0: 0000 84c0 0f85 8303 0000 bf0c 0000 00e8 	................
000063F0: cc5c 0000 84c0 0f84 c2ed ffff 833d 09bf 	.\...........=..
00006400: 0100 000f 84ae edff ffe9 b0ed ffff 488d 	..............H.
00006410: 354b c201 0048 8d3d 0f3a 0100 e82f 0e00 	5K...H.=.:.../..
00006420: 0048 8d35 d8c1 0100 488d 3d06 3a01 00e8 	.H.5....H.=.:...
00006430: 1c0e 0000 488b 0585 c101 0048 85c0 0f84 	....H......H....
00006440: 5f02 0000 8b10 488d 05b3 b501 0048 8d35 	_.....H......H.5
00006450: 0460 0100 bf01 0000 0048 8b14 d031 c0e8 	.`.......H...1..
00006460: cce6 ffff e9eb efff ff48 8d05 50be 0100 	.........H..P...
00006470: e9ce ecff ffbf 0100 0000 e8f1 e2ff ff83 	................
00006480: f801 19c0 83c0 0289 057f be01 00e9 3ff5 	..............?.
00006490: ffff 4889 c283 e001 660f efe4 48d1 ea48 	..H.....f...H..H
000064A0: 09c2 f348 0f2a e2f3 0f58 e4e9 76f8 ffff 	...H.*...X..v...
000064B0: 4889 c283 e001 660f efed 48d1 ea48 09c2 	H.....f...H..H..
000064C0: f348 0f2a eaf3 0f58 ede9 42f8 ffff c605 	.H.*...X..B.....
000064D0: d8bd 0100 01e8 f678 0000 4889 05df c001 	.......x..H.....
000064E0: 00e9 e5eb ffff 4180 7d00 2b4c 896c 2410 	......A.}.+L.l$.
000064F0: 0f84 8303 0000 4c8d 2503 ad01 0048 8b7c 	......L.%....H.|
00006500: 2410 488d 15d7 2101 004c 89e6 e8cf c800 	$.H...!..L......
00006510: 0048 85c0 0f88 9501 0000 4883 f802 0f84 	.H........H.....
00006520: 1804 0000 0f8f 1301 0000 4885 c00f 84ef 	..........H.....
00006530: 0300 0048 83e8 0175 1548 8d05 9338 0100 	...H...u.H...8..
00006540: 4889 0501 bd01 0048 8905 f2bc 0100 e8ed 	H......H........
00006550: 1200 00e9 3cec ffff c705 aabd 0100 0200 	....<...........
00006560: 0000 b801 0000 00c7 054f bd01 0003 0000 	.........O......
00006570: 00e9 e5e8 ffff 488d 0d3f 3301 00ba eb06 	......H..?3.....
00006580: 0000 488d 3579 3501 0048 8d3d 9538 0100 	..H.5y5..H.=.8..
00006590: e89b e3ff ff48 8d3d 5a38 0100 e80f e1ff 	.....H.=Z8......
000065A0: ff48 85c0 7409 8038 000f 85fd fdff ff48 	.H..t..8.......H
000065B0: 8d3d 4538 0100 e8f5 e0ff ff48 85c0 0f84 	.=E8.......H....
000065C0: 7e02 0000 8038 000f 8475 0200 004c 8d2d 	~....8...u...L.-
000065D0: 0c22 0100 4889 5c24 104c 8d25 2038 0100 	."..H.\$.L.% 8..
000065E0: 4889 c34d 89ef 4c87 fdeb 1f48 89ef e87d 	H..M..L....H...}
000065F0: e2ff ff48 8d6c 0501 4889 e84c 29e8 483d 	...H.l..H..L).H=
00006600: cf10 0000 0f87 3002 0000 ba05 0000 004c 	......0........L
00006610: 89e6 4889 efe8 f6e0 ffff 85c0 75cd 31d2 	..H.........u.1.
00006620: 488d 7d05 4889 dee8 14e3 ffff 85c0 75bb 	H.}.H.........u.
00006630: 488b 5c24 104c 89fd e96f fdff ff48 83f8 	H.\$.L...o...H..
00006640: 030f 8507 ffff ffbf 0200 0000 e83f 5f00 	.............?_.
00006650: 0084 c00f 84f5 feff ff48 8b35 e0bb 0100 	.........H.5....
00006660: ba02 0000 0031 ffe8 e4e1 ffff 488b 35d5 	.....1......H.5.
00006670: bb01 00ba 0200 0000 31ff 4889 05bf bb01 	........1.H.....
00006680: 00e8 cae1 ffff 4889 05bb bb01 00e9 bcfe 	......H.........
00006690: ffff be01 0000 0031 ffe8 6280 0000 e96f 	.......1..b....o
000066A0: f9ff ff48 8d05 16bc 0100 e995 fdff ff48 	...H...........H
000066B0: 8b74 2410 4889 c248 8d3d cc36 0100 e8ed 	.t$.H..H.=.6....
000066C0: 3700 0048 8b1d 26b9 0100 ba05 0000 0031 	7..H..&........1
000066D0: ff48 8d35 bd36 0100 488b 2be8 70e1 ffff 	.H.5.6..H.+.p...
000066E0: 4889 c748 89ee 488d 2dbe 3601 00e8 cee2 	H..H..H.-.6.....
000066F0: ffff 488d 0d68 3501 0048 8b3b 4983 c408 	..H..h5..H.;I...
00006700: 4889 eabe 0100 0000 31c0 e831 e5ff ff49 	H.......1..1...I
00006710: 8b0c 2448 85c9 75e1 488b 2b48 8d35 8e5c 	..$H..u.H.+H.5.\
00006720: 0100 31ff ba05 0000 00e8 22e1 ffff 4889 	..1......."...H.
00006730: c748 89ee e887 e2ff ffbf 0200 0000 e88d 	.H..............
00006740: 2a00 0031 ffe8 862a 0000 4883 3d7e b901 	*..1...*..H.=~..
00006750: 0001 0f85 61f7 ffff 488b 0579 b901 0080 	....a...H..y....
00006760: 386d 0f85 51f7 ffff e964 f7ff ff80 3dd4 	8m..Q....d....=.
00006770: bf01 0000 0f85 3dea ffff e96b fcff fff3 	......=....k....
00006780: 0f5c 2565 5d01 00f3 480f 2cf4 4c31 eee9 	.\%e]...H.,.L1..
00006790: e5f5 ffff f30f 5960 08e9 c9f5 ffff 4983 	......Y`......I.
000067A0: c401 4c89 6424 48e9 bcfa ffff bf28 0000 	..L.d$H......(..
000067B0: 0049 83c4 01e8 f675 0000 488b 7c24 18ba 	.I.....u..H.|$..
000067C0: 0100 0000 4889 ee49 89c5 488b 05cf bc01 	....H..I..H.....
000067D0: 004c 8964 2448 4c89 e94c 892d c0bc 0100 	.L.d$HL..L.-....
000067E0: 4989 4520 488b 4424 5049 8945 08e8 1e04 	I.E H.D$PI.E....
000067F0: 0000 84c0 0f84 56fb ffff 488b 4424 4848 	......V...H.D$HH
00006800: 8d50 0148 8954 2448 8038 3d0f 853f fbff 	.P.H.T$H.8=..?..
00006810: ff48 8b44 2450 488b 7c24 1831 d249 8d4d 	.H.D$PH.|$.1.I.M
00006820: 1048 89ee 4989 4518 e8e3 0300 0084 c00f 	.H..I.E.........
00006830: 8533 faff ffe9 16fb ffff 488b 5c24 104c 	.3........H.\$.L
00006840: 89fd c605 bfba 0100 00e9 5efb ffff 488d 	..........^...H.
00006850: 3d0d 3501 00e8 56de ffff 4889 4424 1048 	=.5...V...H.D$.H
00006860: 85c0 0f85 f1f3 ffff 488d 0515 3401 0048 	........H...4..H
00006870: 8944 2410 e97d fcff ff49 83c5 01be 0a00 	.D$..}...I......
00006880: 0000 4c89 efe8 36e0 ffff 4989 c448 85c0 	..L...6...I..H..
00006890: 0f84 c700 0000 4c8d 7801 be0a 0000 004c 	......L.x......L
000068A0: 89ff e819 e0ff ff48 85c0 0f85 c400 0000 	.......H........
000068B0: 41c6 0424 004c 892d 84b9 0100 4c89 3d85 	A..$.L.-....L.=.
000068C0: b901 00e9 86fc ffff 4c89 ffe8 30e2 ffff 	........L...0...
000068D0: 4885 c04c 0f45 f8e9 a0f8 ffff 488d 3d6e 	H..L.E......H.=n
000068E0: 3401 00e8 c8dd ffff 4885 c00f 856d f5ff 	4.......H....m..
000068F0: ffe9 82f5 ffff 488b 3d3b b801 00ba 0600 	......H.=;......
00006900: 0000 488d 3515 3501 00e8 02de ffff 85c0 	..H.5.5.........
00006910: 0f85 96fa ffff c605 2bbe 0100 01e9 8afa 	........+.......
00006920: ffff 488d 0592 3401 0048 8905 18b9 0100 	..H...4..H......
00006930: 4889 0509 b901 00e9 12fc ffff 488d 059f 	H...........H...
00006940: 3401 0048 8905 f6b8 0100 488d 0585 3401 	4..H......H...4.
00006950: 0048 8905 f0b8 0100 e9f1 fbff ff4d 89ef 	.H...........M..
00006960: e950 ffff ffbe 0a00 0000 e881 dfff ffe9 	.P..............
00006970: e2f6 ffff 4c89 efe8 d431 0000 ba05 0000 	....L....1......
00006980: 0048 8d35 e533 0100 31ff 4989 c4e8 bede 	.H.5.3..1.I.....
00006990: ffff 4c89 e131 f6bf 0200 0000 4889 c231 	..L..1......H..1
000069A0: c0e8 eae1 ffff 488d 0d0f 2f01 00ba 1f07 	......H.../.....
000069B0: 0000 488d 3549 3101 0048 8d3d c05a 0100 	..H.5I1..H.=.Z..
000069C0: e86b dfff ff48 8d0d e42e 0100 ba0b 0400 	.k...H..........
000069D0: 0048 8d35 2a31 0100 488d 3d41 5a01 00e8 	.H.5*1..H.=AZ...
000069E0: 4cdf ffff 488b 0505 b601 00ba 3700 0000 	L...H.......7...
000069F0: be01 0000 0048 8d3d 8458 0100 488b 08e8 	.....H.=.X..H...
00006A00: 2ce2 ffff e8e7 dcff ff48 8b1d a8b5 0100 	,........H......
00006A10: 8b54 2448 8b2d 66b6 0100 488b 1b83 f803 	.T$H.-f...H.....
00006A20: 7770 83e8 0148 8d35 2c58 0100 488d 050e 	wp...H.5,X..H...
00006A30: 3201 0048 0f44 f048 63c2 85d2 783c 48c1 	2..H.D.Hc...x<H.
00006A40: e005 4d8b 2c04 4c8d 2511 3201 00ba 0500 	..M.,.L.%.2.....
00006A50: 0000 31ff e8f7 ddff ff49 89d9 4d89 e84c 	..1......I..M..L
00006A60: 89e1 4889 c231 f689 ef31 c0e8 20e1 ffff 	..H..1...1.. ...
00006A70: e87b dcff ffe8 06de ffff 4c8d 25dd 3101 	.{........L.%.1.
00006A80: 0066 c744 2465 0000 4c8d 6c24 6549 29c4 	.f.D$e..L.l$eI).
00006A90: ebbb 488d 358d 3101 0083 f804 7499 ebd0 	..H.5.1.....t...
00006AA0: f30f 1efa 31ed 4989 d15e 4889 e248 83e4 	....1.I..^H..H..
00006AB0: f050 5445 31c0 31c9 488d 3d51 e2ff ffff 	.PTE1.1.H.=Q....
00006AC0: 15d3 b401 00f4 662e 0f1f 8400 0000 0000 	......f.........
00006AD0: 488d 3da1 b701 0048 8d05 9ab7 0100 4839 	H.=....H......H9
00006AE0: f874 1548 8b05 b6b4 0100 4885 c074 09ff 	.t.H......H..t..
00006AF0: e00f 1f80 0000 0000 c30f 1f80 0000 0000 	................
00006B00: 488d 3d71 b701 0048 8d35 6ab7 0100 4829 	H.=q...H.5j...H)
00006B10: fe48 89f0 48c1 ee3f 48c1 f803 4801 c648 	.H..H..?H...H..H
00006B20: d1fe 7414 488b 05ad b401 0048 85c0 7408 	..t.H......H..t.
00006B30: ffe0 660f 1f44 0000 c30f 1f80 0000 0000 	..f..D..........
00006B40: f30f 1efa 803d 35b7 0100 0075 2b55 4883 	.....=5....u+UH.
00006B50: 3d92 b401 0000 4889 e574 0c48 8b3d a6b4 	=.....H..t.H.=..
00006B60: 0100 e829 dbff ffe8 64ff ffff c605 0db7 	...)....d.......
00006B70: 0100 015d c30f 1f00 c30f 1f80 0000 0000 	...]............
00006B80: f30f 1efa e977 ffff ff0f 1f80 0000 0000 	.....w..........
00006B90: f30f 1efa 488b 0731 d248 f7f6 4889 d0c3 	....H..1.H..H...
00006BA0: f30f 1efa 488b 1631 c048 3917 7402 c390 	....H..1.H9.t...
00006BB0: 488b 4608 4839 4708 0f94 c0c3 0f1f 4000 	H.F.H9G.......@.
00006BC0: f30f 1efa 8b05 3ebc 0100 85c0 7506 893d 	......>.....u..=
00006BD0: 34bc 0100 c366 662e 0f1f 8400 0000 0000 	4....ff.........
00006BE0: f30f 1efa 8b05 1ebc 0100 85c0 750f 8b05 	............u...
00006BF0: 10bc 0100 83c0 0189 0507 bc01 00c3 6690 	..............f.
00006C00: f30f 1efa e967 daff ff0f 1f80 0000 0000 	.....g..........
00006C10: 4155 89d0 4989 fb49 89f2 4154 4189 d455 	AU..I..I..ATA..U
00006C20: 4889 cd53 488b 0e48 8b1f bf01 0000 000f 	H..SH..H........
00006C30: b611 4c8d 47ff 488d 7301 488d 1ddf 1301 	..L.G.H.s.H.....
00006C40: 004c 8d4e ff80 fa5c 742c 7f74 80fa 3d0f 	.L.N...\t,.t..=.
00006C50: 84c3 0000 007e 4948 83c1 0188 56ff 4883 	.....~IH....V.H.
00006C60: c701 4883 c601 0fb6 114c 8d4e ff4c 8d47 	..H......L.N.L.G
00006C70: ff80 fa5c 75d4 0fb6 5101 4c8d 6902 84d2 	...\u...Q.L.i...
00006C80: 0f84 d201 0000 448d 4ad0 4180 f948 7760 	......D.J.A..Hw`
00006C90: 450f b6c1 4e63 0483 4901 d83e 41ff e090 	E...Nc..I..>A...
00006CA0: 84d2 7405 80fa 3a75 aeb8 0100 0000 5b4d 	..t...:u......[M
00006CB0: 890b 4989 0a4c 8945 005d 415c 415d c390 	..I..L.E.]A\A]..
00006CC0: 80fa 5e75 920f b651 0144 8d6a c041 80fd 	..^u...Q.D.j.A..
00006CD0: 3e77 3583 e21f 4883 c102 4883 c701 4883 	>w5...H...H...H.
00006CE0: c601 8856 fee9 7cff ffff ba7f 0000 0090 	...V..|.........
00006CF0: 4c89 e988 56ff 4883 c701 4883 c601 e963 	L...V.H...H....c
00006D00: ffff ff0f 1f44 0000 4883 c101 80fa 3f74 	.....D..H.....?t
00006D10: 1731 c0eb 990f 1f00 4584 e475 91e9 35ff 	.1......E..u..5.
00006D20: ffff 660f 1f44 0000 ba7f 0000 0048 83c7 	..f..D.......H..
00006D30: 0148 83c6 0188 56fe e929 ffff ff0f 1f00 	.H....V..)......
00006D40: 4c89 e944 89ca 440f b601 458d 48d0 4180 	L..D..D...E.H.A.
00006D50: f907 0f87 03ff ffff 0f1f 8400 0000 0000 	................
00006D60: 4883 c101 418d 54d0 d044 0fb6 0145 8d48 	H...A.T..D...E.H
00006D70: d041 80f9 0776 e988 56ff 4883 c701 4883 	.A...v..V.H...H.
00006D80: c601 e9df feff ff44 0fb6 4102 4c8d 4903 	.......D..A.L.I.
00006D90: 31d2 498d 49ff 4180 f846 7f36 0f1f 4000 	1.I.I.A..F.6..@.
00006DA0: 4180 f840 0f8f 9e00 0000 458d 68d0 4180 	A..@......E.h.A.
00006DB0: fd09 0f87 a3fe ffff c1e2 0441 8d54 10d0 	...........A.T..
00006DC0: 450f b601 4983 c101 498d 49ff 4180 f846 	E...I...I.I.A..F
00006DD0: 7ece 458d 689f 4180 fd05 0f87 7bfe ffff 	~.E.h.A.....{...
00006DE0: c1e2 0441 8d54 10a9 ebd6 ba09 0000 004c 	...A.T.........L
00006DF0: 89e9 e9fc feff ffba 0b00 0000 4c89 e9e9 	............L...
00006E00: effe ffff ba1b 0000 004c 89e9 e9e2 feff 	.........L......
00006E10: ffba 0c00 0000 4c89 e9e9 d5fe ffff ba0a 	......L.........
00006E20: 0000 004c 89e9 e9c8 feff ffba 2000 0000 	...L........ ...
00006E30: 4c89 e9e9 bbfe ffff ba0d 0000 004c 89e9 	L............L..
00006E40: e9ae feff ff0f 1f00 c1e2 0441 8d54 10c9 	...........A.T..
00006E50: e96b ffff ff0f 1f00 4c89 e931 c0e9 4cfe 	.k......L..1..L.
00006E60: ffff ba07 0000 00e9 84fe ffff ba08 0000 	................
00006E70: 00e9 7afe ffff 662e 0f1f 8400 0000 0000 	..z...f.........
00006E80: 488b 170f b602 84c0 0f84 9200 0000 31c9 	H.............1.
00006E90: 4531 c031 f6eb 2366 0f1f 8400 0000 0000 	E1.1..#f........
00006EA0: 3c5a 7f44 31c9 3c41 4c0f 4cc6 4883 c201 	<Z.D1.<AL.L.H...
00006EB0: 4889 170f b602 84c0 7427 84c9 75e2 3c2e 	H.......t'..u.<.
00006EC0: 744e 3c5a 7f3a 3c40 7fe2 83e8 303c 0a4c 	tN<Z.:<@....0<.L
00006ED0: 0f43 c648 83c2 0148 8917 0fb6 0284 c075 	.C.H...H.......u
00006EE0: d94c 89c0 c30f 1f00 448d 489f 31c9 4180 	.L......D.H.1.A.
00006EF0: f919 76b8 3c7e 4c0f 45c6 ebb0 0f1f 4000 	..v.<~L.E.....@.
00006F00: 448d 489f 4180 f919 77ea eba0 0f1f 4000 	D.H.A...w.....@.
00006F10: 4d85 c0b9 0100 0000 4c0f 44c2 eb8e 6690 	M.......L.D...f.
00006F20: 4531 c04c 89c0 c366 0f1f 8400 0000 0000 	E1.L...f........
00006F30: f30f 1efa 4889 f831 d248 c1c8 0348 f7f6 	....H..1.H...H..
00006F40: 4889 d0c3 6666 2e0f 1f84 0000 0000 0090 	H...ff..........
00006F50: f30f 1efa 4839 fe0f 94c0 c30f 1f44 0000 	....H9.......D..
00006F60: f30f 1efa 488b 0f48 0fbe 1184 d274 3131 	....H..H.....t11
00006F70: c00f 1f80 0000 0000 48c1 c009 4883 c101 	........H...H...
00006F80: 4801 d048 0fbe 1184 d275 ed31 d248 f7f6 	H..H.....u.1.H..
00006F90: 488b 4708 4831 d031 d248 f7f6 4889 d0c3 	H.G.H1.1.H..H...
00006FA0: 488b 4708 31d2 4831 d031 d248 f7f6 4889 	H.G.1.H1.1.H..H.
00006FB0: d0c3 6666 2e0f 1f84 0000 0000 000f 1f00 	..ff............
00006FC0: f30f 1efa 5548 89fd 488b 3fe8 a0d6 ffff 	....UH..H.?.....
00006FD0: 4889 ef5d e997 d6ff ff0f 1f80 0000 0000 	H..]............
00006FE0: 4889 f848 89f7 0fbe f283 ee41 440f b640 	H..H.......AD..@
00006FF0: 0783 fe19 0f87 b600 0000 4183 e0df 4138 	..........A...A8
00007000: d040 0f94 c640 84f6 740e 41b8 0100 0000 	.@...@..t.A.....
00007010: 84d2 750c 4489 c0c3 4531 c044 89c0 c390 	..u.D...E1.D....
00007020: 0fbe d10f b670 0883 ea41 83fa 190f 878d 	.....p...A......
00007030: 0000 0083 e6df 4038 ce0f 94c2 84d2 74d8 	......@8......t.
00007040: 41b8 0100 0000 84c9 74ca 4839 f874 c5b9 	A.......t.H9.t..
00007050: 0900 0000 eb13 662e 0f1f 8400 0000 0000 	......f.........
00007060: 4883 c101 4038 f275 3544 0fb6 0c08 418d 	H...@8.u5D....A.
00007070: 71bf 4489 ca83 fe19 7707 4183 c120 83c2 	q.D.....w.A.. ..
00007080: 2044 0fb6 040f 458d 50bf 4489 c641 83fa 	 D....E.P.D..A..
00007090: 1977 0741 83c0 2083 c620 84d2 75c2 4539 	.w.A.. .. ..u.E9
000070A0: c141 0f94 c045 0fb6 c0e9 66ff ffff 6690 	.A...E....f...f.
000070B0: 4438 c240 0f94 c6e9 49ff ffff 0f1f 4000 	D8.@....I.....@.
000070C0: 4038 f10f 94c2 e971 ffff ff0f 1f44 0000 	@8.....q.....D..
000070D0: 4154 5553 4889 fb48 85d2 746c 4889 d54c 	ATUSH..H..tlH..L
000070E0: 8d62 ffb8 e00f 0000 4885 f64c 8963 3048 	.b......H..L.c0H
000070F0: 0f44 f048 8b43 3848 8933 f643 5001 7458 	.D.H.C8H.3.CP.tX
00007100: 488b 7b48 ffd0 4889 4308 4885 c074 504a 	H.{H..H.C.H..tPJ
00007110: 8d54 2010 48f7 dd48 21ea 4889 5310 4889 	.T .H..H!.H.S.H.
00007120: 5318 488b 1348 01c2 4889 1048 8953 2048 	S.H..H..H..H.S H
00007130: c740 0800 0000 00b8 0100 0000 8063 50f9 	.@...........cP.
00007140: 5b5d 415c c30f 1f00 41bc 0f00 0000 bd10 	[]A\....A.......
00007150: 0000 00eb 8e0f 1f00 4889 f7ff d0eb a748 	........H......H
00007160: 8d05 3aaf 0100 ff10 0f1f 8400 0000 0000 	..:.............
00007170: 4839 f70f 83c7 0000 0041 5541 5449 89f4 	H9.......AUATI..
00007180: 5553 4889 fb48 83ec 084c 8b2d 18ae 0100 	USH..H...L.-....
00007190: eb44 660f 1f44 0000 4c89 e031 d248 f7f1 	.Df..D..L..1.H..
000071A0: 31d2 4989 c148 89e8 48f7 f149 39c1 7642 	1.I..H..H..I9.vB
000071B0: 4c39 c673 7348 8d46 0148 8947 28c6 0609 	L9.ssH.F.H.G(...
000071C0: 4889 d831 d248 f7f1 4801 d948 89cb 4829 	H..1.H..H..H..H)
000071D0: d34c 39e3 7334 498b 7d00 488b 0d97 b201 	.L9.s4I.}.H.....
000071E0: 0048 8d6b 0148 8b77 284c 8b47 3048 85c9 	.H.k.H.w(L.G0H..
000071F0: 75a6 4c39 c673 2148 8d46 0148 8947 28c6 	u.L9.s!H.F.H.G(.
00007200: 0620 4889 eb4c 39e3 72cc 4883 c408 5b5d 	. H..L9.r.H...[]
00007210: 415c 415d c30f 1f00 be20 0000 00e8 ced6 	A\A]..... ......
00007220: ffff ebde 0f1f 4000 be09 0000 00e8 bed6 	......@.........
00007230: ffff 488b 0d3f b201 00eb 850f 1f44 0000 	..H..?.......D..
00007240: c366 662e 0f1f 8400 0000 0000 0f1f 4000 	.ff...........@.
00007250: 4155 4154 5553 4883 ec08 488b 4618 488b 	AUATUSH...H.F.H.
00007260: 5e10 4889 c548 29dd 4883 fd07 0f86 9200 	^.H..H).H.......
00007270: 0000 4839 d80f 8494 0000 0048 8b56 304c 	..H9.......H.V0L
00007280: 8b25 22ad 0100 4c8d 2d93 2601 0048 01d0 	.%"...L.-.&..H..
00007290: 48f7 d248 21d0 488b 5620 4989 c04c 2b46 	H..H!.H.V I..L+F
000072A0: 0848 89d1 482b 4e08 4939 c848 0f46 d048 	.H..H+N.I9.H.F.H
000072B0: 83e5 f848 01dd 4889 5618 4889 5610 498b 	...H..H.V.H.V.I.
000072C0: 3424 e8f9 d6ff ff66 0f1f 8400 0000 0000 	4$.....f........
000072D0: 488b 134c 89ee bf01 0000 0031 c048 83c3 	H..L.......1.H..
000072E0: 08e8 4ad8 ffff 4839 eb75 e549 8b3c 2448 	..J...H9.u.I.<$H
000072F0: 8b47 2848 3b47 3073 1f48 8d50 0148 8957 	.G(H;G0s.H.P.H.W
00007300: 28c6 000a 4883 c408 5b5d 415c 415d c380 	(...H...[]A\A]..
00007310: 4e50 02e9 63ff ffff 58be 0a00 0000 5b5d 	NP..c...X.....[]
00007320: 415c 415d e9c7 d5ff ff0f 1f80 0000 0000 	A\A]............
00007330: 803d daaf 0100 0119 c030 c005 0201 0000 	.=.......0......
00007340: 803d c9af 0100 0074 0380 cc04 8b15 baaf 	.=.....t........
00007350: 0100 85d2 7562 8b15 c4c0 0100 83fa 030f 	....ub..........
00007360: 877b d9ff ff48 8d0d a425 0100 8b0c 9109 	.{...H...%......
00007370: c880 3d0d ad01 0000 750d 803d a7c0 0100 	..=.....u..=....
00007380: 000f 8481 0000 000d 0c02 0000 803d f1ac 	.............=..
00007390: 0100 0074 0383 c810 8b15 86c0 0100 83fa 	...t............
000073A0: 0274 5d7e 4b83 fa03 744e 83fa 0475 6309 	.t]~K...tN...uc.
000073B0: c8c3 660f 1f44 0000 8b15 66c0 0100 83fa 	..f..D....f.....
000073C0: 0274 3d7e 2b83 fa03 742e 83fa 040f 850d 	.t=~+...t.......
000073D0: d9ff ff8b 1547 c001 0083 fa03 0f87 fed8 	.....G..........
000073E0: ffff 488d 0d27 2501 008b 0c91 09c8 c390 	..H..'%.........
000073F0: 83c2 0183 fa02 771f c30f 1f80 0000 0000 	......w.........
00007400: 80cc 02c3 0f1f 4000 0d04 0200 00e9 7aff 	......@.......z.
00007410: ffff e9c9 d8ff ffe9 c4d8 ffff 0f1f 4000 	..............@.
00007420: 4156 4989 d641 5549 89f5 4154 4189 cc55 	AVI..AUI..ATA..U
00007430: 4889 fd53 488b 7710 4c89 efff 5530 483b 	H..SH.w.L...U0H;
00007440: 4510 0f83 9ed8 ffff 4889 c348 c1e3 0448 	E.......H..H...H
00007450: 035d 0049 891e 488b 3348 85f6 7471 4c39 	.].I..H.3H..tqL9
00007460: ee0f 84b9 0000 004c 89ef ff55 3884 c074 	.......L...U8..t
00007470: 5548 8b03 4584 e474 5848 8b53 0848 85d2 	UH..E..tXH.S.H..
00007480: 0f84 8a00 0000 f30f 6f02 0f11 0348 c702 	........o....H..
00007490: 0000 0000 488b 4d48 4889 4a08 5b48 8955 	....H.MHH.J.[H.U
000074A0: 485d 415c 415d 415e c30f 1f80 0000 0000 	H]A\A]A^........
000074B0: 488b 304c 39ee 7428 4c89 efff 5538 84c0 	H.0L9.t(L...U8..
000074C0: 751e 488b 5b08 488b 4308 4885 c075 e131 	u.H.[.H.C.H..u.1
000074D0: c05b 5d41 5c41 5d41 5ec3 660f 1f44 0000 	.[]A\A]A^.f..D..
000074E0: 488b 5308 488b 0245 84e4 74e5 488b 4a08 	H.S.H..E..t.H.J.
000074F0: 4889 4b08 48c7 0200 0000 0048 8b4d 4848 	H.K.H......H.MHH
00007500: 894a 085b 4889 5548 5d41 5c41 5d41 5ec3 	.J.[H.UH]A\A]A^.
00007510: 48c7 0300 0000 00eb b80f 1f80 0000 0000 	H...............
00007520: 4889 f0e9 4cff ffff 0f1f 8400 0000 0000 	H...L...........
00007530: 4157 4156 4989 fe41 5541 5441 89d4 5548 	AWAVI..AUATA..UH
00007540: 89f5 5348 83ec 0848 8b1e 483b 5e08 7216 	..SH...H..H;^.r.
00007550: e9fd 0000 000f 1f00 4883 c310 4839 5d08 	........H...H9].
00007560: 0f86 ec00 0000 4c8b 3b4d 85ff 74ea 4c8b 	......L.;M..t.L.
00007570: 6b08 4d85 ed74 6a49 8b76 10eb 170f 1f00 	k.M..tjI.v......
00007580: 488b 4808 4989 4d08 4c89 6808 4885 d274 	H.H.I.M.L.h.H..t
00007590: 4d49 89d5 4d8b 7d00 4c89 ff41 ff56 3049 	MI..M.}.L..A.V0I
000075A0: 8b76 1048 39f0 0f83 3fd7 ffff 48c1 e004 	.v.H9...?...H...
000075B0: 4903 0649 8b55 0848 8338 0075 c34c 8938 	I..I.U.H.8.u.L.8
000075C0: 498b 4648 4983 4618 0149 c745 0000 0000 	I.FHI.F..I.E....
000075D0: 0049 8945 084d 896e 4848 85d2 75b3 4c8b 	.I.E.M.nHH..u.L.
000075E0: 3b48 c743 0800 0000 0045 84e4 0f85 66ff 	;H.C.....E....f.
000075F0: ffff 498b 7610 4c89 ff41 ff56 3049 89c5 	..I.v.L..A.V0I..
00007600: 493b 4610 0f83 e1d6 ffff 49c1 e504 4d03 	I;F.......I...M.
00007610: 2e49 837d 0000 7458 498b 4648 4885 c074 	.I.}..tXI.FHH..t
00007620: 5a48 8b50 0849 8956 4849 8b55 084c 8938 	ZH.P.I.VHI.U.L.8
00007630: 4889 5008 4989 4508 48c7 0300 0000 0048 	H.P.I.E.H......H
00007640: 83c3 1048 836d 1801 4839 5d08 0f87 14ff 	...H.m..H9].....
00007650: ffff 4883 c408 b801 0000 005b 5d41 5c41 	..H........[]A\A
00007660: 5d41 5e41 5fc3 662e 0f1f 8400 0000 0000 	]A^A_.f.........
00007670: 4d89 7d00 4983 4618 01eb bdbf 1000 0000 	M.}.I.F.........
00007680: e8fb cfff ff48 85c0 759f 4883 c408 31c0 	.....H..u.H...1.
00007690: 5b5d 415c 415d 415e 415f c30f 1f44 0000 	[]A\A]A^A_...D..
000076A0: 5580 cd08 4489 c553 4889 d389 ca89 e948 	U...D..SH......H
000076B0: 81ec 1801 0000 6448 8b04 2528 0000 0048 	......dH..%(...H
000076C0: 8984 2408 0100 0031 c049 89e0 e86f d4ff 	..$....1.I...o..
000076D0: ff85 c079 2b48 8b94 2408 0100 0064 482b 	...y+H..$....dH+
000076E0: 1425 2800 0000 0f85 4901 0000 4881 c418 	.%(.....I...H...
000076F0: 0100 005b 5dc3 662e 0f1f 8400 0000 0000 	...[].f.........
00007700: 8b8c 2488 0000 008b 9424 8c00 0000 48be 	..$......$....H.
00007710: 0000 0000 00f0 ffff 4889 cf48 c1e1 2048 	........H..H.. H
00007720: c1e7 0848 21f1 81e7 00ff 0f00 4809 f90f 	...H!.......H...
00007730: b6fa 48c1 e20c 4809 f948 bf00 00f0 ffff 	..H...H..H......
00007740: 0f00 0048 21fa 4809 ca8b 4c24 1048 8913 	...H!.H...L$.H..
00007750: 488b 5424 2048 894b 108b 8c24 8000 0000 	H.T$ H.K...$....
00007760: 4889 5308 0fb7 5424 1c49 89c8 48c1 e120 	H.S...T$.I..H.. 
00007770: 8953 1848 8b54 2414 49c1 e008 4821 f141 	.S.H.T$.I...H!.A
00007780: 81e0 00ff 0f00 4889 531c 8b94 2484 0000 	......H.S...$...
00007790: 004c 09c1 0fb6 f248 c1e2 0c48 09f1 4821 	.L.....H...H..H!
000077A0: fa8b 7424 0448 09ca 81e5 0008 0000 4889 	..t$.H........H.
000077B0: 5328 488b 5424 2848 8973 388b 7424 4848 	S(H.T$(H.s8.t$HH
000077C0: 8953 3048 8b54 2430 4889 7350 8b74 2478 	.S0H.T$0H.sP.t$x
000077D0: 4889 5340 488b 5424 4048 8973 608b 7424 	H.S@H.T$@H.s`.t$
000077E0: 6848 8953 4848 8b54 2470 4889 7370 4889 	hH.SHH.T$pH.spH.
000077F0: 5358 488b 5424 6048 8953 680f 84d4 feff 	SXH.T$`H.Sh.....
00007800: fff6 4424 0108 7418 488b 5424 508b 7c24 	..D$..t.H.T$P.|$
00007810: 5848 8953 5848 897b 60e9 b7fe ffff 6690 	XH.SXH.{`.....f.
00007820: 48c7 4360 ffff ffff 48c7 4358 ffff ffff 	H.C`....H.CX....
00007830: e9a0 feff ffe8 46d0 ffff 660f 1f44 0000 	......F...f..D..
00007840: 4157 31f6 4156 4155 4154 5553 4881 ec98 	AW1.AVAUATUSH...
00007850: 0600 0064 488b 0425 2800 0000 4889 8424 	...dH..%(...H..$
00007860: 8806 0000 31c0 488d 7c24 7048 897c 2460 	....1.H.|$pH.|$`
00007870: 488d 05c9 a901 0048 8b04 300f b610 84d2 	H......H..0.....
00007880: 7419 660f 1f44 0000 0fb6 4801 80fa 2574 	t.f..D....H...%t
00007890: 0f89 ca48 83c0 0184 d275 ed31 c0eb 0f90 	...H.....u.1....
000078A0: 80f9 250f 8447 0400 0080 f962 75e3 4889 	..%..G.....bu.H.
000078B0: 0437 4883 c608 4883 fe10 75b4 48c7 4424 	.7H...H...u.H.D$
000078C0: 180c 0000 0048 837c 2470 000f 8494 0400 	.....H.|$p......
000078D0: 0048 8d84 2480 0000 0041 bf01 0000 0048 	.H..$....A.....H
000078E0: 8944 2448 488d 8424 ff00 0000 4889 4424 	.D$HH..$....H.D$
000078F0: 5048 8d84 24ff 0600 0048 8944 2438 4c8b 	PH..$....H.D$8L.
00007900: 6424 50c7 4424 300e 0002 0048 c744 2420 	d$P.D$0....H.D$ 
00007910: 0000 0000 4c8b 7424 484d 89e5 0f1f 4000 	....L.t$HM....@.
00007920: 8b7c 2430 e887 d1ff ffbe 2500 0000 4889 	.|$0......%...H.
00007930: c748 89c5 e887 cfff ff48 8944 2410 4885 	.H.......H.D$.H.
00007940: c00f 85c1 0300 00e8 74d3 ffff 0fb6 5500 	........t.....U.
00007950: 4889 ef4c 8974 2428 488b 000f b704 5066 	H..L.t$(H.....Pf
00007960: 2500 0866 8944 2436 e803 cfff ff49 89c4 	%..f.D$6.....I..
00007970: 4889 c3e8 e8ce ffff 4c8b 5424 284d 89e1 	H.......L.T$(M..
00007980: 48c7 4424 0800 0000 0048 83f8 010f 878d 	H.D$.....H......
00007990: 0100 0048 395c 2418 0f83 1501 0000 488b 	...H9\$.......H.
000079A0: 5c24 1849 89d9 4531 e466 837c 2436 000f 	\$.I..E1.f.|$6..
000079B0: 85ab 0400 00b8 7f00 0000 498d 5424 ff4c 	..........I.T$.L
000079C0: 89f7 4939 c149 0f46 c183 f808 720e 89c1 	..I9.I.F....r...
000079D0: 4889 eec1 e903 f348 a548 89f5 31c9 a804 	H......H.H..1...
000079E0: 740a 8b4d 0089 0fb9 0400 0000 a802 740d 	t..M..........t.
000079F0: 0fb7 740d 0066 8934 0f48 83c1 02a8 0174 	..t..f.4.H.....t
00007A00: 090f b674 0d00 4088 340f 4c01 f048 89c1 	...t..@.4.L..H..
00007A10: 4c39 e873 264d 85e4 750b eb1f 0f1f 4000 	L9.s&M..u.....@.
00007A20: 4c39 e973 1648 83c1 014c 89fe c641 ff20 	L9.s.H...L...A. 
00007A30: 4829 ce48 01d6 4801 c675 e5c6 0100 488b 	H).H..H..u....H.
00007A40: 7c24 084c 894c 2428 e823 ccff ff48 8b7c 	|$.L.L$(.#...H.|
00007A50: 2410 e819 ccff ff4c 8b4c 2428 4d01 cc49 	$......L.L$(M..I
00007A60: 83fc 7f0f 879f 0200 0048 8b44 2420 4839 	.........H.D$ H9
00007A70: d848 0f43 d883 4424 3001 4983 ed80 4983 	.H.C..D$0.I...I.
00007A80: ee80 4889 5c24 204c 3b6c 2438 0f85 8efe 	..H.\$ L;l$8....
00007A90: ffff 4839 5c24 180f 86f4 0200 0048 8b44 	..H9\$.......H.D
00007AA0: 2420 4889 4424 18e9 52fe ffff 0f1f 4000 	$ H.D$..R.....@.
00007AB0: 4d89 e148 8b44 2418 4839 d80f 86e5 feff 	M..H.D$.H9......
00007AC0: ff49 89c4 4929 dc66 837c 2436 0075 0ee9 	.I..I).f.|$6.u..
00007AD0: e1fe ffff 0f1f 4000 4d39 ea73 1449 83c2 	......@.M9.s.I..
00007AE0: 014c 89f0 41c6 42ff 204c 29d0 4c01 e075 	.L..A.B. L).L..u
00007AF0: e74c 89e8 4c29 d04c 39c8 4889 ee4c 89d7 	.L..L).L9.H..L..
00007B00: 4c89 4c24 2849 0f47 c148 89c2 e85f d0ff 	L.L$(I.G.H..._..
00007B10: ff4c 8b4c 2428 4889 c1e9 1dff ffff 6690 	.L.L$(H.......f.
00007B20: 31d2 31ff 4889 ee4c 8964 2458 e88f ccff 	1.1.H..L.d$X....
00007B30: ff48 83f8 ff0f 84cd 0100 0048 83c0 0148 	.H.........H...H
00007B40: 8d3c 8500 0000 0048 8944 2440 4889 7c24 	.<.....H.D$@H.|$
00007B50: 68e8 2acb ffff 4885 c00f 84a9 0100 0048 	h.*...H........H
00007B60: 8b54 2440 4889 ee48 89c7 4889 4424 0848 	.T$@H..H..H.D$.H
00007B70: b9ff ffff ffff ffff 3fe8 d2cb ffff 4c8b 	........?.....L.
00007B80: 5424 284c 8b4c 2458 4885 c00f 8402 feff 	T$(L.L$XH.......
00007B90: ff48 8b5c 2408 488b 7c24 68c7 443b fc00 	.H.\$.H.|$h.D;..
00007BA0: 0000 008b 3b85 ff0f 84c6 0100 004c 8954 	....;........L.T
00007BB0: 2458 31c0 4889 6c24 2889 c50f 1f44 0000 	$X1.H.l$(....D..
00007BC0: e8cb d0ff ff85 c075 0bc7 03fd ff00 00bd 	.......u........
00007BD0: 0100 0000 8b7b 0448 83c3 0485 ff75 e14c 	.....{.H.....u.L
00007BE0: 8b54 2458 488b 7424 4089 eb48 8b7c 2408 	.T$XH.t$@..H.|$.
00007BF0: 488b 6c24 284c 8954 2428 e8a1 cbff ff84 	H.l$(L.T$(......
00007C00: db4c 8b54 2428 0f84 2501 0000 488b 7424 	.L.T$(..%...H.t$
00007C10: 0831 d231 ff4c 8954 2410 e8c1 cfff ff4c 	.1.1.L.T$......L
00007C20: 8b54 2410 4c8d 6001 4c89 e74c 8954 2428 	.T$.L.`.L..L.T$(
00007C30: e84b caff ff48 8944 2410 4885 c00f 842c 	.K...H.D$.H....,
00007C40: 0200 0048 8b6c 2408 31db 4c8b 5424 288b 	...H.l$.1.L.T$(.
00007C50: 7d00 85ff 7467 4c89 6424 2849 89ec 4889 	}...tgL.d$(I..H.
00007C60: dd48 8b5c 2418 4c89 5424 40eb 210f 1f00 	.H.\$.L.T$@.!...
00007C70: 4898 4801 e848 39c3 7233 418b 7c24 0449 	H.H..H9.r3A.|$.I
00007C80: 83c4 0485 ff0f 84c5 0000 0048 89c5 e8fd 	...........H....
00007C90: cdff ff83 f8ff 75d8 b801 0000 0041 c704 	......u......A..
00007CA0: 24fd ff00 0048 01e8 4839 c373 cd48 89eb 	$....H..H9.s.H..
00007CB0: 4c8b 5424 404c 89e5 4c8b 6424 28c7 4500 	L.T$@L..L.d$(.E.
00007CC0: 0000 0000 488b 6c24 104c 89e2 488b 7424 	....H.l$.L..H.t$
00007CD0: 084c 8954 2428 4889 efe8 02cf ffff 4c8b 	.L.T$(H.......L.
00007CE0: 5424 2849 89c1 e9a8 fcff ff0f 1f44 0000 	T$(I.........D..
00007CF0: 0fb6 5002 4883 c001 e996 fbff ffc6 0508 	..P.H...........
00007D00: ab01 0001 0f1f 4000 488b 8424 8806 0000 	......@.H..$....
00007D10: 6448 2b04 2528 0000 000f 854b 0100 0048 	dH+.%(.....K...H
00007D20: 81c4 9806 0000 5b5d 415c 415d 415e 415f 	......[]A\A]A^A_
00007D30: c348 63d8 4839 5c24 180f 8371 fdff ff49 	.Hc.H9\$...q...I
00007D40: 83c4 01e9 e0fe ffff 0f1f 8400 0000 0000 	................
00007D50: 4c89 e54c 8b54 2440 4c8b 6424 2848 89c3 	L..L.T$@L.d$(H..
00007D60: e958 ffff ff48 837c 2478 000f 8560 fbff 	.X...H.|$x...`..
00007D70: ffeb 9548 8b74 2440 488b 7c24 084c 8954 	...H.t$@H.|$.L.T
00007D80: 2428 e819 caff ff4c 8b54 2428 4863 d8eb 	$(.....L.T$(Hc..
00007D90: a348 8b44 2448 4531 e448 8da8 0006 0000 	.H.D$HE1.H......
00007DA0: 488d 0599 a401 0048 8b5c 2448 4969 fc00 	H......H.\$HIi..
00007DB0: 0600 004e 8b2c e048 8b44 2460 4e8b 3ce0 	...N.,.H.D$`N.<.
00007DC0: 488d 0559 aa01 004c 8d34 38eb 5e0f 1f00 	H..Y...L.48.^...
00007DD0: 4d89 f94d 29e9 4981 f980 0000 000f 8f25 	M..M).I........%
00007DE0: ffff ff48 83ec 0849 8d47 02ba 0100 0000 	...H...I.G......
00007DF0: 4c89 f750 4c8d 052a 1b01 0048 c7c1 ffff 	L..PL..*...H....
00007E00: ffff 31c0 53be 8000 0000 4155 e8bf c8ff 	..1.S.....AU....
00007E10: ff48 83c4 2083 f87f 0f87 eafe ffff 4883 	.H.. .........H.
00007E20: eb80 4983 ee80 4839 dd74 204d 85ff 75a0 	..I...H9.t M..u.
00007E30: 4c89 e948 8d15 291c 0100 4c89 f731 c0be 	L..H..)...L..1..
00007E40: 8000 0000 e897 caff ffeb ca49 83fc 010f 	...........I....
00007E50: 84a8 feff ff41 bc01 0000 00e9 40ff ffff 	.....A......@...
00007E60: b87f 0000 00e9 8dfc ffff e811 caff ff48 	...............H
00007E70: 8b84 2488 0600 0064 482b 0425 2800 0000 	..$....dH+.%(...
00007E80: 75e8 488b 7c24 0848 81c4 9806 0000 5b5d 	u.H.|$.H......[]
00007E90: 415c 415d 415e 415f e9d3 c7ff ff0f 1f00 	A\A]A^A_........
00007EA0: 4157 4156 4155 4154 5553 4881 eca8 0000 	AWAVAUATUSH.....
00007EB0: 0064 488b 0425 2800 0000 4889 8424 9800 	.dH..%(...H..$..
00007EC0: 0000 31c0 4084 ff75 7748 8d1d 141a 0100 	..1.@..uwH......
00007ED0: bd14 0000 004c 8d25 a4a8 0100 4c8d 6b2c 	.....L.%....L.k,
00007EE0: eb11 660f 1f44 0000 4c39 eb74 228b 2b48 	..f..D..L9.t".+H
00007EF0: 83c3 0489 ee4c 89e7 e813 cdff ff85 c074 	.....L.........t
00007F00: e731 f689 efe8 e6ca ffff 4c39 eb75 de48 	.1........L9.u.H
00007F10: 8b84 2498 0000 0064 482b 0425 2800 0000 	..$....dH+.%(...
00007F20: 0f85 3601 0000 4881 c4a8 0000 005b 5d41 	..6...H......[]A
00007F30: 5c41 5d41 5e41 5fc3 0f1f 8400 0000 0000 	\A]A^A_.........
00007F40: 4c8d 2539 a801 0048 8d1d 9619 0100 41bf 	L.%9...H......A.
00007F50: 1400 0000 4989 e64c 89e7 4c8d 6b2c 4889 	....I..L..L.k,H.
00007F60: dde8 caca ffff eb10 0f1f 8400 0000 0000 	................
00007F70: 448b 7d00 4883 c504 31f6 4c89 f244 89ff 	D.}.H...1.L..D..
00007F80: e8fb c7ff ff48 833c 2401 740b 4489 fe4c 	.....H.<$.t.D..L
00007F90: 89e7 e809 cdff ff4c 39ed 75d4 660f 6f05 	.......L9.u.f.o.
00007FA0: dca7 0100 660f 6f0d e4a7 0100 c784 2488 	....f.o.......$.
00007FB0: 0000 0000 0000 10bd 1400 0000 660f 6f15 	............f.o.
00007FC0: dca7 0100 660f 6f1d e4a7 0100 4c8d 3d0d 	....f.o.....L.=.
00007FD0: ecff ff66 0f6f 25e5 a701 0066 0f6f 2ded 	...f.o%....f.o-.
00007FE0: a701 000f 1144 2408 660f 6f35 f0a7 0100 	.....D$.f.o5....
00007FF0: 660f 6f3d f8a7 0100 0f11 4c24 180f 1154 	f.o=......L$...T
00008000: 2428 0f11 5c24 380f 1164 2448 0f11 6c24 	$(..\$8..d$H..l$
00008010: 580f 1174 2468 0f11 7c24 78eb 090f 1f00 	X..t$h..|$x.....
00008020: 8b2b 4883 c304 89ee 4c89 e7e8 e0cb ffff 	.+H.....L.......
00008030: 85c0 741e 83fd 1448 8d05 82eb ffff 4c89 	..t....H......L.
00008040: f689 ef49 0f44 c731 d248 8904 24e8 2ec7 	...I.D.1.H..$...
00008050: ffff 4c39 eb75 c9e9 b3fe ffff e81f c8ff 	..L9.u..........
00008060: ff66 662e 0f1f 8400 0000 0000 0f1f 4000 	.ff...........@.
00008070: f30f 1efa 4889 f08b b7a8 0000 008b 88a8 	....H...........
00008080: 0000 0083 f903 0f94 c283 f909 0f94 c109 	................
00008090: ca83 fe03 742a 83fe 0974 258b 8fac 0000 	....t*...t%.....
000080A0: 0081 e100 f000 0084 d274 3581 f900 4000 	.........t5...@.
000080B0: 0074 49b8 0100 0000 c30f 1f80 0000 0000 	.tI.............
000080C0: 84d2 7538 8b90 ac00 0000 81e2 00f0 0000 	..u8............
000080D0: 81fa 0040 0000 7424 b8ff ffff ffc3 6690 	...@..t$......f.
000080E0: 8b90 ac00 0000 81e2 00f0 0000 81fa 0040 	...............@
000080F0: 0000 74b7 81f9 0040 0000 74dc 488b 7048 	..t....@..t.H.pH
00008100: 4839 7748 7cd2 75ab 488b 3748 8b38 e9cd 	H9wH|.u.H.7H.8..
00008110: c8ff ff66 662e 0f1f 8400 0000 0000 6690 	...ff.........f.
00008120: f30f 1efa 488b 4748 4839 4648 7c22 7510 	....H.GHH9FH|"u.
00008130: 488b 3648 8b3f e9a5 c8ff ff0f 1f44 0000 	H.6H.?.......D..
00008140: b801 0000 00c3 662e 0f1f 8400 0000 0000 	......f.........
00008150: b8ff ffff ffc3 662e 0f1f 8400 0000 0000 	......f.........
00008160: f30f 1efa 488b 5648 4889 f048 3957 487c 	....H.VHH..H9WH|
00008170: 1f75 0d48 8b37 488b 38e9 62c8 ffff 6690 	.u.H.7H.8.b...f.
00008180: b801 0000 00c3 662e 0f1f 8400 0000 0000 	......f.........
00008190: b8ff ffff ffc3 662e 0f1f 8400 0000 0000 	......f.........
000081A0: f30f 1efa 8b96 a800 0000 8b8f a800 0000 	................
000081B0: 83fa 030f 94c0 83fa 090f 94c2 09d0 83f9 	................
000081C0: 0374 2d83 f909 7428 8b97 ac00 0000 81e2 	.t-...t(........
000081D0: 00f0 0000 84c0 7438 81fa 0040 0000 744a 	......t8...@..tJ
000081E0: b801 0000 00c3 662e 0f1f 8400 0000 0000 	......f.........
000081F0: 84c0 7536 8b86 ac00 0000 2500 f000 003d 	..u6......%....=
00008200: 0040 0000 7424 b8ff ffff ffc3 0f1f 4000 	.@..t$........@.
00008210: 8b86 ac00 0000 2500 f000 003d 0040 0000 	......%....=.@..
00008220: 74b6 81fa 0040 0000 74dc 488b 4748 4839 	t....@..t.H.GHH9
00008230: 4648 7cd2 75aa 488b 3648 8b3f e99f c7ff 	FH|.u.H.6H.?....
00008240: ff66 662e 0f1f 8400 0000 0000 0f1f 4000 	.ff...........@.
00008250: f30f 1efa 488b 3648 8b3f e981 c7ff ff90 	....H.6H.?......
00008260: f30f 1efa 4989 f048 8b37 498b 38e9 6ec7 	....I..H.7I.8.n.
00008270: ffff 6666 2e0f 1f84 0000 0000 000f 1f00 	..ff............
00008280: f30f 1efa 8b96 a800 0000 8b8f a800 0000 	................
00008290: 83fa 030f 94c0 83fa 090f 94c2 09d0 83f9 	................
000082A0: 0374 2d83 f909 7428 8b97 ac00 0000 81e2 	.t-...t(........
000082B0: 00f0 0000 84c0 7448 81fa 0040 0000 7414 	......tH...@..t.
000082C0: b801 0000 00c3 662e 0f1f 8400 0000 0000 	......f.........
000082D0: 84c0 740c 488b 3648 8b3f e901 c7ff ff90 	..t.H.6H.?......
000082E0: 8b86 ac00 0000 2500 f000 003d 0040 0000 	......%....=.@..
000082F0: 74e2 b8ff ffff ffc3 0f1f 8400 0000 0000 	t...............
00008300: 8b86 ac00 0000 2500 f000 003d 0040 0000 	......%....=.@..
00008310: 74a6 81fa 0040 0000 74d8 488b 3648 8b3f 	t....@..t.H.6H.?
00008320: e9bb c6ff ff66 662e 0f1f 8400 0000 0000 	.....ff.........
00008330: f30f 1efa 4889 f08b b7a8 0000 008b 88a8 	....H...........
00008340: 0000 0083 f903 0f94 c283 f909 0f94 c109 	................
00008350: ca83 fe03 742a 83fe 0974 258b 8fac 0000 	....t*...t%.....
00008360: 0081 e100 f000 0084 d274 4581 f900 4000 	.........tE...@.
00008370: 0074 11b8 0100 0000 c30f 1f80 0000 0000 	.t..............
00008380: 84d2 740c 488b 3748 8b38 e951 c6ff ff90 	..t.H.7H.8.Q....
00008390: 8b90 ac00 0000 81e2 00f0 0000 81fa 0040 	...............@
000083A0: 0000 74e0 b8ff ffff ffc3 660f 1f44 0000 	..t.......f..D..
000083B0: 8b90 ac00 0000 81e2 00f0 0000 81fa 0040 	...............@
000083C0: 0000 74a7 81f9 0040 0000 74d8 488b 3748 	..t....@..t.H.7H
000083D0: 8b38 e909 c6ff ff66 0f1f 8400 0000 0000 	.8.....f........
000083E0: 4156 4155 4154 5548 89f5 5348 89fb 4883 	AVAUATUH..SH..H.
000083F0: ec20 6448 8b04 2528 0000 0048 8944 2418 	. dH..%(...H.D$.
00008400: 31c0 e8d9 c5ff ff41 89c4 85c0 7434 0fb6 	1......A....t4..
00008410: 0384 c00f 8423 0200 000f b655 0084 d274 	.....#.....U...t
00008420: 1b80 3b2e 750a 807b 0100 0f84 0c02 0000 	..;.u..{........
00008430: 807d 002e 753a 807d 0100 7534 41bc 0100 	.}..u:.}..u4A...
00008440: 0000 488b 4424 1864 482b 0425 2800 0000 	..H.D$.dH+.%(...
00008450: 0f85 4a03 0000 4883 c420 4489 e05b 5d41 	..J...H.. D..[]A
00008460: 5c41 5d41 5ec3 662e 0f1f 8400 0000 0000 	\A]A^.f.........
00008470: 803b 2e75 170f b64b 01be 2e00 0000 39ce 	.;.u...K......9.
00008480: 750a 807b 0200 0f84 b001 0000 807d 002e 	u..{.........}..
00008490: 0f84 7a01 0000 3c2e 0f94 c180 fa2e 7408 	..z...<.......t.
000084A0: 84c9 0f85 9401 0000 80fa 2e0f 94c2 3c2e 	..............<.
000084B0: 0f84 7202 0000 84d2 7582 488d 7c24 1048 	..r.....u.H.|$.H
000084C0: 895c 2410 4889 6c24 08e8 b2e9 ffff 488d 	.\$.H.l$......H.
000084D0: 7c24 0849 89c6 e8a5 e9ff ff49 89c5 4d85 	|$.I.......I..M.
000084E0: f60f 8461 0200 0049 29de 4885 c00f 84ba 	...a...I).H.....
000084F0: 0200 0049 29ed 4d39 ee0f 8471 0200 0031 	...I).M9...q...1
00008500: c931 d249 39d6 7718 4939 cd0f 8631 ffff 	.1.I9.w.I9...1..
00008510: ff49 39d6 764e 662e 0f1f 8400 0000 0000 	.I9.vNf.........
00008520: 0fb6 0413 0fbe f083 ee30 83fe 0976 350f 	.........0...v5.
00008530: b6f0 8d7e d083 ff09 7760 4939 cd74 1844 	...~....w`I9.t.D
00008540: 0fb6 440d 0044 89c6 450f b6c0 31ff 418d 	..D..D..E...1.A.
00008550: 40d0 83f8 0977 7d48 83c2 0148 83c1 0149 	@....w}H...H...I
00008560: 39d6 77bc 440f b644 0d00 410f bef0 4939 	9.w.D..D..A...I9
00008570: cd0f 86dd 0000 0041 0fbe c083 e830 83f8 	.......A.....0..
00008580: 090f 86cd 0000 0049 39d6 74bc 0fb6 3413 	.......I9.t...4.
00008590: 8d7e d089 f083 ff09 76ab 89f7 3c5a 0f8f 	.~......v...<Z..
000085A0: 4c01 0000 3c40 0f8f 5201 0000 3c7e 0f84 	L...<@..R...<~..
000085B0: e401 0000 8dbe 0001 0000 4939 cd74 430f 	..........I9.tC.
000085C0: b674 0d00 31c0 440f b6c6 458d 48d0 4183 	.t..1.D...E.H.A.
000085D0: f909 7624 4489 c040 80fe 5a0f 8f2f 0100 	..v$D..@..Z../..
000085E0: 0040 80fe 407f 1140 80fe 7e0f 849f 0100 	.@..@..@..~.....
000085F0: 0041 8d80 0001 0000 39f8 0f84 57ff ffff 	.A......9...W...
00008600: 29c7 85ff 440f 45e7 e935 feff ff0f 1f00 	)...D.E..5......
00008610: 0fb6 4d01 be2e 0000 0039 ce0f 8575 feff 	..M......9...u..
00008620: ff80 7d02 000f 8411 feff ffe9 66fe ffff 	..}.........f...
00008630: 83ee 3083 fe09 0f87 c7fe ffff 41bc ffff 	..0.........A...
00008640: ffff e9fb fdff ff66 0f1f 8400 0000 0000 	.......f........
00008650: 4883 c201 0fbe 3c13 4080 ff30 74f2 4180 	H.....<.@..0t.A.
00008660: f830 7513 0f1f 4000 4883 c101 0fbe 740d 	.0u...@.H.....t.
00008670: 0040 80fe 3074 f18d 47d0 83f8 0977 b149 	.@..0t..G....w.I
00008680: 89c8 4889 d045 31d2 4929 d04e 8d4c 0500 	..H..E1.I).N.L..
00008690: 448d 46d0 4183 f809 0f87 9efd ffff 29f7 	D.F.A.........).
000086A0: 4585 d244 0f44 d748 83c0 010f be3c 0348 	E..D.D.H.....<.H
000086B0: 89c6 4829 d644 8d47 d04c 8d1c 0e41 0fbe 	..H).D.G.L...A..
000086C0: 3401 4183 f809 76c8 400f bed6 83ea 3083 	4.A...v.@.....0.
000086D0: fa09 0f86 64ff ffff 4585 d20f 85c4 0000 	....d...E.......
000086E0: 0048 89c2 4c89 d9e9 17fe ffff 0f1f 4000 	.H..L.........@.
000086F0: 448d 409f 4180 f819 0f87 aefe ffff 31c0 	D.@.A.........1.
00008700: 4939 cd0f 85b6 feff ffe9 eafe ffff 6690 	I9............f.
00008710: 448d 4e9f 4180 f919 0f86 dafe ffff e9c4 	D.N.A...........
00008720: feff ff0f 1f44 0000 84d2 0f84 8afd ffff 	.....D..........
00008730: 84c9 0f84 82fd ffff 4883 c301 4883 c501 	........H...H...
00008740: e975 fdff ff0f 1f00 4c8b 7424 1049 29de 	.u......L.t$.I).
00008750: 4885 c00f 859a fdff ff4c 8b6c 2408 4929 	H........L.l$.I)
00008760: ede9 99fd ffff 662e 0f1f 8400 0000 0000 	......f.........
00008770: 4c89 f248 89ee 4889 dfe8 92bf ffff 85c0 	L..H..H.........
00008780: 0f85 79fd ffff 4c8b 7424 1049 29de ebc9 	..y...L.t$.I)...
00008790: 83c8 ffe9 60fe ffff 83cf ffe9 1afe ffff 	....`...........
000087A0: e8db c0ff ff45 89d4 e995 fcff ff4c 8b6c 	.....E.......L.l
000087B0: 2408 e93c fdff ff66 0f1f 8400 0000 0000 	$..<...f........
000087C0: f30f 1efa 488b 3648 8b3f e911 fcff ff90 	....H.6H.?......
000087D0: f30f 1efa 4989 f048 8b37 498b 38e9 fefb 	....I..H.7I.8...
000087E0: ffff 6666 2e0f 1f84 0000 0000 000f 1f00 	..ff............
000087F0: f30f 1efa 8b96 a800 0000 8b8f a800 0000 	................
00008800: 83fa 090f 94c0 83fa 030f 94c2 09d0 83f9 	................
00008810: 0374 2d83 f909 7428 8b97 ac00 0000 81e2 	.t-...t(........
00008820: 00f0 0000 84c0 7448 81fa 0040 0000 7414 	......tH...@..t.
00008830: b801 0000 00c3 662e 0f1f 8400 0000 0000 	......f.........
00008840: 84c0 740c 488b 3648 8b3f e991 fbff ff90 	..t.H.6H.?......
00008850: 8b86 ac00 0000 2500 f000 003d 0040 0000 	......%....=.@..
00008860: 74e2 b8ff ffff ffc3 0f1f 8400 0000 0000 	t...............
00008870: 8b86 ac00 0000 2500 f000 003d 0040 0000 	......%....=.@..
00008880: 74a6 81fa 0040 0000 74d8 488b 3648 8b3f 	t....@..t.H.6H.?
00008890: e94b fbff ff66 662e 0f1f 8400 0000 0000 	.K...ff.........
000088A0: f30f 1efa 4889 f08b b7a8 0000 008b 88a8 	....H...........
000088B0: 0000 0083 f909 0f94 c283 f903 0f94 c109 	................
000088C0: ca83 fe03 742a 83fe 0974 258b 8fac 0000 	....t*...t%.....
000088D0: 0081 e100 f000 0084 d274 4581 f900 4000 	.........tE...@.
000088E0: 0074 11b8 0100 0000 c30f 1f80 0000 0000 	.t..............
000088F0: 84d2 740c 488b 3748 8b38 e9e1 faff ff90 	..t.H.7H.8......
00008900: 8b90 ac00 0000 81e2 00f0 0000 81fa 0040 	...............@
00008910: 0000 74e0 b8ff ffff ffc3 660f 1f44 0000 	..t.......f..D..
00008920: 8b90 ac00 0000 81e2 00f0 0000 81fa 0040 	...............@
00008930: 0000 74a7 81f9 0040 0000 74d8 488b 3748 	..t....@..t.H.7H
00008940: 8b38 e999 faff ff66 0f1f 8400 0000 0000 	.8.....f........
00008950: f30f 1efa 488b 5608 31c0 4839 5708 7408 	....H.V.1.H9W.t.
00008960: c30f 1f80 0000 0000 488b 4e10 4839 4f10 	........H.N.H9O.
00008970: 75ee 4883 ec08 488b 3648 8b3f e85f c0ff 	u.H...H.6H.?._..
00008980: ff85 c00f 94c0 4883 c408 c30f 1f44 0000 	......H......D..
00008990: f30f 1efa 8b96 a800 0000 8b8f a800 0000 	................
000089A0: 83fa 030f 94c0 83fa 090f 94c2 09d0 83f9 	................
000089B0: 0374 2d83 f909 7428 8b97 ac00 0000 81e2 	.t-...t(........
000089C0: 00f0 0000 84c0 7438 81fa 0040 0000 744a 	......t8...@..tJ
000089D0: b801 0000 00c3 662e 0f1f 8400 0000 0000 	......f.........
000089E0: 84c0 7536 8b86 ac00 0000 2500 f000 003d 	..u6......%....=
000089F0: 0040 0000 7424 b8ff ffff ffc3 0f1f 4000 	.@..t$........@.
00008A00: 8b86 ac00 0000 2500 f000 003d 0040 0000 	......%....=.@..
00008A10: 74b6 81fa 0040 0000 74dc 488b 9788 0000 	t....@..t.H.....
00008A20: 0048 8b86 8800 0000 488b 8e80 0000 0048 	.H......H......H
00008A30: 398f 8000 0000 7fbe 7c96 29d0 75bd 488b 	9.......|.).u.H.
00008A40: 3648 8b3f e997 bfff ff0f 1f80 0000 0000 	6H.?............
00008A50: f30f 1efa 488b 9788 0000 0048 8b86 8800 	....H......H....
00008A60: 0000 488b 8e80 0000 0048 398f 8000 0000 	..H......H9.....
00008A70: 7f2e 7c1c 29d0 7510 488b 3648 8b3f e95d 	..|.).u.H.6H.?.]
00008A80: bfff ff0f 1f44 0000 c30f 1f80 0000 0000 	.....D..........
00008A90: b801 0000 00c3 662e 0f1f 8400 0000 0000 	......f.........
00008AA0: b8ff ffff ffc3 662e 0f1f 8400 0000 0000 	......f.........
00008AB0: f30f 1efa 4889 f248 8b8e 8800 0000 488b 	....H..H......H.
00008AC0: 8788 0000 0048 8bb7 8000 0000 4839 b280 	.....H......H9..
00008AD0: 0000 007f 2b7c 2129 c875 1548 8b37 488b 	....+|!).u.H.7H.
00008AE0: 3ae9 fabe ffff 662e 0f1f 8400 0000 0000 	:.....f.........
00008AF0: c30f 1f80 0000 0000 b801 0000 00c3 6690 	..............f.
00008B00: b8ff ffff ffc3 662e 0f1f 8400 0000 0000 	......f.........
00008B10: f30f 1efa 4889 f28b b7a8 0000 008b 8aa8 	....H...........
00008B20: 0000 0083 f903 0f94 c083 f909 0f94 c109 	................
00008B30: c883 fe03 742a 83fe 0974 258b 8fac 0000 	....t*...t%.....
00008B40: 0081 e100 f000 0084 c074 3581 f900 4000 	.........t5...@.
00008B50: 0074 47b8 0100 0000 c30f 1f80 0000 0000 	.tG.............
00008B60: 84c0 7536 8b82 ac00 0000 2500 f000 003d 	..u6......%....=
00008B70: 0040 0000 7424 b8ff ffff ffc3 0f1f 4000 	.@..t$........@.
00008B80: 8b82 ac00 0000 2500 f000 003d 0040 0000 	......%....=.@..
00008B90: 74b9 81f9 0040 0000 74dc 488b 8a88 0000 	t....@..t.H.....
00008BA0: 0048 8b87 8800 0000 488b b780 0000 0048 	.H......H......H
00008BB0: 39b2 8000 0000 7fbe 7c99 29c8 75bd 488b 	9.......|.).u.H.
00008BC0: 3748 8b3a e917 beff ff0f 1f80 0000 0000 	7H.:............
00008BD0: f30f 1efa 8b96 a800 0000 8b8f a800 0000 	................
00008BE0: 83fa 030f 94c0 83fa 090f 94c2 09d0 83f9 	................
00008BF0: 0374 2d83 f909 7428 8b97 ac00 0000 81e2 	.t-...t(........
00008C00: 00f0 0000 84c0 7438 81fa 0040 0000 744a 	......t8...@..tJ
00008C10: b801 0000 00c3 662e 0f1f 8400 0000 0000 	......f.........
00008C20: 84c0 7536 8b86 ac00 0000 2500 f000 003d 	..u6......%....=
00008C30: 0040 0000 7424 b8ff ffff ffc3 0f1f 4000 	.@..t$........@.
00008C40: 8b86 ac00 0000 2500 f000 003d 0040 0000 	......%....=.@..
00008C50: 74b6 81fa 0040 0000 74dc 488b 5778 488b 	t....@..t.H.WxH.
00008C60: 4678 488b 4e70 4839 4f70 7fca 7ca2 29d0 	FxH.NpH9Op..|.).
00008C70: 75c9 488b 3648 8b3f e963 bdff ff0f 1f00 	u.H.6H.?.c......
00008C80: f30f 1efa 488b 5778 488b 4678 488b 4e70 	....H.WxH.FxH.Np
00008C90: 4839 4f70 7f2a 7c20 29d0 7514 488b 3648 	H9Op.*| ).u.H.6H
00008CA0: 8b3f e939 bdff ff66 0f1f 8400 0000 0000 	.?.9...f........
00008CB0: c30f 1f80 0000 0000 b801 0000 00c3 6690 	..............f.
00008CC0: b8ff ffff ffc3 662e 0f1f 8400 0000 0000 	......f.........
00008CD0: f30f 1efa 4889 f248 8b4e 7848 8b47 7848 	....H..H.NxH.GxH
00008CE0: 8b77 7048 3972 707f 277c 1d29 c875 1148 	.wpH9rp.'|.).u.H
00008CF0: 8b37 488b 3ae9 e6bc ffff 660f 1f44 0000 	.7H.:.....f..D..
00008D00: c30f 1f80 0000 0000 b801 0000 00c3 6690 	..............f.
00008D10: b8ff ffff ffc3 662e 0f1f 8400 0000 0000 	......f.........
00008D20: f30f 1efa 8b96 a800 0000 8b8f a800 0000 	................
00008D30: 83fa 030f 94c0 83fa 090f 94c2 09d0 83f9 	................
00008D40: 0374 2d83 f909 7428 8b97 ac00 0000 81e2 	.t-...t(........
00008D50: 00f0 0000 84c0 7438 81fa 0040 0000 744a 	......t8...@..tJ
00008D60: b801 0000 00c3 662e 0f1f 8400 0000 0000 	......f.........
00008D70: 84c0 7536 8b86 ac00 0000 2500 f000 003d 	..u6......%....=
00008D80: 0040 0000 7424 b8ff ffff ffc3 0f1f 4000 	.@..t$........@.
00008D90: 8b86 ac00 0000 2500 f000 003d 0040 0000 	......%....=.@..
00008DA0: 74b6 81fa 0040 0000 74dc 488b 5778 488b 	t....@..t.H.WxH.
00008DB0: 4678 488b 4e70 4839 4f70 7fca 7ca2 29d0 	FxH.NpH9Op..|.).
00008DC0: 75c9 488b 3648 8b3f e913 bcff ff0f 1f00 	u.H.6H.?........
00008DD0: f30f 1efa 4889 f28b b7a8 0000 008b 8aa8 	....H...........
00008DE0: 0000 0083 f903 0f94 c083 f909 0f94 c109 	................
00008DF0: c883 fe03 742a 83fe 0974 258b 8fac 0000 	....t*...t%.....
00008E00: 0081 e100 f000 0084 c074 3581 f900 4000 	.........t5...@.
00008E10: 0074 47b8 0100 0000 c30f 1f80 0000 0000 	.tG.............
00008E20: 84c0 7536 8b82 ac00 0000 2500 f000 003d 	..u6......%....=
00008E30: 0040 0000 7424 b8ff ffff ffc3 0f1f 4000 	.@..t$........@.
00008E40: 8b82 ac00 0000 2500 f000 003d 0040 0000 	......%....=.@..
00008E50: 74b9 81f9 0040 0000 74dc 488b 4a78 488b 	t....@..t.H.JxH.
00008E60: 4778 488b 7770 4839 7270 7fca 7ca5 29c8 	GxH.wpH9rp..|.).
00008E70: 75c9 488b 3748 8b3a e963 bbff ff0f 1f00 	u.H.7H.:.c......
00008E80: f30f 1efa 8b96 a800 0000 8b8f a800 0000 	................
00008E90: 83fa 030f 94c0 83fa 090f 94c2 09d0 83f9 	................
00008EA0: 0374 2d83 f909 7428 8b97 ac00 0000 81e2 	.t-...t(........
00008EB0: 00f0 0000 84c0 7438 81fa 0040 0000 744a 	......t8...@..tJ
00008EC0: b801 0000 00c3 662e 0f1f 8400 0000 0000 	......f.........
00008ED0: 84c0 7536 8b86 ac00 0000 2500 f000 003d 	..u6......%....=
00008EE0: 0040 0000 7424 b8ff ffff ffc3 0f1f 4000 	.@..t$........@.
00008EF0: 8b86 ac00 0000 2500 f000 003d 0040 0000 	......%....=.@..
00008F00: 74b6 81fa 0040 0000 74dc 488b 5768 488b 	t....@..t.H.WhH.
00008F10: 4668 488b 4e60 4839 4f60 7fca 7ca2 29d0 	FhH.N`H9O`..|.).
00008F20: 75c9 488b 3648 8b3f e9b3 baff ff0f 1f00 	u.H.6H.?........
00008F30: f30f 1efa 488b 5768 488b 4668 488b 4e60 	....H.WhH.FhH.N`
00008F40: 4839 4f60 7f2a 7c20 29d0 7514 488b 3648 	H9O`.*| ).u.H.6H
00008F50: 8b3f e989 baff ff66 0f1f 8400 0000 0000 	.?.....f........
00008F60: c30f 1f80 0000 0000 b801 0000 00c3 6690 	..............f.
00008F70: b8ff ffff ffc3 662e 0f1f 8400 0000 0000 	......f.........
00008F80: f30f 1efa 4889 f248 8b4e 6848 8b47 6848 	....H..H.NhH.GhH
00008F90: 8b77 6048 3972 607f 277c 1d29 c875 1148 	.w`H9r`.'|.).u.H
00008FA0: 8b37 488b 3ae9 36ba ffff 660f 1f44 0000 	.7H.:.6...f..D..
00008FB0: c30f 1f80 0000 0000 b801 0000 00c3 6690 	..............f.
00008FC0: b8ff ffff ffc3 662e 0f1f 8400 0000 0000 	......f.........
00008FD0: f30f 1efa 4889 f28b b7a8 0000 008b 8aa8 	....H...........
00008FE0: 0000 0083 f903 0f94 c083 f909 0f94 c109 	................
00008FF0: c883 fe03 742a 83fe 0974 258b 8fac 0000 	....t*...t%.....
00009000: 0081 e100 f000 0084 c074 3581 f900 4000 	.........t5...@.
00009010: 0074 47b8 0100 0000 c30f 1f80 0000 0000 	.tG.............
00009020: 84c0 7536 8b82 ac00 0000 2500 f000 003d 	..u6......%....=
00009030: 0040 0000 7424 b8ff ffff ffc3 0f1f 4000 	.@..t$........@.
00009040: 8b82 ac00 0000 2500 f000 003d 0040 0000 	......%....=.@..
00009050: 74b9 81f9 0040 0000 74dc 488b 4a68 488b 	t....@..t.H.JhH.
00009060: 4768 488b 7760 4839 7260 7fca 7ca5 29c8 	GhH.w`H9r`..|.).
00009070: 75c9 488b 3748 8b3a e963 b9ff ff0f 1f00 	u.H.7H.:.c......
00009080: f30f 1efa 488b 5778 488b 4678 488b 4e70 	....H.WxH.FxH.Np
00009090: 4839 4f70 7f2a 7c20 29d0 7514 488b 3648 	H9Op.*| ).u.H.6H
000090A0: 8b3f e939 b9ff ff66 0f1f 8400 0000 0000 	.?.9...f........
000090B0: c30f 1f80 0000 0000 b801 0000 00c3 6690 	..............f.
000090C0: b8ff ffff ffc3 662e 0f1f 8400 0000 0000 	......f.........
000090D0: f30f 1efa 4889 f248 8b4e 7848 8b47 7848 	....H..H.NxH.GxH
000090E0: 8b77 7048 3972 707f 277c 1d29 c875 1148 	.wpH9rp.'|.).u.H
000090F0: 8b37 488b 3ae9 e6b8 ffff 660f 1f44 0000 	.7H.:.....f..D..
00009100: c30f 1f80 0000 0000 b801 0000 00c3 6690 	..............f.
00009110: b8ff ffff ffc3 662e 0f1f 8400 0000 0000 	......f.........
00009120: f30f 1efa 4889 f28b b7a8 0000 008b 8aa8 	....H...........
00009130: 0000 0083 f903 0f94 c083 f909 0f94 c109 	................
00009140: c883 fe03 742a 83fe 0974 258b 8fac 0000 	....t*...t%.....
00009150: 0081 e100 f000 0084 c074 3581 f900 4000 	.........t5...@.
00009160: 0074 47b8 0100 0000 c30f 1f80 0000 0000 	.tG.............
00009170: 84c0 7536 8b82 ac00 0000 2500 f000 003d 	..u6......%....=
00009180: 0040 0000 7424 b8ff ffff ffc3 0f1f 4000 	.@..t$........@.
00009190: 8b82 ac00 0000 2500 f000 003d 0040 0000 	......%....=.@..
000091A0: 74b9 81f9 0040 0000 74dc 488b 4a78 488b 	t....@..t.H.JxH.
000091B0: 4778 488b 7770 4839 7270 7fca 7ca5 29c8 	GxH.wpH9rp..|.).
000091C0: 75c9 488b 3748 8b3a e913 b8ff ff0f 1f00 	u.H.7H.:........
000091D0: 4157 ba05 0000 0041 5641 5541 5455 89fd 	AW.....AVAUATU..
000091E0: 5348 81ec 8800 0000 4c8b 2569 9201 0064 	SH......L.%i...d
000091F0: 488b 0425 2800 0000 4889 4424 7831 c085 	H..%(...H.D$x1..
00009200: ff74 3148 8d35 fe0e 0100 31ff e83f b6ff 	.t1H.5....1..?..
00009210: ff4c 89e1 be01 0000 0048 89c2 488b 05cd 	.L.......H..H...
00009220: 8d01 0048 8b38 31c0 e813 baff ff89 efe8 	...H.81.........
00009230: ecb9 ffff 31ff 488d 35f3 0e01 00e8 0eb6 	....1.H.5.......
00009240: ffff 4c89 e2bf 0100 0000 4889 c631 c0e8 	..L.......H..1..
00009250: dcb8 ffff 488b 1d4d 8d01 0031 ffba 0500 	....H..M...1....
00009260: 0000 488d 35ef 0e01 004c 8b23 e8df b5ff 	..H.5....L.#....
00009270: ff48 89c7 4c89 e6e8 44b7 ffff 4c8b 23ba 	.H..L...D...L.#.
00009280: 0500 0000 31ff 488d 355b 0f01 00e8 beb5 	....1.H.5[......
00009290: ffff 4c89 e648 89c7 e823 b7ff ff4c 8b23 	..L..H...#...L.#
000092A0: ba05 0000 0031 ff48 8d35 8a0f 0100 e89d 	.....1.H.5......
000092B0: b5ff ff4c 89e6 4889 c7e8 02b7 ffff 4c8b 	...L..H.......L.
000092C0: 23ba 0500 0000 31ff 488d 3579 1001 00e8 	#.....1.H.5y....
000092D0: 7cb5 ffff 4c89 e648 89c7 e8e1 b6ff ff4c 	|...L..H.......L
000092E0: 8b23 ba05 0000 0031 ff48 8d35 f810 0100 	.#.....1.H.5....
000092F0: e85b b5ff ff4c 89e6 4889 c7e8 c0b6 ffff 	.[...L..H.......
00009300: 4c8b 23ba 0500 0000 31ff 488d 3547 1201 	L.#.....1.H.5G..
00009310: 00e8 3ab5 ffff 4c89 e648 89c7 e89f b6ff 	..:...L..H......
00009320: ff4c 8b23 ba05 0000 0031 ff48 8d35 9613 	.L.#.....1.H.5..
00009330: 0100 e819 b5ff ff4c 89e6 4889 c7e8 7eb6 	.......L..H...~.
00009340: ffff 4c8b 23ba 0500 0000 31ff 488d 351d 	..L.#.....1.H.5.
00009350: 1501 00e8 f8b4 ffff 4c89 e648 89c7 e85d 	........L..H...]
00009360: b6ff ff4c 8b23 ba05 0000 0031 ff48 8d35 	...L.#.....1.H.5
00009370: 3c15 0100 e8d7 b4ff ff4c 89e6 4889 c7e8 	<........L..H...
00009380: 3cb6 ffff 4c8b 23ba 0500 0000 31ff 488d 	<...L.#.....1.H.
00009390: 3513 1601 00e8 b6b4 ffff 4c89 e648 89c7 	5.........L..H..
000093A0: e81b b6ff ff4c 8b23 ba05 0000 0031 ff48 	.....L.#.....1.H
000093B0: 8d35 4216 0100 e895 b4ff ff4c 89e6 4889 	.5B........L..H.
000093C0: c7e8 fab5 ffff 4c8b 23ba 0500 0000 31ff 	......L.#.....1.
000093D0: 488d 35b9 1601 00e8 74b4 ffff 4c89 e648 	H.5.....t...L..H
000093E0: 89c7 e8d9 b5ff ff4c 8b23 ba05 0000 0031 	.......L.#.....1
000093F0: ff48 8d35 4018 0100 e853 b4ff ff4c 89e6 	.H.5@....S...L..
00009400: 4889 c7e8 b8b5 ffff 4c8b 23ba 0500 0000 	H.......L.#.....
00009410: 31ff 488d 35b7 1801 00e8 32b4 ffff 4c89 	1.H.5.....2...L.
00009420: e648 89c7 e897 b5ff ff4c 8b23 ba05 0000 	.H.......L.#....
00009430: 0031 ff48 8d35 fe19 0100 e811 b4ff ff4c 	.1.H.5.........L
00009440: 89e6 4889 c7e8 76b5 ffff 4c8b 23ba 0500 	..H...v...L.#...
00009450: 0000 31ff 488d 3575 1a01 00e8 f0b3 ffff 	..1.H.5u........
00009460: 4c89 e648 89c7 e855 b5ff ff4c 8b23 ba05 	L..H...U...L.#..
00009470: 0000 0031 ff48 8d35 bc1b 0100 e8cf b3ff 	...1.H.5........
00009480: ff4c 89e6 4889 c7e8 34b5 ffff 4c8b 23ba 	.L..H...4...L.#.
00009490: 0500 0000 31ff 488d 35cb 1c01 00e8 aeb3 	....1.H.5.......
000094A0: ffff 4c89 e648 89c7 e813 b5ff ff4c 8b23 	..L..H.......L.#
000094B0: ba05 0000 0031 ff48 8d35 fa1e 0100 e88d 	.....1.H.5......
000094C0: b3ff ff4c 89e6 4889 c7e8 f2b4 ffff 4c8b 	...L..H.......L.
000094D0: 23ba 0500 0000 31ff 488d 35a1 1f01 00e8 	#.....1.H.5.....
000094E0: 6cb3 ffff 4c89 e648 89c7 e8d1 b4ff ff31 	l...L..H.......1
000094F0: ff4c 8b23 ba05 0000 0048 8d35 0022 0100 	.L.#.....H.5."..
00009500: e84b b3ff ff4c 89e6 4889 c7e8 b0b4 ffff 	.K...L..H.......
00009510: 4c8b 23ba 0500 0000 31ff 488d 352f 2201 	L.#.....1.H.5/".
00009520: 00e8 2ab3 ffff 4c89 e648 89c7 e88f b4ff 	..*...L..H......
00009530: ff4c 8b23 ba05 0000 0031 ff48 8d35 9e22 	.L.#.....1.H.5."
00009540: 0100 e809 b3ff ff4c 89e6 4889 c7e8 6eb4 	.......L..H...n.
00009550: ffff 4c8b 23ba 0500 0000 31ff 488d 35f5 	..L.#.....1.H.5.
00009560: 2301 00e8 e8b2 ffff 4c89 e648 89c7 e84d 	#.......L..H...M
00009570: b4ff ff4c 8b23 ba05 0000 0031 ff48 8d35 	...L.#.....1.H.5
00009580: 4425 0100 e8c7 b2ff ff4c 89e6 4889 c7e8 	D%.......L..H...
00009590: 2cb4 ffff 4c8b 23ba 0500 0000 31ff 488d 	,...L.#.....1.H.
000095A0: 3553 2501 00e8 a6b2 ffff 4c89 e648 89c7 	5S%.......L..H..
000095B0: e80b b4ff ff4c 8b23 ba05 0000 0031 ff48 	.....L.#.....1.H
000095C0: 8d35 6a25 0100 e885 b2ff ff4c 89e6 4889 	.5j%.......L..H.
000095D0: c7e8 eab3 ffff 4c8b 23ba 0500 0000 31ff 	......L.#.....1.
000095E0: 488d 3521 2601 00e8 64b2 ffff 4c89 e648 	H.5!&...d...L..H
000095F0: 89c7 e8c9 b3ff ff4c 8b23 ba05 0000 0031 	.......L.#.....1
00009600: ff48 8d35 7827 0100 e843 b2ff ff4c 89e6 	.H.5x'...C...L..
00009610: 4889 c7e8 a8b3 ffff ba05 0000 004c 8b23 	H............L.#
00009620: 31ff 488d 3577 2801 00e8 22b2 ffff 4c89 	1.H.5w(..."...L.
00009630: e648 89c7 e887 b3ff ff48 8d05 650a 0100 	.H.......H..e...
00009640: 4889 e248 8d0d 2303 0100 4889 0424 488d 	H..H..#...H..$H.
00009650: 05d9 0201 00be 6c00 0000 bf73 0000 0048 	......l....s...H
00009660: 8944 2408 488d 053b 0301 0048 8944 2410 	.D$.H..;...H.D$.
00009670: 488d 05c7 0201 0048 8944 2418 488d 05d1 	H......H.D$.H...
00009680: 0201 0048 894c 2430 488d 0de8 0201 0048 	...H.L$0H......H
00009690: 8944 2420 488d 05c3 0201 0048 894c 2440 	.D$ H......H.L$@
000096A0: 488d 0dda 0201 0048 8944 2428 4889 4424 	H......H.D$(H.D$
000096B0: 3848 8944 2448 4889 4c24 5048 8944 2458 	8H.D$HH.L$PH.D$X
000096C0: 48c7 4424 6000 0000 0048 c744 2468 0000 	H.D$`....H.D$h..
000096D0: 0000 660f 1f44 0000 488b 4210 4883 c210 	..f..D..H.B.H...
000096E0: 4885 c074 150f b608 39ce 75ec 0fb6 4801 	H..t....9.u...H.
000096F0: 39cf 75e4 8078 0200 75de 4c8b 6208 488d 	9.u..x..u.L.b.H.
00009700: 3586 0201 00ba 0500 0000 31ff 4d85 e40f 	5.........1.M...
00009710: 84c3 0000 00e8 36b1 ffff 4c8d 2d17 2801 	......6...L.-.(.
00009720: 0048 8d15 7a02 0100 bf01 0000 0048 89c6 	.H..z........H..
00009730: 4c89 e94c 8d35 7302 0100 31c0 e8ef b3ff 	L..L.5s...1.....
00009740: ffbf 0500 0000 31f6 e8d3 b3ff ff48 89c7 	......1......H..
00009750: 4885 c074 19ba 0300 0000 488d 354f 0201 	H..t......H.5O..
00009760: 00e8 aaaf ffff 85c0 0f85 fd00 0000 31ff 	..............1.
00009770: ba05 0000 0048 8d35 3802 0100 e8cf b0ff 	.....H.58.......
00009780: ff4c 89ea 4c89 f1bf 0100 0000 4889 c631 	.L..L.......H..1
00009790: c04c 8d2d b001 0100 e893 b3ff ff4d 39f4 	.L.-.........M9.
000097A0: 488d 0516 0401 004c 0f45 e831 ff48 8d35 	H......L.E.1.H.5
000097B0: f427 0100 ba05 0000 00e8 92b0 ffff 4c89 	.'............L.
000097C0: e94c 89e2 bf01 0000 0048 89c6 31c0 e85d 	.L.......H..1..]
000097D0: b3ff ffe9 55fa ffff e873 b0ff ff4c 8d2d 	....U....s...L.-
000097E0: 5427 0100 bf01 0000 0048 8d15 b201 0100 	T'.......H......
000097F0: 4889 c64c 89e9 31c0 e833 b3ff ffbf 0500 	H..L..1..3......
00009800: 0000 31f6 e817 b3ff ff48 89c7 4885 c074 	..1......H..H..t
00009810: 15ba 0300 0000 488d 3593 0101 00e8 eeae 	......H.5.......
00009820: ffff 85c0 753b ba05 0000 0048 8d35 8201 	....u;.....H.5..
00009830: 0100 31ff e817 b0ff ff4c 8d25 6d01 0100 	..1......L.%m...
00009840: 4c89 eabf 0100 0000 4889 c64c 89e1 4c8d 	L.......H..L..L.
00009850: 2df3 0001 0031 c0e8 d4b2 ffff e94a ffff 	-....1.......J..
00009860: ff4c 8d35 4501 0100 4d89 f44c 8b3b 31ff 	.L.5E...M..L.;1.
00009870: ba05 0000 0048 8d35 e426 0100 e8cf afff 	.....H.5.&......
00009880: ff48 89c7 4c89 fee8 34b1 ffff e9dd feff 	.H..L...4.......
00009890: ff66 662e 0f1f 8400 0000 0000 0f1f 4000 	.ff...........@.
000098A0: f30f 1efa 5058 ba05 0000 0048 8d35 1d01 	....PX.....H.5..
000098B0: 0100 31ff 4883 ec08 e893 afff ff48 8d15 	..1.H........H..
000098C0: 0902 0100 be01 0000 0048 89c1 488b 051d 	.........H..H...
000098D0: 8701 0048 8b38 31c0 e863 b3ff ff8b 3d9d 	...H.81..c....=.
000098E0: 8701 00e8 38b3 ffff 0f1f 8400 0000 0000 	....8...........
000098F0: 4883 ec18 31f6 488d 0dc0 0201 0064 488b 	H...1.H......dH.
00009900: 0425 2800 0000 4889 4424 0831 c048 89e2 	.%(...H.D$.1.H..
00009910: e83b b100 0085 c074 3783 f801 752a 48c7 	.;.....t7...u*H.
00009920: 0557 8b01 00ff ffff ffb8 0100 0000 488b 	.W............H.
00009930: 5424 0864 482b 1425 2800 0000 7524 4883 	T$.dH+.%(...u$H.
00009940: c418 c30f 1f44 0000 31c0 ebe2 0f1f 4000 	.....D..1.....@.
00009950: 488b 0424 4889 0525 8b01 00b8 0100 0000 	H..$H..%........
00009960: ebcc e819 afff ff66 0f1f 8400 0000 0000 	.......f........
00009970: 4154 5553 4889 fb48 83ec 1064 488b 0425 	ATUSH..H...dH..%
00009980: 2800 0000 4889 4424 0831 c048 85ff 0f84 	(...H.D$.1.H....
00009990: 2401 0000 31ed 803b 2775 0948 83c3 01bd 	$...1..;'u.H....
000099A0: 0400 0000 4c8d 2525 ec00 0048 8d35 2e76 	....L.%%...H.5.v
000099B0: 0100 4889 df4c 89e2 e823 9400 0085 c078 	..H..L...#.....x
000099C0: 3f48 c705 e488 0100 0100 0000 4898 410b 	?H..........H.A.
000099D0: 2c84 31c0 892d de88 0100 488b 5424 0864 	,.1..-....H.T$.d
000099E0: 482b 1425 2800 0000 0f85 5b01 0000 4883 	H+.%(.....[...H.
000099F0: c410 5b5d 415c c366 0f1f 8400 0000 0000 	..[]A\.f........
00009A00: 4889 e648 8d0d f0ff 0000 488d 159f 8801 	H..H......H.....
00009A10: 0048 89df e837 b000 0085 c075 4b0f b60b 	.H...7.....uK...
00009A20: 8d51 d048 8b0c 2480 fa09 7714 eb28 6690 	.Q.H..$...w..(f.
00009A30: 0fb6 7301 4883 c301 8d56 d080 fa09 7616 	..s.H....V....v.
00009A40: 4839 d975 eb80 79ff 420f 84c9 0000 0040 	H9.u..y.B......@
00009A50: 80cd 8083 cd20 892d 5c88 0100 488b 154d 	..... .-\...H..M
00009A60: 8801 00eb 140f 1f00 c705 4688 0100 0000 	..........F.....
00009A70: 0000 488b 1537 8801 0048 85d2 0f85 58ff 	..H..7...H....X.
00009A80: ffff 488d 3d61 ff00 00e8 22ac ffff 4883 	..H.=a...."...H.
00009A90: f801 4819 c025 0002 0000 4805 0002 0000 	..H..%....H.....
00009AA0: 4889 0509 8801 00b8 0400 0000 e929 ffff 	H............)..
00009AB0: ff0f 1f80 0000 0000 488d 3d92 0201 00e8 	........H.=.....
00009AC0: ecab ffff 4889 c348 85c0 0f85 c4fe ffff 	....H..H........
00009AD0: 488d 3d09 ff00 00e8 d4ab ffff 4889 c348 	H.=.........H..H
00009AE0: 85c0 0f85 acfe ffff 488d 3dfb fe00 00e8 	........H.=.....
00009AF0: bcab ffff 4885 c074 3448 c705 ac87 0100 	....H..t4H......
00009B00: 0002 0000 31c0 c705 a887 0100 0000 0000 	....1...........
00009B10: e9c5 feff ff0f 1f00 81cd 8001 0000 8079 	...............y
00009B20: fe69 0f85 2eff ffff e926 ffff ff48 c705 	.i.......&...H..
00009B30: 7887 0100 0004 0000 31c0 c705 7487 0100 	x.......1...t...
00009B40: 0000 0000 e991 feff ffe8 32ad ffff 6690 	..........2...f.
00009B50: 4889 fe48 8d15 e684 0100 31ff e93f ad00 	H..H......1..?..
00009B60: 0066 662e 0f1f 8400 0000 0000 0f1f 4000 	.ff...........@.
00009B70: f30f 1efa 4155 4154 5553 4889 f348 83ec 	....AUATUSH..H..
00009B80: 088b 96a8 0000 008b 8fa8 0000 0083 fa03 	................
00009B90: 0f94 c083 fa09 0f94 c209 d083 f903 7430 	..............t0
00009BA0: 83f9 0974 2b8b 97ac 0000 0081 e200 f000 	...t+...........
00009BB0: 0084 c074 4b81 fa00 4000 0074 5db8 0100 	...tK...@..t]...
00009BC0: 0000 4883 c408 5b5d 415c 415d c30f 1f00 	..H...[]A\A]....
00009BD0: 84c0 7546 8b83 ac00 0000 2500 f000 003d 	..uF......%....=
00009BE0: 0040 0000 7434 4883 c408 b8ff ffff ff5b 	.@..t4H........[
00009BF0: 5d41 5c41 5dc3 662e 0f1f 8400 0000 0000 	]A\A].f.........
00009C00: 8b86 ac00 0000 2500 f000 003d 0040 0000 	......%....=.@..
00009C10: 74a3 81fa 0040 0000 74cc 4c8b 27be 2e00 	t....@..t.L.'...
00009C20: 0000 4c89 e7e8 d6ac ffff 4c8b 2bbe 2e00 	..L.......L.+...
00009C30: 0000 4889 c54c 89ef e8c3 acff ff48 89c6 	..H..L.......H..
00009C40: 4885 c074 3b48 85ed 488d 056e ff00 0048 	H..t;H..H..n...H
00009C50: 0f44 e848 89ef e885 adff ff85 c00f 855f 	.D.H..........._
00009C60: ffff ff48 83c4 084c 89ee 4c89 e75b 5d41 	...H...L..L..[]A
00009C70: 5c41 5de9 68ad ffff 0f1f 8400 0000 0000 	\A].h...........
00009C80: 488d 3536 ff00 0048 85ed 75c7 ebd5 6690 	H.56...H..u...f.
00009C90: f30f 1efa 4155 4989 f5be 2e00 0000 4154 	....AUI.......AT
00009CA0: 554c 8b27 4c89 e7e8 54ac ffff 4d8b 6d00 	UL.'L...T...M.m.
00009CB0: be2e 0000 0048 89c5 4c89 efe8 40ac ffff 	.....H..L...@...
00009CC0: 4885 c074 2b48 89c6 4885 ed48 8d05 ebfe 	H..t+H..H..H....
00009CD0: 0000 480f 44e8 4889 efe8 02ad ffff 85c0 	..H.D.H.........
00009CE0: 741a 5d41 5c41 5dc3 0f1f 8400 0000 0000 	t.]A\A].........
00009CF0: 488d 35c6 fe00 0048 85ed 75da 5d4c 89ee 	H.5....H..u.]L..
00009D00: 4c89 e741 5c41 5de9 d4ac ffff 0f1f 4000 	L..A\A].......@.
00009D10: f30f 1efa 4155 4989 fd41 5455 4c8b 26be 	....AUI..ATUL.&.
00009D20: 2e00 0000 4c89 e7e8 d4ab ffff 4d8b 6d00 	....L.......M.m.
00009D30: be2e 0000 0048 89c5 4c89 efe8 c0ab ffff 	.....H..L.......
00009D40: 4885 c074 2b48 89c6 4885 ed48 8d05 6bfe 	H..t+H..H..H..k.
00009D50: 0000 480f 44e8 4889 efe8 82ac ffff 85c0 	..H.D.H.........
00009D60: 741a 5d41 5c41 5dc3 0f1f 8400 0000 0000 	t.]A\A].........
00009D70: 488d 3546 fe00 0048 85ed 75da 5d4c 89ee 	H.5F...H..u.]L..
00009D80: 4c89 e741 5c41 5de9 54ac ffff 0f1f 4000 	L..A\A].T.....@.
00009D90: f30f 1efa 4155 4154 5553 4889 fb48 83ec 	....AUATUSH..H..
00009DA0: 088b 96a8 0000 008b 8fa8 0000 0083 fa03 	................
00009DB0: 0f94 c083 fa09 0f94 c209 d083 f903 7430 	..............t0
00009DC0: 83f9 0974 2b8b 97ac 0000 0081 e200 f000 	...t+...........
00009DD0: 0084 c074 4b81 fa00 4000 0074 5db8 0100 	...tK...@..t]...
00009DE0: 0000 4883 c408 5b5d 415c 415d c30f 1f00 	..H...[]A\A]....
00009DF0: 84c0 7546 8b86 ac00 0000 2500 f000 003d 	..uF......%....=
00009E00: 0040 0000 7434 4883 c408 b8ff ffff ff5b 	.@..t4H........[
00009E10: 5d41 5c41 5dc3 662e 0f1f 8400 0000 0000 	]A\A].f.........
00009E20: 8b86 ac00 0000 2500 f000 003d 0040 0000 	......%....=.@..
00009E30: 74a3 81fa 0040 0000 74cc 4c8b 26be 2e00 	t....@..t.L.&...
00009E40: 0000 4c89 e7e8 b6aa ffff 4c8b 2bbe 2e00 	..L.......L.+...
00009E50: 0000 4889 c54c 89ef e8a3 aaff ff48 89c6 	..H..L.......H..
00009E60: 4885 c074 3b48 85ed 488d 054e fd00 0048 	H..t;H..H..N...H
00009E70: 0f44 e848 89ef e865 abff ff85 c00f 855f 	.D.H...e......._
00009E80: ffff ff48 83c4 084c 89ee 4c89 e75b 5d41 	...H...L..L..[]A
00009E90: 5c41 5de9 48ab ffff 0f1f 8400 0000 0000 	\A].H...........
00009EA0: 488d 3516 fd00 0048 85ed 75c7 ebd5 6690 	H.5....H..u...f.
00009EB0: 4155 4154 4989 fc55 4889 f548 83ec 4064 	AUATI..UH..H..@d
00009EC0: 488b 0425 2800 0000 4889 4424 3831 c048 	H..%(...H.D$81.H
00009ED0: 83fa ffba 0500 0000 0f84 a200 0000 488d 	..............H.
00009EE0: 3542 fb00 0031 ffe8 64a9 ffff 4989 c54c 	5B...1..d...I..L
00009EF0: 89e6 488d 1547 8101 00bf 0100 0000 e89d 	..H..G..........
00009F00: a900 0048 89e2 4889 ee31 ff48 c704 2408 	...H..H..1.H..$.
00009F10: 0000 0049 89c4 48c7 4424 0800 0000 0048 	...I..H.D$.....H
00009F20: c744 2410 0000 0000 48c7 4424 1800 0000 	.D$.....H.D$....
00009F30: 0048 c744 2420 0000 0000 48c7 4424 2800 	.H.D$ ....H.D$(.
00009F40: 0000 0048 c744 2430 0000 0000 e84f a900 	...H.D$0.....O..
00009F50: 0048 89c1 488b 4424 3864 482b 0425 2800 	.H..H.D$8dH+.%(.
00009F60: 0000 7532 4883 c440 4d89 e04c 89ea 31f6 	..u2H..@M..L..1.
00009F70: 5d31 ff41 5c31 c041 5de9 12ac ffff 6690 	]1.A\1.A].....f.
00009F80: 488d 3585 fa00 0031 ffe8 c2a8 ffff 4989 	H.5....1......I.
00009F90: c5e9 59ff ffff e8e5 a8ff ff0f 1f44 0000 	..Y..........D..
00009FA0: 4157 4156 4989 d648 89ca 4155 4d89 c541 	AWAVI..H..AUM..A
00009FB0: 5449 89fc 5548 89f5 4c89 f653 4889 ef48 	TI..UH..L..SH..H
00009FC0: 89cb 4883 ec18 e815 8e00 0048 85c0 7810 	..H........H..x.
00009FD0: 4883 c418 5b5d 415c 415d 415e 415f c390 	H...[]A\A]A^A_..
00009FE0: 4889 c24c 89e7 4889 eee8 c2fe ffff 488b 	H..L..H.......H.
00009FF0: 05fb 7f01 00ba 0500 0000 31ff 488d 3541 	..........1.H.5A
0000A000: fa00 004c 8b20 e845 a8ff ff48 89c7 4c89 	...L. .E...H..L.
0000A010: e6e8 aaa9 ffff 498b 3648 85f6 0f84 9e00 	......I.6H......
0000A020: 0000 4889 dd45 31d2 31db 4c8d 250f 8001 	..H..E1.1.L.%...
0000A030: 004c 8d3d 21fa 0000 eb40 660f 1f44 0000 	.L.=!....@f..D..
0000A040: 4c89 e231 ffe8 56a8 0000 4c89 fabe 0100 	L..1..V...L.....
0000A050: 0000 4889 c148 8b05 947f 0100 488b 3831 	..H..H......H.81
0000A060: c0e8 daab ffff 4989 ea48 83c3 0148 83c5 	......I..H...H..
0000A070: 0449 8b34 de48 85f6 7446 4885 db74 c18b 	.I.4.H..tFH..t..
0000A080: 4500 4139 0275 b94c 89e2 31ff 4c89 5424 	E.A9.u.L..1.L.T$
0000A090: 08e8 0aa8 0000 488d 15c4 f900 00be 0100 	......H.........
0000A0A0: 0000 4889 c148 8b05 447f 0100 488b 3831 	..H..H..D...H.81
0000A0B0: c0e8 8aab ffff 4c8b 5424 08eb ac0f 1f00 	......L.T$......
0000A0C0: 488b 0529 7f01 0048 8b38 488b 4728 483b 	H..)...H.8H.G(H;
0000A0D0: 4730 731a 488d 5001 4889 5728 c600 0a41 	G0s.H.P.H.W(...A
0000A0E0: ffd5 48c7 c0ff ffff ffe9 e2fe ffff be0a 	..H.............
0000A0F0: 0000 00e8 f8a7 ffff ebe5 660f 1f44 0000 	..........f..D..
0000A100: 4155 4154 4989 f448 89d6 5389 fb31 ff48 	AUATI..H..S..1.H
0000A110: 83ec 4064 488b 0425 2800 0000 4889 4424 	..@dH..%(...H.D$
0000A120: 3831 c048 89e2 48c7 0424 0400 0000 48c7 	81.H..H..$....H.
0000A130: 4424 0800 0000 0048 c744 2410 0000 0000 	D$.....H.D$.....
0000A140: 48c7 4424 1800 0000 0048 c744 2420 0000 	H.D$.....H.D$ ..
0000A150: 0000 48c7 4424 2800 0000 0048 c744 2430 	..H.D$(....H.D$0
0000A160: 0000 0000 e837 a700 0049 89c5 e88f a5ff 	.....7...I......
0000A170: ff31 ff4c 89e9 4c89 e28b 3031 c0e8 0eaa 	.1.L..L...01....
0000A180: ffff 84db 742a c705 dc85 0100 0200 0000 	....t*..........
0000A190: 488b 4424 3864 482b 0425 2800 0000 7526 	H.D$8dH+.%(...u&
0000A1A0: 4883 c440 5b41 5c41 5dc3 660f 1f44 0000 	H..@[A\A].f..D..
0000A1B0: 8b05 b685 0100 85c0 75d6 c705 a885 0100 	........u.......
0000A1C0: 0100 0000 ebca e8b5 a6ff ff0f 1f44 0000 	.............D..
0000A1D0: f30f 1efa 4154 ba05 0000 0048 8d35 26ff 	....AT.....H.5&.
0000A1E0: 0000 31ff 4c8b 256d 8201 00e8 60a6 ffff 	..1.L.%m....`...
0000A1F0: 4c89 e1be 0100 0000 4889 c248 8b05 ee7d 	L.......H..H...}
0000A200: 0100 488b 3831 c0e8 34aa ffff bf01 0000 	..H.81..4.......
0000A210: 00e8 0aaa ffff 662e 0f1f 8400 0000 0000 	......f.........
0000A220: 4883 3da0 8301 0000 4154 5553 7455 31ed 	H.=.....ATUStU1.
0000A230: 4c8d 25ed 7d01 0066 0f1f 8400 0000 0000 	L.%.}..f........
0000A240: 488b 0509 8201 0048 8b1c e848 8b3b e81d 	H......H...H.;..
0000A250: a4ff ff48 8b7b 08e8 14a4 ffff 488b 7b10 	...H.{......H.{.
0000A260: e80b a4ff ff48 8bbb b000 0000 4c39 e774 	.....H......L9.t
0000A270: 05e8 3aa6 ffff 4883 c501 4839 2d47 8301 	..:...H...H9-G..
0000A280: 0077 bd5b 5dc6 0520 8001 0000 48c7 0531 	.w.[].. ....H..1
0000A290: 8301 0000 0000 0041 5cc6 05ac 8101 0000 	.......A\.......
0000A2A0: c705 fe7f 0100 0000 0000 c705 f07f 0100 	................
0000A2B0: 0000 0000 c705 8a81 0100 0000 0000 c705 	................
0000A2C0: 7c81 0100 0000 0000 c705 6e81 0100 0000 	|.........n.....
0000A2D0: 0000 c705 6081 0100 0000 0000 c705 ba7f 	....`...........
0000A2E0: 0100 0000 0000 c705 4881 0100 0000 0000 	........H.......
0000A2F0: c705 3a81 0100 0000 0000 c705 2c81 0100 	..:.........,...
0000A300: 0000 0000 c366 662e 0f1f 8400 0000 0000 	.....ff.........
0000A310: 4154 5553 85ff 7458 4189 fc83 ff0a 7410 	ATUS..tXA.....t.
0000A320: 4489 e05b 5d41 5cc3 0f1f 8400 0000 0000 	D..[]A\.........
0000A330: 488b 2e48 89f3 488d 3529 f700 0048 89ef 	H..H..H.5)...H..
0000A340: e89b a6ff ff85 c075 d748 89ef 41bc ffff 	.......u.H..A...
0000A350: ffff e859 a5ff ff48 c703 0000 0000 e89d 	...Y...H........
0000A360: a3ff ffc7 003d 0000 00eb b50f 1f44 0000 	.....=.......D..
0000A370: e88b a3ff ff41 bcff ffff ffc7 005f 0000 	.....A......._..
0000A380: 00eb 9d66 662e 0f1f 8400 0000 0000 6690 	...ff.........f.
0000A390: 4155 4154 5548 89fd 5348 83ec 1848 8b1d 	AUATUH..SH...H..
0000A3A0: 1c82 0100 6448 8b04 2528 0000 0048 8944 	....dH..%(...H.D
0000A3B0: 2408 31c0 488d 0505 7f01 0048 85db 480f 	$.1.H......H..H.
0000A3C0: 44d8 e839 a3ff ff48 8d7c 2406 4889 eabe 	D..9...H.|$.H...
0000A3D0: 0200 0000 448b 2844 8b43 04ff 7330 4989 	....D.(D.C..s0I.
0000A3E0: c48b 0bff 7328 4c8d 4b08 e8e1 8a00 0045 	....s(L.K......E
0000A3F0: 892c 245a 590f b64c 2406 384d 0074 21b8 	.,$ZY..L$.8M.t!.
0000A400: 0100 0000 488b 5424 0864 482b 1425 2800 	....H.T$.dH+.%(.
0000A410: 0000 751f 4883 c418 5b5d 415c 415d c390 	..u.H...[]A\A]..
0000A420: 4889 ef48 89c3 e845 a4ff ff48 39d8 0f95 	H..H...E...H9...
0000A430: c0eb d1e8 48a4 ffff 0f1f 8400 0000 0000 	....H...........
0000A440: f30f 1efa 488b 9788 0000 0048 8b86 8800 	....H......H....
0000A450: 0000 488b 8e80 0000 0048 398f 8000 0000 	..H......H9.....
0000A460: 7f4e 7c3c 29d0 7530 4154 5548 83ec 0848 	.N|<).u0ATUH...H
0000A470: 8b2f 4c8b 26e8 86a2 ffff c700 0000 0000 	./L.&...........
0000A480: 4883 c408 4c89 e648 89ef 5d41 5ce9 2ea6 	H...L..H..]A\...
0000A490: ffff 660f 1f44 0000 c30f 1f80 0000 0000 	..f..D..........
0000A4A0: b801 0000 00c3 662e 0f1f 8400 0000 0000 	......f.........
0000A4B0: b8ff ffff ffc3 662e 0f1f 8400 0000 0000 	......f.........
0000A4C0: f30f 1efa 488b 9688 0000 0048 8b87 8800 	....H......H....
0000A4D0: 0000 488b 8f80 0000 0048 398e 8000 0000 	..H......H9.....
0000A4E0: 7f4e 7c3c 29d0 7530 4154 5548 83ec 0848 	.N|<).u0ATUH...H
0000A4F0: 8b2e 4c8b 27e8 06a2 ffff c700 0000 0000 	..L.'...........
0000A500: 4883 c408 4c89 e648 89ef 5d41 5ce9 aea5 	H...L..H..]A\...
0000A510: ffff 660f 1f44 0000 c30f 1f80 0000 0000 	..f..D..........
0000A520: b801 0000 00c3 662e 0f1f 8400 0000 0000 	......f.........
0000A530: b8ff ffff ffc3 662e 0f1f 8400 0000 0000 	......f.........
0000A540: f30f 1efa 8b96 a800 0000 8b8f a800 0000 	................
0000A550: 83fa 030f 94c0 83fa 090f 94c2 09d0 83f9 	................
0000A560: 0374 2d83 f909 7428 8b97 ac00 0000 81e2 	.t-...t(........
0000A570: 00f0 0000 84c0 7438 81fa 0040 0000 744a 	......t8...@..tJ
0000A580: b801 0000 00c3 662e 0f1f 8400 0000 0000 	......f.........
0000A590: 84c0 7536 8b86 ac00 0000 2500 f000 003d 	..u6......%....=
0000A5A0: 0040 0000 7424 b8ff ffff ffc3 0f1f 4000 	.@..t$........@.
0000A5B0: 8b86 ac00 0000 2500 f000 003d 0040 0000 	......%....=.@..
0000A5C0: 74b6 81fa 0040 0000 74dc 488b 9788 0000 	t....@..t.H.....
0000A5D0: 0048 8b86 8800 0000 488b 8e80 0000 0048 	.H......H......H
0000A5E0: 398f 8000 0000 7fbe 7c96 29d0 75bd 4154 	9.......|.).u.AT
0000A5F0: 5548 83ec 0848 8b2f 4c8b 26e8 00a1 ffff 	UH...H./L.&.....
0000A600: c700 0000 0000 4883 c408 4c89 e648 89ef 	......H...L..H..
0000A610: 5d41 5ce9 a8a4 ffff 0f1f 8400 0000 0000 	]A\.............
0000A620: f30f 1efa 8b8e a800 0000 4889 fa8b bfa8 	..........H.....
0000A630: 0000 0083 f903 0f94 c083 f909 0f94 c109 	................
0000A640: c883 ff03 742a 83ff 0974 258b 8aac 0000 	....t*...t%.....
0000A650: 0081 e100 f000 0084 c074 3581 f900 4000 	.........t5...@.
0000A660: 0074 47b8 0100 0000 c30f 1f80 0000 0000 	.tG.............
0000A670: 84c0 7536 8b86 ac00 0000 2500 f000 003d 	..u6......%....=
0000A680: 0040 0000 7424 b8ff ffff ffc3 0f1f 4000 	.@..t$........@.
0000A690: 8b86 ac00 0000 2500 f000 003d 0040 0000 	......%....=.@..
0000A6A0: 74b9 81f9 0040 0000 74dc 488b 8e88 0000 	t....@..t.H.....
0000A6B0: 0048 8b82 8800 0000 488b ba80 0000 0048 	.H......H......H
0000A6C0: 39be 8000 0000 7fbe 7c99 29c8 75bd 4154 	9.......|.).u.AT
0000A6D0: 5548 83ec 0848 8b2e 4c8b 22e8 20a0 ffff 	UH...H..L.". ...
0000A6E0: c700 0000 0000 4883 c408 4c89 e648 89ef 	......H...L..H..
0000A6F0: 5d41 5ce9 c8a3 ffff 0f1f 8400 0000 0000 	]A\.............
0000A700: f30f 1efa 488b 5778 488b 4678 488b 4e70 	....H.WxH.FxH.Np
0000A710: 4839 4f70 7f4a 7c40 29d0 7534 4154 5548 	H9Op.J|@).u4ATUH
0000A720: 83ec 0848 8b2f 4c8b 26e8 d29f ffff c700 	...H./L.&.......
0000A730: 0000 0000 4883 c408 4c89 e648 89ef 5d41 	....H...L..H..]A
0000A740: 5ce9 7aa3 ffff 662e 0f1f 8400 0000 0000 	\.z...f.........
0000A750: c30f 1f80 0000 0000 b801 0000 00c3 6690 	..............f.
0000A760: b8ff ffff ffc3 662e 0f1f 8400 0000 0000 	......f.........
0000A770: f30f 1efa 488b 5678 488b 4778 488b 4f70 	....H.VxH.GxH.Op
0000A780: 4839 4e70 7f4a 7c40 29d0 7534 4154 5548 	H9Np.J|@).u4ATUH
0000A790: 83ec 0848 8b2e 4c8b 27e8 629f ffff c700 	...H..L.'.b.....
0000A7A0: 0000 0000 4883 c408 4c89 e648 89ef 5d41 	....H...L..H..]A
0000A7B0: 5ce9 0aa3 ffff 662e 0f1f 8400 0000 0000 	\.....f.........
0000A7C0: c30f 1f80 0000 0000 b801 0000 00c3 6690 	..............f.
0000A7D0: b8ff ffff ffc3 662e 0f1f 8400 0000 0000 	......f.........
0000A7E0: f30f 1efa 488b 5768 488b 4668 488b 4e60 	....H.WhH.FhH.N`
0000A7F0: 4839 4f60 7f4a 7c40 29d0 7534 4154 5548 	H9O`.J|@).u4ATUH
0000A800: 83ec 0848 8b2f 4c8b 26e8 f29e ffff c700 	...H./L.&.......
0000A810: 0000 0000 4883 c408 4c89 e648 89ef 5d41 	....H...L..H..]A
0000A820: 5ce9 9aa2 ffff 662e 0f1f 8400 0000 0000 	\.....f.........
0000A830: c30f 1f80 0000 0000 b801 0000 00c3 6690 	..............f.
0000A840: b8ff ffff ffc3 662e 0f1f 8400 0000 0000 	......f.........
0000A850: f30f 1efa 488b 5668 488b 4768 488b 4f60 	....H.VhH.GhH.O`
0000A860: 4839 4e60 7f4a 7c40 29d0 7534 4154 5548 	H9N`.J|@).u4ATUH
0000A870: 83ec 0848 8b2e 4c8b 27e8 829e ffff c700 	...H..L.'.......
0000A880: 0000 0000 4883 c408 4c89 e648 89ef 5d41 	....H...L..H..]A
0000A890: 5ce9 2aa2 ffff 662e 0f1f 8400 0000 0000 	\.*...f.........
0000A8A0: c30f 1f80 0000 0000 b801 0000 00c3 6690 	..............f.
0000A8B0: b8ff ffff ffc3 662e 0f1f 8400 0000 0000 	......f.........
0000A8C0: f30f 1efa 8b96 a800 0000 8b8f a800 0000 	................
0000A8D0: 83fa 030f 94c0 83fa 090f 94c2 09d0 83f9 	................
0000A8E0: 0374 2d83 f909 7428 8b97 ac00 0000 81e2 	.t-...t(........
0000A8F0: 00f0 0000 84c0 7438 81fa 0040 0000 744a 	......t8...@..tJ
0000A900: b801 0000 00c3 662e 0f1f 8400 0000 0000 	......f.........
0000A910: 84c0 7536 8b86 ac00 0000 2500 f000 003d 	..u6......%....=
0000A920: 0040 0000 7424 b8ff ffff ffc3 0f1f 4000 	.@..t$........@.
0000A930: 8b86 ac00 0000 2500 f000 003d 0040 0000 	......%....=.@..
0000A940: 74b6 81fa 0040 0000 74dc 488b 5768 488b 	t....@..t.H.WhH.
0000A950: 4668 488b 4e60 4839 4f60 7fca 7ca2 29d0 	FhH.N`H9O`..|.).
0000A960: 75c9 4154 5548 83ec 0848 8b2f 4c8b 26e8 	u.ATUH...H./L.&.
0000A970: 8c9d ffff c700 0000 0000 4883 c408 4c89 	..........H...L.
0000A980: e648 89ef 5d41 5ce9 34a1 ffff 0f1f 4000 	.H..]A\.4.....@.
0000A990: f30f 1efa 8b8e a800 0000 4889 fa8b bfa8 	..........H.....
0000A9A0: 0000 0083 f903 0f94 c083 f909 0f94 c109 	................
0000A9B0: c883 ff03 742a 83ff 0974 258b 8aac 0000 	....t*...t%.....
0000A9C0: 0081 e100 f000 0084 c074 3581 f900 4000 	.........t5...@.
0000A9D0: 0074 47b8 0100 0000 c30f 1f80 0000 0000 	.tG.............
0000A9E0: 84c0 7536 8b86 ac00 0000 2500 f000 003d 	..u6......%....=
0000A9F0: 0040 0000 7424 b8ff ffff ffc3 0f1f 4000 	.@..t$........@.
0000AA00: 8b86 ac00 0000 2500 f000 003d 0040 0000 	......%....=.@..
0000AA10: 74b9 81f9 0040 0000 74dc 488b 4e68 488b 	t....@..t.H.NhH.
0000AA20: 4268 488b 7a60 4839 7e60 7fca 7ca5 29c8 	BhH.z`H9~`..|.).
0000AA30: 75c9 4154 5548 83ec 0848 8b2e 4c8b 22e8 	u.ATUH...H..L.".
0000AA40: bc9c ffff c700 0000 0000 4883 c408 4c89 	..........H...L.
0000AA50: e648 89ef 5d41 5ce9 64a0 ffff 0f1f 4000 	.H..]A\.d.....@.
0000AA60: f30f 1efa 488b 5778 488b 4678 488b 4e70 	....H.WxH.FxH.Np
0000AA70: 4839 4f70 7f4a 7c40 29d0 7534 4154 5548 	H9Op.J|@).u4ATUH
0000AA80: 83ec 0848 8b2f 4c8b 26e8 729c ffff c700 	...H./L.&.r.....
0000AA90: 0000 0000 4883 c408 4c89 e648 89ef 5d41 	....H...L..H..]A
0000AAA0: 5ce9 1aa0 ffff 662e 0f1f 8400 0000 0000 	\.....f.........
0000AAB0: c30f 1f80 0000 0000 b801 0000 00c3 6690 	..............f.
0000AAC0: b8ff ffff ffc3 662e 0f1f 8400 0000 0000 	......f.........
0000AAD0: f30f 1efa 488b 5678 488b 4778 488b 4f70 	....H.VxH.GxH.Op
0000AAE0: 4839 4e70 7f4a 7c40 29d0 7534 4154 5548 	H9Np.J|@).u4ATUH
0000AAF0: 83ec 0848 8b2e 4c8b 27e8 029c ffff c700 	...H..L.'.......
0000AB00: 0000 0000 4883 c408 4c89 e648 89ef 5d41 	....H...L..H..]A
0000AB10: 5ce9 aa9f ffff 662e 0f1f 8400 0000 0000 	\.....f.........
0000AB20: c30f 1f80 0000 0000 b801 0000 00c3 6690 	..............f.
0000AB30: b8ff ffff ffc3 662e 0f1f 8400 0000 0000 	......f.........
0000AB40: f30f 1efa 8b96 a800 0000 8b8f a800 0000 	................
0000AB50: 83fa 030f 94c0 83fa 090f 94c2 09d0 83f9 	................
0000AB60: 0374 2d83 f909 7428 8b97 ac00 0000 81e2 	.t-...t(........
0000AB70: 00f0 0000 84c0 7438 81fa 0040 0000 744a 	......t8...@..tJ
0000AB80: b801 0000 00c3 662e 0f1f 8400 0000 0000 	......f.........
0000AB90: 84c0 7536 8b86 ac00 0000 2500 f000 003d 	..u6......%....=
0000ABA0: 0040 0000 7424 b8ff ffff ffc3 0f1f 4000 	.@..t$........@.
0000ABB0: 8b86 ac00 0000 2500 f000 003d 0040 0000 	......%....=.@..
0000ABC0: 74b6 81fa 0040 0000 74dc 488b 5778 488b 	t....@..t.H.WxH.
0000ABD0: 4678 488b 4e70 4839 4f70 7fca 7ca2 29d0 	FxH.NpH9Op..|.).
0000ABE0: 75c9 4154 5548 83ec 0848 8b2f 4c8b 26e8 	u.ATUH...H./L.&.
0000ABF0: 0c9b ffff c700 0000 0000 4883 c408 4c89 	..........H...L.
0000AC00: e648 89ef 5d41 5ce9 b49e ffff 0f1f 4000 	.H..]A\.......@.
0000AC10: f30f 1efa e927 ffff ff0f 1f80 0000 0000 	.....'..........
0000AC20: f30f 1efa 8b8e a800 0000 4889 fa8b bfa8 	..........H.....
0000AC30: 0000 0083 f903 0f94 c083 f909 0f94 c109 	................
0000AC40: c883 ff03 742a 83ff 0974 258b 8aac 0000 	....t*...t%.....
0000AC50: 0081 e100 f000 0084 c074 3581 f900 4000 	.........t5...@.
0000AC60: 0074 47b8 0100 0000 c30f 1f80 0000 0000 	.tG.............
0000AC70: 84c0 7536 8b86 ac00 0000 2500 f000 003d 	..u6......%....=
0000AC80: 0040 0000 7424 b8ff ffff ffc3 0f1f 4000 	.@..t$........@.
0000AC90: 8b86 ac00 0000 2500 f000 003d 0040 0000 	......%....=.@..
0000ACA0: 74b9 81f9 0040 0000 74dc 488b 4e78 488b 	t....@..t.H.NxH.
0000ACB0: 4278 488b 7a70 4839 7e70 7fca 7ca5 29c8 	BxH.zpH9~p..|.).
0000ACC0: 75c9 4154 5548 83ec 0848 8b2e 4c8b 22e8 	u.ATUH...H..L.".
0000ACD0: 2c9a ffff c700 0000 0000 4883 c408 4c89 	,.........H...L.
0000ACE0: e648 89ef 5d41 5ce9 d49d ffff 0f1f 4000 	.H..]A\.......@.
0000ACF0: f30f 1efa e927 ffff ff0f 1f80 0000 0000 	.....'..........
0000AD00: f30f 1efa 488b 4748 4839 4648 7c42 7530 	....H.GHH9FH|Bu0
0000AD10: 4154 5548 83ec 0848 8b2f 4c8b 26e8 de99 	ATUH...H./L.&...
0000AD20: ffff c700 0000 0000 4883 c408 4c89 e648 	........H...L..H
0000AD30: 89ef 5d41 5ce9 869d ffff 660f 1f44 0000 	..]A\.....f..D..
0000AD40: b801 0000 00c3 662e 0f1f 8400 0000 0000 	......f.........
0000AD50: b8ff ffff ffc3 662e 0f1f 8400 0000 0000 	......f.........
0000AD60: f30f 1efa 488b 4648 4839 4748 7c42 7530 	....H.FHH9GH|Bu0
0000AD70: 4154 5548 83ec 0848 8b2e 4c8b 27e8 7e99 	ATUH...H..L.'.~.
0000AD80: ffff c700 0000 0000 4883 c408 4c89 e648 	........H...L..H
0000AD90: 89ef 5d41 5ce9 269d ffff 660f 1f44 0000 	..]A\.&...f..D..
0000ADA0: b801 0000 00c3 662e 0f1f 8400 0000 0000 	......f.........
0000ADB0: b8ff ffff ffc3 662e 0f1f 8400 0000 0000 	......f.........
0000ADC0: f30f 1efa 8b96 a800 0000 8b8f a800 0000 	................
0000ADD0: 83fa 090f 94c0 83fa 030f 94c2 09d0 83f9 	................
0000ADE0: 0374 2d83 f909 7428 8b97 ac00 0000 81e2 	.t-...t(........
0000ADF0: 00f0 0000 84c0 7438 81fa 0040 0000 744a 	......t8...@..tJ
0000AE00: b801 0000 00c3 662e 0f1f 8400 0000 0000 	......f.........
0000AE10: 84c0 7536 8b86 ac00 0000 2500 f000 003d 	..u6......%....=
0000AE20: 0040 0000 7424 b8ff ffff ffc3 0f1f 4000 	.@..t$........@.
0000AE30: 8b86 ac00 0000 2500 f000 003d 0040 0000 	......%....=.@..
0000AE40: 74b6 81fa 0040 0000 74dc 488b 4748 4839 	t....@..t.H.GHH9
0000AE50: 4648 7cd2 75aa 4154 5548 83ec 0848 8b2f 	FH|.u.ATUH...H./
0000AE60: 4c8b 26e8 9898 ffff c700 0000 0000 4883 	L.&...........H.
0000AE70: c408 4c89 e648 89ef 5d41 5ce9 409c ffff 	..L..H..]A\.@...
0000AE80: f30f 1efa 8b96 a800 0000 8b8f a800 0000 	................
0000AE90: 83fa 090f 94c0 83fa 030f 94c2 09d0 83f9 	................
0000AEA0: 0374 2d83 f909 7428 8b97 ac00 0000 81e2 	.t-...t(........
0000AEB0: 00f0 0000 84c0 7438 81fa 0040 0000 744a 	......t8...@..tJ
0000AEC0: b801 0000 00c3 662e 0f1f 8400 0000 0000 	......f.........
0000AED0: 84c0 7536 8b86 ac00 0000 2500 f000 003d 	..u6......%....=
0000AEE0: 0040 0000 7424 b8ff ffff ffc3 0f1f 4000 	.@..t$........@.
0000AEF0: 8b86 ac00 0000 2500 f000 003d 0040 0000 	......%....=.@..
0000AF00: 74b6 81fa 0040 0000 74dc 488b 4648 4839 	t....@..t.H.FHH9
0000AF10: 4748 7cd2 75aa 4154 5548 83ec 0848 8b2e 	GH|.u.ATUH...H..
0000AF20: 4c8b 27e8 d897 ffff c700 0000 0000 4883 	L.'...........H.
0000AF30: c408 4c89 e648 89ef 5d41 5ce9 809b ffff 	..L..H..]A\.....
0000AF40: f30f 1efa 4154 5548 83ec 084c 8b26 488b 	....ATUH...L.&H.
0000AF50: 2fe8 aa97 ffff c700 0000 0000 4883 c408 	/...........H...
0000AF60: 4c89 e648 89ef 5d41 5ce9 529b ffff 6690 	L..H..]A\.R...f.
0000AF70: f30f 1efa 4154 5548 83ec 084c 8b27 488b 	....ATUH...L.'H.
0000AF80: 2ee8 7a97 ffff c700 0000 0000 4883 c408 	..z.........H...
0000AF90: 4c89 e648 89ef 5d41 5ce9 229b ffff 6690 	L..H..]A\."...f.
0000AFA0: f30f 1efa 8b96 a800 0000 8b8f a800 0000 	................
0000AFB0: 83fa 030f 94c0 83fa 090f 94c2 09d0 83f9 	................
0000AFC0: 0374 2d83 f909 7428 8b97 ac00 0000 81e2 	.t-...t(........
0000AFD0: 00f0 0000 84c0 7438 81fa 0040 0000 744a 	......t8...@..tJ
0000AFE0: b801 0000 00c3 662e 0f1f 8400 0000 0000 	......f.........
0000AFF0: 84c0 7536 8b86 ac00 0000 2500 f000 003d 	..u6......%....=
0000B000: 0040 0000 7424 b8ff ffff ffc3 0f1f 4000 	.@..t$........@.
0000B010: 8b86 ac00 0000 2500 f000 003d 0040 0000 	......%....=.@..
0000B020: 74b6 81fa 0040 0000 74dc 4154 5548 83ec 	t....@..t.ATUH..
0000B030: 084c 8b26 488b 2fe8 c496 ffff c700 0000 	.L.&H./.........
0000B040: 0000 4883 c408 4c89 e648 89ef 5d41 5ce9 	..H...L..H..]A\.
0000B050: 6c9a ffff 6666 2e0f 1f84 0000 0000 0090 	l...ff..........
0000B060: f30f 1efa 8b96 a800 0000 8b8f a800 0000 	................
0000B070: 83fa 030f 94c0 83fa 090f 94c2 09d0 83f9 	................
0000B080: 0374 2d83 f909 7428 8b97 ac00 0000 81e2 	.t-...t(........
0000B090: 00f0 0000 84c0 7438 81fa 0040 0000 744a 	......t8...@..tJ
0000B0A0: b801 0000 00c3 662e 0f1f 8400 0000 0000 	......f.........
0000B0B0: 84c0 7536 8b86 ac00 0000 2500 f000 003d 	..u6......%....=
0000B0C0: 0040 0000 7424 b8ff ffff ffc3 0f1f 4000 	.@..t$........@.
0000B0D0: 8b86 ac00 0000 2500 f000 003d 0040 0000 	......%....=.@..
0000B0E0: 74b6 81fa 0040 0000 74dc 4154 5548 83ec 	t....@..t.ATUH..
0000B0F0: 084c 8b27 488b 2ee8 0496 ffff c700 0000 	.L.'H...........
0000B100: 0000 4883 c408 4c89 e648 89ef 5d41 5ce9 	..H...L..H..]A\.
0000B110: ac99 ffff 6666 2e0f 1f84 0000 0000 0090 	....ff..........
0000B120: f30f 1efa 4156 4155 4154 4989 f4be 2e00 	....AVAUATI.....
0000B130: 0000 5548 83ec 084c 8b2f 4c89 efe8 be97 	..UH...L./L.....
0000B140: ffff 4d8b 3424 be2e 0000 0048 89c5 4c89 	..M.4$.....H..L.
0000B150: f7e8 aa97 ffff 4989 c448 8d05 5dea 0000 	......I..H..]...
0000B160: 4d85 e44c 0f44 e048 85ed 480f 44e8 e88d 	M..L.D.H..H.D...
0000B170: 95ff ff4c 89e6 c700 0000 0000 4889 efe8 	...L........H...
0000B180: 3c99 ffff 85c0 7518 4883 c408 4c89 f64c 	<.....u.H...L..L
0000B190: 89ef 5d41 5c41 5d41 5ee9 2299 ffff 6690 	..]A\A]A^."...f.
0000B1A0: 4883 c408 5d41 5c41 5d41 5ec3 0f1f 4000 	H...]A\A]A^...@.
0000B1B0: f30f 1efa 4156 4155 4154 4989 fc55 4883 	....AVAUATI..UH.
0000B1C0: ec08 4c8b 2ebe 2e00 0000 4c89 efe8 2e97 	..L.......L.....
0000B1D0: ffff 4d8b 3424 be2e 0000 0048 89c5 4c89 	..M.4$.....H..L.
0000B1E0: f7e8 1a97 ffff 4989 c448 8d05 cde9 0000 	......I..H......
0000B1F0: 4d85 e44c 0f44 e048 85ed 480f 44e8 e8fd 	M..L.D.H..H.D...
0000B200: 94ff ff4c 89e6 c700 0000 0000 4889 efe8 	...L........H...
0000B210: ac98 ffff 85c0 7518 4883 c408 4c89 f64c 	......u.H...L..L
0000B220: 89ef 5d41 5c41 5d41 5ee9 9298 ffff 6690 	..]A\A]A^.....f.
0000B230: 4883 c408 5d41 5c41 5d41 5ec3 0f1f 4000 	H...]A\A]A^...@.
0000B240: f30f 1efa 4156 4155 4154 5553 8b96 a800 	....AVAUATUS....
0000B250: 0000 4889 f38b 8fa8 0000 0083 fa03 0f94 	..H.............
0000B260: c083 fa09 0f94 c209 d083 f903 7432 83f9 	............t2..
0000B270: 0974 2d8b 97ac 0000 0081 e200 f000 0084 	.t-.............
0000B280: c074 4581 fa00 4000 0074 57b8 0100 0000 	.tE...@..tW.....
0000B290: 5b5d 415c 415d 415e c30f 1f80 0000 0000 	[]A\A]A^........
0000B2A0: 84c0 753e 8b83 ac00 0000 2500 f000 003d 	..u>......%....=
0000B2B0: 0040 0000 742c 5bb8 ffff ffff 5d41 5c41 	.@..t,[.....]A\A
0000B2C0: 5d41 5ec3 0f1f 4000 8b86 ac00 0000 2500 	]A^...@.......%.
0000B2D0: f000 003d 0040 0000 74a9 81fa 0040 0000 	...=.@..t....@..
0000B2E0: 74d4 4c8b 2fbe 2e00 0000 4c89 efe8 0e96 	t.L./.....L.....
0000B2F0: ffff 4c8b 33be 2e00 0000 4889 c54c 89f7 	..L.3.....H..L..
0000B300: e8fb 95ff ff49 89c4 488d 05ae e800 004d 	.....I..H......M
0000B310: 85e4 4c0f 44e0 4885 ed48 0f44 e8e8 de93 	..L.D.H..H.D....
0000B320: ffff 4c89 e6c7 0000 0000 0048 89ef e88d 	..L........H....
0000B330: 97ff ff85 c00f 8555 ffff ff5b 4c89 f65d 	.......U...[L..]
0000B340: 4c89 ef41 5c41 5d41 5ee9 7297 ffff 6690 	L..A\A]A^.r...f.
0000B350: f30f 1efa 4156 4155 4154 5553 8b96 a800 	....AVAUATUS....
0000B360: 0000 4889 fb8b 8fa8 0000 0083 fa03 0f94 	..H.............
0000B370: c083 fa09 0f94 c209 d083 f903 7432 83f9 	............t2..
0000B380: 0974 2d8b 97ac 0000 0081 e200 f000 0084 	.t-.............
0000B390: c074 4581 fa00 4000 0074 57b8 0100 0000 	.tE...@..tW.....
0000B3A0: 5b5d 415c 415d 415e c30f 1f80 0000 0000 	[]A\A]A^........
0000B3B0: 84c0 753e 8b86 ac00 0000 2500 f000 003d 	..u>......%....=
0000B3C0: 0040 0000 742c 5bb8 ffff ffff 5d41 5c41 	.@..t,[.....]A\A
0000B3D0: 5d41 5ec3 0f1f 4000 8b86 ac00 0000 2500 	]A^...@.......%.
0000B3E0: f000 003d 0040 0000 74a9 81fa 0040 0000 	...=.@..t....@..
0000B3F0: 74d4 4c8b 2ebe 2e00 0000 4c89 efe8 fe94 	t.L.......L.....
0000B400: ffff 4c8b 33be 2e00 0000 4889 c54c 89f7 	..L.3.....H..L..
0000B410: e8eb 94ff ff49 89c4 488d 059e e700 004d 	.....I..H......M
0000B420: 85e4 4c0f 44e0 4885 ed48 0f44 e8e8 ce92 	..L.D.H..H.D....
0000B430: ffff 4c89 e6c7 0000 0000 0048 89ef e87d 	..L........H...}
0000B440: 96ff ff85 c00f 8555 ffff ff5b 4c89 f65d 	.......U...[L..]
0000B450: 4c89 ef41 5c41 5d41 5ee9 6296 ffff 6690 	L..A\A]A^.b...f.
0000B460: 4154 5553 89d3 4885 ff0f 8491 0000 0049 	ATUS..H........I
0000B470: 89fc e8f9 93ff ff4c 89e7 4889 c6e8 3e77 	.......L..H...>w
0000B480: 0000 488b 2d1f 6b01 004c 89e7 29c3 b800 	..H.-.k..L..)...
0000B490: 0000 0048 8b75 000f 48d8 e821 95ff ff4c 	...H.u..H..!...L
0000B4A0: 89e7 4c63 e3e8 c693 ffff 4901 c40f 1f00 	..Lc......I.....
0000B4B0: 488b 7d00 488b 4728 483b 4730 7332 488d 	H.}.H.G(H;G0s2H.
0000B4C0: 5001 4889 5728 c600 2083 eb01 73e2 488b 	P.H.W(.. ...s.H.
0000B4D0: 0523 6e01 005b 5d49 8d44 0401 415c 4889 	.#n..[]I.D..A\H.
0000B4E0: 0513 6e01 00c3 662e 0f1f 8400 0000 0000 	..n...f.........
0000B4F0: be20 0000 00e8 f693 ffff ebcd 0f1f 4000 	. ............@.
0000B500: 4889 f1bf 0100 0000 31c0 4c63 e348 8d35 	H.......1.Lc.H.5
0000B510: 5ce5 0000 e817 96ff ffeb b30f 1f44 0000 	\............D..
0000B520: 5553 4881 ec00 1000 0048 830c 2400 4881 	USH......H..$.H.
0000B530: ec00 1000 0048 830c 2400 4883 ec38 4889 	.....H..$.H..8H.
0000B540: fb48 8d6c 2420 488d 7c24 1889 d164 488b 	.H.l$ H.|$...dH.
0000B550: 0425 2800 0000 4889 8424 2820 0000 31c0 	.%(...H..$( ..1.
0000B560: 4889 f24c 8d4c 240f 4c8d 4424 1048 89de 	H..L.L$.L.D$.H..
0000B570: 4889 6c24 18e8 f68d 0000 488b 7c24 1848 	H.l$......H.|$.H
0000B580: 39ef 740a 4839 df74 05e8 e290 ffff 0fb6 	9.t.H9.t........
0000B590: 4424 0f48 0344 2410 488b 9424 2820 0000 	D$.H.D$.H..$( ..
0000B5A0: 6448 2b14 2528 0000 0075 0a48 81c4 3820 	dH+.%(...u.H..8 
0000B5B0: 0000 5b5d c3e8 c692 ffff 660f 1f44 0000 	..[]......f..D..
0000B5C0: 4157 4889 f041 5648 d1e8 4155 4154 5548 	AWH..AVH..AUATUH
0000B5D0: 89cd 5348 89fb 4883 ec38 4889 7424 1048 	..SH..H..8H.t$.H
0000B5E0: 29c6 4889 4424 0848 8d04 c748 8954 2418 	).H.D$.H...H.T$.
0000B5F0: 4889 4424 2848 83fe 020f 87f1 0100 000f 	H.D$(H..........
0000B600: 84c3 0000 0048 837c 2410 030f 85e7 0000 	.....H.|$.......
0000B610: 004c 8b33 488b 4424 184c 8930 488b 4424 	.L.3H.D$.L.0H.D$
0000B620: 2848 c704 2400 0000 0045 31ff 4c8b 6c24 	(H..$....E1.L.l$
0000B630: 084c 8b20 0f1f 4000 4c89 e64c 89f7 4983 	.L. ..@.L..L..I.
0000B640: c701 ffd5 85c0 7e24 4e89 64fb f849 83c5 	......~$N.d..I..
0000B650: 014c 396c 2410 7438 4e8b 24eb 4c89 f749 	.L9l$.t8N.$.L..I
0000B660: 83c7 014c 89e6 ffd5 85c0 7fdc 4883 0424 	...L........H..$
0000B670: 0148 8b04 244e 8974 fbf8 4839 4424 080f 	.H..$N.t..H9D$..
0000B680: 845b 0100 0048 8b54 2418 4c8b 34c2 eba8 	.[...H.T$.L.4...
0000B690: 488b 0424 4c8b 6424 084a 8d3c fb48 8b4c 	H..$L.d$.J.<.H.L
0000B6A0: 2418 4883 c438 4929 c45b 5d4a 8d14 e500 	$.H..8I).[]J....
0000B6B0: 0000 0048 8d34 c141 5c41 5d41 5e41 5fe9 	...H.4.A\A]A^A_.
0000B6C0: 7c93 ffff 0f1f 4000 4c8b 304c 8b60 0849 	|.....@.L.0L.`.I
0000B6D0: 89c7 4c89 e64c 89f7 ffd1 85c0 0f8e 23ff 	..L..L........#.
0000B6E0: ffff 4883 7c24 1003 4d89 274d 8977 080f 	..H.|$..M.'M.w..
0000B6F0: 841c ffff ff0f 1f00 488b 4424 1048 8b74 	........H.D$.H.t
0000B700: 2408 48c1 e802 4829 c648 8944 2420 4c8d 	$.H...H).H.D$ L.
0000B710: 3cc3 4883 fe02 0f87 0501 0000 0f84 3301 	<.H...........3.
0000B720: 0000 4883 7c24 2002 0f87 d600 0000 4c8b 	..H.|$ .......L.
0000B730: 330f 84ff 0000 004d 8b3f 48c7 0424 0000 	3......M.?H..$..
0000B740: 0000 4c8b 6424 204c 8b6c 2418 0f1f 4000 	..L.d$ L.l$...@.
0000B750: 4c89 fe4c 89f7 4983 c508 ffd5 85c0 7e23 	L..L..I.......~#
0000B760: 4d89 7df8 4983 c401 4c39 6424 0874 3f4e 	M.}.I...L9d$.t?N
0000B770: 8b3c e34c 89f7 4983 c508 4c89 feff d585 	.<.L..I...L.....
0000B780: c07f dd48 8304 2401 488b 0424 4d89 75f8 	...H..$.H..$M.u.
0000B790: 4839 4424 2074 094c 8b34 c3eb b30f 1f00 	H9D$ t.L.4......
0000B7A0: 488b 4424 084c 8924 2448 8944 2420 488b 	H.D$.L.$$H.D$ H.
0000B7B0: 0424 488b 5424 204c 89ef 4829 c248 8d34 	.$H.T$ L..H).H.4
0000B7C0: c348 c1e2 03e8 7692 ffff 488b 4424 184c 	.H....v...H.D$.L
0000B7D0: 8b30 e945 feff ff66 0f1f 8400 0000 0000 	.0.E...f........
0000B7E0: 4883 c438 5b5d 415c 415d 415e 415f c390 	H..8[]A\A]A^A_..
0000B7F0: 488b 5424 1848 8b7c 2428 e8c1 fdff ffe9 	H.T$.H.|$(......
0000B800: 01fe ffff 488b 5424 1848 8b74 2420 4889 	....H.T$.H.t$ H.
0000B810: e948 89df e8a7 fdff ff4c 8b33 e916 ffff 	.H.......L.3....
0000B820: ff48 8b54 2418 4889 e94c 89ff e88f fdff 	.H.T$.H..L......
0000B830: ffe9 ecfe ffff 4c8b 6308 4c89 f74c 89e6 	......L.c.L..L..
0000B840: ffd5 85c0 7ed3 4c89 7308 4d89 e64c 8923 	....~.L.s.M..L.#
0000B850: e9e2 feff ff4d 8b27 4d8b 6f08 4c89 e74c 	.....M.'M.o.L..L
0000B860: 89ee ffd5 85c0 0f8e b6fe ffff 4d89 2f4d 	............M./M
0000B870: 8967 08e9 aafe ffff 0f1f 8400 0000 0000 	.g..............
0000B880: 4154 5553 4885 ff74 6748 89fd e8df 8fff 	ATUSH..tgH......
0000B890: ff48 8d58 01b8 7600 0000 4839 c348 0f43 	.H.X..v...H9.H.C
0000B8A0: c348 89c7 4883 c711 4883 e7f8 e8cf 8dff 	.H..H...H.......
0000B8B0: ff49 89c4 4885 c074 2848 c700 0000 0000 	.I..H..t(H......
0000B8C0: b801 0000 0049 8d7c 2409 4889 da66 4189 	.....I.|$.H..fA.
0000B8D0: 4424 0848 89ee e865 91ff ff41 c644 1c09 	D$.H...e...A.D..
0000B8E0: 004c 89e0 5b5d 415c c30f 1f80 0000 0000 	.L..[]A\........
0000B8F0: bf80 0000 00e8 868d ffff 4989 c448 85c0 	..........I..H..
0000B900: 74df 31d2 49c7 0424 0000 0000 4c89 e066 	t.1.I..$....L..f
0000B910: 4189 5424 085b 5d41 5cc3 660f 1f44 0000 	A.T$.[]A\.f..D..
0000B920: 4156 4155 4154 5548 89fd 53e8 308e ffff 	AVAUATUH..S.0...
0000B930: 8b5d 0048 89ef 4989 c4e8 2291 ffff 83e3 	.].H..I...".....
0000B940: 2048 89ef 85c0 7877 e893 91ff ff85 c075 	 H....xw.......u
0000B950: 4f48 89ef e887 91ff ff85 c00f 858f 0000 	OH..............
0000B960: 0048 89ef e837 91ff ff85 c074 4fe8 8e8d 	.H...7.....tO...
0000B970: ffff 4889 ef44 8b30 4989 c5e8 908e ffff 	..H..D.0I.......
0000B980: 4585 f674 3f45 8975 0085 db74 430f 1f00 	E..t?E.u...tC...
0000B990: b8ff ffff ff5b 5d41 5c41 5d41 5ec3 6690 	.....[]A\A]A^.f.
0000B9A0: 4889 efe8 b890 ffff 31f6 ba01 0000 0089 	H.......1.......
0000B9B0: c7e8 6a8f ffff 4883 f8ff 7595 4889 efe8 	..j...H...u.H...
0000B9C0: 4c8e ffff 85db 0f85 9c00 0000 85c0 74c5 	L.............t.
0000B9D0: 4d85 e475 bbe8 268d ffff 5b5d 8338 0941 	M..u..&...[].8.A
0000B9E0: 5c0f 95c0 415d 415e 0fb6 c0f7 d8c3 6690 	\...A]A^......f.
0000B9F0: f745 0000 0100 000f 8464 ffff ff48 8b45 	.E.......d...H.E
0000BA00: 0848 3945 1074 19ba 0100 0000 31f6 4889 	.H9E.t......1.H.
0000BA10: efe8 8a91 ffff e946 ffff ff0f 1f44 0000 	.......F.....D..
0000BA20: 488b 4520 4839 4528 75dd 4883 7d48 0075 	H.E H9E(u.H.}H.u
0000BA30: d648 89ef e827 90ff ff31 f6ba 0100 0000 	.H...'...1......
0000BA40: 89c7 e8d9 8eff ff48 83f8 ff0f 8410 ffff 	.......H........
0000BA50: ff83 6500 ef48 8985 9000 0000 e900 ffff 	..e..H..........
0000BA60: ff0f 1f80 0000 0000 85c0 0f85 20ff ffff 	............ ...
0000BA70: e88b 8cff ffc7 0000 0000 00e9 10ff ffff 	................
0000BA80: f30f 1efa 488b 051d 6501 0041 5448 8b38 	....H...e..ATH.8
0000BA90: e88b feff ff85 c074 3fba 0500 0000 488d 	.......t?.....H.
0000BAA0: 35d1 df00 0031 ffe8 a48d ffff 4989 c4e8 	5....1......I...
0000BAB0: 4c8c ffff 31ff 4c89 e148 8d15 a3df 0000 	L...1.L..H......
0000BAC0: 8b30 31c0 e8c7 90ff ff8b 3db1 6501 00e8 	.01.......=.e...
0000BAD0: 5c8c ffff 0f1f 4000 488b 0511 6501 0048 	\.....@.H...e..H
0000BAE0: 8b38 e839 feff ff85 c075 0341 5cc3 8b3d 	.8.9.....u.A\..=
0000BAF0: 8c65 0100 e837 8cff ff0f 1f80 0000 0000 	.e...7..........
0000BB00: 4157 4989 f249 89cb 4156 4155 4154 5548 	AWI..I..AVAUATUH
0000BB10: 89fd 5348 81ec 5801 0000 4c89 8424 c000 	..SH..X...L..$..
0000BB20: 0000 4c89 8c24 c800 0000 84c0 7440 0f29 	..L..$......t@.)
0000BB30: 8424 d000 0000 0f29 8c24 e000 0000 0f29 	.$.....).$.....)
0000BB40: 9424 f000 0000 0f29 9c24 0001 0000 0f29 	.$.....).$.....)
0000BB50: a424 1001 0000 0f29 ac24 2001 0000 0f29 	.$.....).$ ....)
0000BB60: b424 3001 0000 0f29 bc24 4001 0000 6448 	.$0....).$@...dH
0000BB70: 8b04 2528 0000 0048 8984 2498 0000 0031 	..%(...H..$....1
0000BB80: c04c 8d8c 24a0 0000 0031 ff45 31c0 488d 	.L..$....1.E1.H.
0000BB90: 8424 9001 0000 c744 2420 2000 0000 ba20 	.$.....D$  .... 
0000BBA0: 0000 0048 8d8c 2490 0100 00c7 4424 2430 	...H..$.....D$$0
0000BBB0: 0000 0031 db48 8d74 2440 4889 4424 284c 	...1.H.t$@H.D$(L
0000BBC0: 894c 2430 eb32 662e 0f1f 8400 0000 0000 	.L$0.2f.........
0000BBD0: 89d0 41b8 0100 0000 83c2 084c 01c8 488b 	..A........L..H.
0000BBE0: 0048 8904 de48 85c0 742b 4883 c301 4883 	.H...H..t+H...H.
0000BBF0: fb0a 0f84 d203 0000 83fa 2f76 d348 89c8 	........../v.H..
0000BC00: bf01 0000 0048 83c1 0848 8b00 4889 04de 	.....H...H..H...
0000BC10: 4885 c075 d540 84ff 7405 4889 4c24 2845 	H..u.@..t.H.L$(E
0000BC20: 84c0 7404 8954 2420 4c89 d14d 89d9 4c8d 	..t..T$ L..M..L.
0000BC30: 056d dd00 0048 89ef 488d 1586 de00 00be 	.m...H..H.......
0000BC40: 0100 0000 31c0 e8f5 8fff ff31 ffba 0500 	....1......1....
0000BC50: 0000 488d 3578 de00 00e8 f28b ffff 41b8 	..H.5x........A.
0000BC60: e407 0000 be01 0000 0048 89ef 4889 c148 	.........H..H..H
0000BC70: 8d15 6ac9 0000 31c0 e8c3 8fff ff48 89ee 	..j...1......H..
0000BC80: bf0a 0000 00e8 868d ffff 31ff ba05 0000 	..........1.....
0000BC90: 0048 8d35 5004 0100 e8b3 8bff ffbe 0100 	.H.5P...........
0000BCA0: 0000 4889 ef48 8d0d ec04 0100 4889 c231 	..H..H......H..1
0000BCB0: c0e8 8a8f ffff 4889 eebf 0a00 0000 e84d 	......H........M
0000BCC0: 8dff ff48 83fb 090f 8792 0000 0048 8d15 	...H.........H..
0000BCD0: 70c4 0000 4863 049a 4801 d03e ffe0 4c8b 	p...Hc..H..>..L.
0000BCE0: 4c24 784c 8b44 2470 31ff ba05 0000 0048 	L$xL.D$p1......H
0000BCF0: 8b4c 2468 488d 3585 0301 004c 8b7c 2460 	.L$hH.5....L.|$`
0000BD00: 4c8b 7424 584c 8b6c 2450 4c89 4c24 1048 	L.t$XL.l$PL.L$.H
0000BD10: 8b5c 2448 4c8b 6424 404c 8944 2408 4889 	.\$HL.d$@L.D$.H.
0000BD20: 0c24 e829 8bff ff48 89c2 504c 8b4c 2418 	.$.)...H..PL.L$.
0000BD30: be01 0000 0048 89ef 31c0 4151 4c8b 4424 	.....H..1.AQL.D$
0000BD40: 184d 89e9 4150 488b 4c24 1849 89d8 514c 	.M..APH.L$.I..QL
0000BD50: 89e1 4157 4156 e8e5 8eff ff48 83c4 3048 	..AWAV.....H..0H
0000BD60: 8b84 2498 0000 0064 482b 0425 2800 0000 	..$....dH+.%(...
0000BD70: 0f85 4303 0000 4881 c458 0100 005b 5d41 	..C...H..X...[]A
0000BD80: 5c41 5d41 5e41 5fc3 4c8b 4c24 784c 8b44 	\A]A^A_.L.L$xL.D
0000BD90: 2470 ba05 0000 0048 8d35 1203 0100 4c8b 	$p.....H.5....L.
0000BDA0: 9424 8000 0000 488b 4c24 684c 8b7c 2460 	.$....H.L$hL.|$`
0000BDB0: 4c8b 7424 584c 894c 2410 4c8b 6c24 5048 	L.t$XL.L$.L.l$PH
0000BDC0: 8b5c 2448 4c89 5424 184c 8944 2408 4c8b 	.\$HL.T$.L.D$.L.
0000BDD0: 6424 4048 890c 2431 ffe8 728a ffff 4c8b 	d$@H..$1..r...L.
0000BDE0: 5424 1848 89c2 4152 e93e ffff ff4c 8b64 	T$.H..AR.>...L.d
0000BDF0: 2440 31ff ba05 0000 0048 8d35 82dc 0000 	$@1......H.5....
0000BE00: e84b 8aff ffbe 0100 0000 4889 ef48 89c2 	.K........H..H..
0000BE10: 4c89 e131 c0e8 268e ffff e940 ffff ff48 	L..1..&....@...H
0000BE20: 8b5c 2448 4c8b 6424 4031 ffba 0500 0000 	.\$HL.d$@1......
0000BE30: 488d 355b dc00 00e8 148a ffff 4989 d84c 	H.5[........I..L
0000BE40: 89e1 be01 0000 0048 89c2 4889 ef31 c0e8 	.......H..H..1..
0000BE50: ec8d ffff e906 ffff ff4c 8b6c 2450 488b 	.........L.l$PH.
0000BE60: 5c24 4831 ffba 0500 0000 4c8b 6424 4048 	\$H1......L.d$@H
0000BE70: 8d35 33dc 0000 e8d5 89ff ff4d 89e9 4989 	.53........M..I.
0000BE80: d8be 0100 0000 4889 c24c 89e1 4889 ef31 	......H..L..H..1
0000BE90: c0e8 aa8d ffff e9c4 feff ffba 0500 0000 	................
0000BEA0: 488d 3539 0101 0031 ff4c 8b74 2458 4c8b 	H.59...1.L.t$XL.
0000BEB0: 6c24 5048 8b5c 2448 4c8b 6424 40e8 8e89 	l$PH.\$HL.d$@...
0000BEC0: ffff 4150 4889 c241 56be 0100 0000 4889 	..APH..AV.....H.
0000BED0: ef4d 89e9 4989 d84c 89e1 31c0 e85f 8dff 	.M..I..L..1.._..
0000BEE0: ff5e 5fe9 77fe ffff 4c8b 7c24 60ba 0500 	.^_.w...L.|$`...
0000BEF0: 0000 488d 3507 0101 0031 ff4c 8b74 2458 	..H.5....1.L.t$X
0000BF00: 4c8b 6c24 5048 8b5c 2448 4c8b 6424 40e8 	L.l$PH.\$HL.d$@.
0000BF10: 3c89 ffff 4157 4889 c2eb ac48 8b4c 2468 	<...AWH....H.L$h
0000BF20: ba05 0000 0048 8d35 fc00 0100 31ff 4c8b 	.....H.5....1.L.
0000BF30: 7c24 604c 8b74 2458 4c8b 6c24 5048 8b5c 	|$`L.t$XL.l$PH.\
0000BF40: 2448 4889 0c24 4c8b 6424 40e8 0089 ffff 	$HH..$L.d$@.....
0000BF50: 5148 89c2 488b 4c24 084d 89e9 4989 d8be 	QH..H.L$.M..I...
0000BF60: 0100 0000 4889 ef31 c051 4c89 e141 5741 	....H..1.QL..AWA
0000BF70: 56e8 ca8c ffff 4883 c420 e9e0 fdff ff4c 	V.....H.. .....L
0000BF80: 8b44 2470 488b 4c24 68ba 0500 0000 31ff 	.D$pH.L$h.....1.
0000BF90: 488d 35b9 0001 004c 8b7c 2460 4c8b 7424 	H.5....L.|$`L.t$
0000BFA0: 584c 8b6c 2450 488b 5c24 484c 8944 2408 	XL.l$PH.\$HL.D$.
0000BFB0: 4889 0c24 4c8b 6424 40e8 9288 ffff 4c8b 	H..$L.d$@.....L.
0000BFC0: 4424 0848 89c2 4150 eb8a 4c89 d14d 89d9 	D$.H..AP..L..M..
0000BFD0: 4c8d 05cb d900 0048 89ef 488d 15e4 da00 	L......H..H.....
0000BFE0: 00be 0100 0000 31c0 e853 8cff ffba 0500 	......1..S......
0000BFF0: 0000 488d 35d8 da00 0031 ffe8 5088 ffff 	..H.5....1..P...
0000C000: 41b8 e407 0000 be01 0000 0048 89ef 4889 	A..........H..H.
0000C010: c148 8d15 c8c5 0000 31c0 e821 8cff ff48 	.H......1..!...H
0000C020: 89ee bf0a 0000 00e8 e489 ffff ba05 0000 	................
0000C030: 0048 8d35 b000 0100 31ff e811 88ff ff48 	.H.5....1......H
0000C040: 8d0d 5201 0100 be01 0000 0048 89ef 4889 	..R........H..H.
0000C050: c231 c0e8 e88b ffff 4889 eebf 0a00 0000 	.1......H.......
0000C060: e8ab 89ff ff4c 8b4c 2478 4c8b 4424 70ba 	.....L.L$xL.D$p.
0000C070: 0500 0000 4c8b 9424 8000 0000 488b 4c24 	....L..$....H.L$
0000C080: 6848 8d35 3801 0100 4c8b 7c24 604c 8b74 	hH.58...L.|$`L.t
0000C090: 2458 4c89 4c24 104c 8b6c 2450 488b 5c24 	$XL.L$.L.l$PH.\$
0000C0A0: 484c 8954 2418 4c89 4424 084c 8b64 2440 	HL.T$.L.D$.L.d$@
0000C0B0: 4889 0c24 e91e fdff ffe8 c287 ffff 6690 	H..$..........f.
0000C0C0: f30f 1efa 89ff 488d 05f3 5f01 0045 31c0 	......H..._..E1.
0000C0D0: 48c1 e704 4801 f848 8b10 4885 d274 1648 	H...H..H..H..t.H
0000C0E0: 8b48 0848 83fa 0174 1741 b801 0000 0048 	.H.H...t.A.....H
0000C0F0: 83fa 0274 1b44 89c0 c30f 1f80 0000 0000 	...t.D..........
0000C100: 8039 3041 0f95 c044 89c0 c30f 1f44 0000 	.90A...D.....D..
0000C110: 0fb6 0183 e830 7507 0fb6 4101 83e8 3085 	.....0u...A...0.
0000C120: c041 0f95 c044 89c0 c30f 1f80 0000 0000 	.A...D..........
0000C130: f30f 1efa 4084 ff74 4f89 f181 e100 f000 	....@..tO.......
0000C140: 0081 f900 8000 0075 1731 c083 3db2 6101 	.......u.1..=.a.
0000C150: 0003 0f84 8800 0000 c30f 1f80 0000 0000 	................
0000C160: b82f 0000 0081 f900 4000 0074 6b31 c081 	./......@..tk1..
0000C170: f900 a000 000f 94c1 833d 8561 0100 0175 	.........=.a...u
0000C180: 27c3 660f 1f44 0000 31c0 83fa 0574 c983 	'.f..D..1....t..
0000C190: fa03 745c 83fa 0974 5783 fa06 0f94 c183 	..t\...tW.......
0000C1A0: 3d5e 6101 0001 7478 b840 0000 0084 c975 	=^a...tx.@.....u
0000C1B0: a740 84ff 744a 81e6 00f0 0000 b87c 0000 	.@..tJ.......|..
0000C1C0: 0081 fe00 1000 0074 6781 fe00 c000 000f 	.......tg.......
0000C1D0: 94c0 eb3c 0f1f 4000 c30f 1f80 0000 0000 	...<..@.........
0000C1E0: 83e6 49f7 de18 c083 e02a c30f 1f44 0000 	..I......*...D..
0000C1F0: b82f 0000 00c3 662e 0f1f 8400 0000 0000 	./....f.........
0000C200: b87c 0000 0083 fa01 741e 83fa 070f 94c0 	.|......t.......
0000C210: f7d8 83e0 3dc3 662e 0f1f 8400 0000 0000 	....=.f.........
0000C220: c30f 1f80 0000 0000 c30f 1f80 0000 0000 	................
0000C230: c366 662e 0f1f 8400 0000 0000 0f1f 4000 	.ff...........@.
0000C240: f30f 1efa 803d b565 0100 0053 4889 fb74 	.....=.e...SH..t
0000C250: 1f48 8b05 505d 0100 488b 7b08 ba01 0000 	.H..P]..H.{.....
0000C260: 0048 8b33 5b48 8b08 e983 88ff ff0f 1f00 	.H.3[H..........
0000C270: bf01 0000 00c6 0584 6501 0001 e8ef 87ff 	........e.......
0000C280: ff85 c079 1b48 833d 5b5e 0100 0074 2148 	...y.H.=[^...t!H
0000C290: 8d3d 4a5e 0100 e8a5 ffff ffeb b40f 1f00 	.=J^............
0000C2A0: bf01 0000 00e8 f6bb ffff ebd9 0f1f 4000 	..............@.
0000C2B0: 488d 3d09 5e01 00e8 84ff ffff 488d 3d2d 	H.=.^.......H.=-
0000C2C0: 5e01 00e8 78ff ffff 488d 3d01 5e01 00e8 	^...x...H.=.^...
0000C2D0: 6cff ffff e978 ffff ff0f 1f80 0000 0000 	l....x..........
0000C2E0: 4156 4155 4c8d 2dd5 5d01 0041 544d 8d65 	AVAUL.-.]..ATM.e
0000C2F0: 1055 488d 2d87 6401 0053 4881 ec90 0000 	.UH.-.d..SH.....
0000C300: 0064 488b 0425 2800 0000 4889 8424 8800 	.dH..%(...H..$..
0000C310: 0000 31c0 4889 e3eb 5a0f 1f80 0000 0000 	..1.H...Z.......
0000C320: 488b 0581 5c01 0048 8b38 e831 89ff ff48 	H...\..H.8.1...H
0000C330: 89da 4889 ee31 ffe8 8483 ffff 448b 35c5 	..H..1......D.5.
0000C340: 6401 008b 05bb 6401 0085 c074 5b83 e801 	d.....d....t[...
0000C350: 41be 1300 0000 8905 a864 0100 4489 f7e8 	A........d..D...
0000C360: 7c83 ffff 31d2 4889 debf 0200 0000 e84d 	|...1.H........M
0000C370: 83ff ff8b 058f 6401 0085 c075 0a8b 0581 	......d....u....
0000C380: 6401 0085 c074 3180 3d72 6401 0000 7490 	d....t1.=rd...t.
0000C390: 4c89 efe8 a8fe ffff 4c89 e7e8 a0fe ffff 	L.......L.......
0000C3A0: e97b ffff ff0f 1f00 31f6 4489 f7e8 3e86 	.{......1.D...>.
0000C3B0: ffff eba8 0f1f 4000 488b 8424 8800 0000 	......@.H..$....
0000C3C0: 6448 2b04 2528 0000 0075 1048 81c4 9000 	dH+.%(...u.H....
0000C3D0: 0000 5b5d 415c 415d 415e c3e8 a084 ffff 	..[]A\A]A^......
0000C3E0: f30f 1efa 4157 4156 4155 4154 5548 89fd 	....AWAVAUATUH..
0000C3F0: 53bb 8000 0000 4881 eca8 0000 0064 488b 	S.....H......dH.
0000C400: 0425 2800 0000 4889 8424 9800 0000 31c0 	.%(...H..$....1.
0000C410: 4885 f641 0f95 c674 1448 8d5e 0148 81fe 	H..A...t.H.^.H..
0000C420: 0104 0000 b801 0400 0048 0f43 d849 bcff 	.........H.C.I..
0000C430: ffff ffff ffff 3f48 8d44 2410 4889 0424 	......?H.D$.H..$
0000C440: 4881 fb80 0000 0075 444c 8b2c 2445 31ff 	H......uDL.,$E1.
0000C450: 4584 f675 3848 89da 4c89 ee48 89ef e86d 	E..u8H..L..H...m
0000C460: 83ff ff48 89c2 4885 c078 6548 39d3 0f87 	...H..H..xeH9...
0000C470: 8400 0000 4c89 ffe8 f481 ffff 4c39 e377 	....L.......L9.w
0000C480: 2f48 01db 4881 fb80 0000 0074 bc48 89df 	/H..H......t.H..
0000C490: e8eb 81ff ff49 89c5 4885 c00f 84db 0000 	.....I..H.......
0000C4A0: 0049 89c7 ebaf 662e 0f1f 8400 0000 0000 	.I....f.........
0000C4B0: 48b8 ffff ffff ffff ff7f 4839 c374 7948 	H.........H9.tyH
0000C4C0: bbff ffff ffff ffff 7fe9 72ff ffff 6690 	..........r...f.
0000C4D0: 4889 4424 08e8 2682 ffff 488b 5424 0883 	H.D$..&...H.T$..
0000C4E0: 3822 7487 4c89 ff45 31ff e881 81ff ffeb 	8"t.L..E1.......
0000C4F0: 1b0f 1f80 0000 0000 41c6 4415 0000 4c8d 	........A.D...L.
0000C500: 6201 4d85 ff74 414c 39e3 775c 488b 8424 	b.M..tAL9.w\H..$
0000C510: 9800 0000 6448 2b04 2528 0000 0075 6248 	....dH+.%(...ubH
0000C520: 81c4 a800 0000 4c89 f85b 5d41 5c41 5d41 	......L..[]A\A]A
0000C530: 5e41 5fc3 0f1f 4000 e8c3 81ff ff45 31ff 	^A_...@......E1.
0000C540: c700 0c00 0000 ebc4 4c89 e7e8 3081 ffff 	........L...0...
0000C550: 4889 c748 85c0 7424 4c89 e24c 89ee e8dd 	H..H..t$L..L....
0000C560: 84ff ff49 89c7 eba4 4c89 ff4c 89e6 e88d 	...I....L..L....
0000C570: 85ff ff48 85c0 4c0f 45f8 eb90 4531 ffeb 	...H..L.E...E1..
0000C580: 8be8 fa82 ffff 662e 0f1f 8400 0000 0000 	......f.........
0000C590: f30f 1efa 4154 31f6 5548 81ec 1801 0000 	....AT1.UH......
0000C5A0: 6448 8b04 2528 0000 0048 8984 2408 0100 	dH..%(...H..$...
0000C5B0: 0031 c0e8 6885 ffff 4885 c00f 8487 0000 	.1..h...H.......
0000C5C0: 0048 89c7 4889 c545 31e4 e8a1 82ff ff48 	.H..H..E1......H
0000C5D0: 3d00 0100 0076 2948 8b84 2408 0100 0064 	=....v)H..$....d
0000C5E0: 482b 0425 2800 0000 7563 4881 c418 0100 	H+.%(...ucH.....
0000C5F0: 0044 89e0 5d41 5cc3 0f1f 8400 0000 0000 	.D..]A\.........
0000C600: 4889 e748 8d50 01b9 0101 0000 4889 eee8 	H..H.P......H...
0000C610: 0c84 ffff 803c 2443 4889 c774 1b48 8d35 	.....<$CH..t.H.5
0000C620: b1d4 0000 e8b7 83ff ff85 c041 0f95 c4eb 	...........A....
0000C630: a60f 1f80 0000 0000 807c 2401 0074 98eb 	.........|$..t..
0000C640: dc0f 1f80 0000 0000 4531 e4eb 8ae8 2e82 	........E1......
0000C650: ffff 6666 2e0f 1f84 0000 0000 000f 1f00 	..ff............
0000C660: f30f 1efa 488b 4728 488d 15b1 bf00 0048 	....H.G(H......H
0000C670: 39d0 746c f30f 1040 080f 2f05 58fe 0000 	9.tl...@../.X...
0000C680: 7651 f30f 100d 52fe 0000 0f2f c876 44f3 	vQ....R..../.vD.
0000C690: 0f10 480c 0f2f 0d45 fe00 0076 36f3 0f10 	..H../.E...v6...
0000C6A0: 080f 2f0d 64fe 0000 7229 f30f 580d 26fe 	../.d...r)..X.&.
0000C6B0: 0000 f30f 1050 040f 2fd1 7617 f30f 101d 	.....P../.v.....
0000C6C0: 20fe 0000 0f2f da72 0a0f 2fc1 b801 0000 	 ..../.r../.....
0000C6D0: 0077 1248 8957 2831 c0c3 660f 1f44 0000 	.w.H.W(1..f..D..
0000C6E0: b801 0000 00c3 662e 0f1f 8400 0000 0000 	......f.........
0000C6F0: f30f 1efa 807e 1000 7546 4885 ff0f 88fd 	.....~..uFH.....
0000C700: 0000 0066 0fef c0f3 480f 2ac7 4531 c0f3 	...f....H.*.E1..
0000C710: 0f5e 4608 0f2f 05cd fd00 000f 83db 0000 	.^F../..........
0000C720: 000f 2f05 c4fd 0000 0f82 f700 0000 f30f 	../.............
0000C730: 5c05 b6fd 0000 f348 0f2c f848 0fba ff3f 	\......H.,.H...?
0000C740: 49b9 abaa aaaa aaaa aaaa b80a 0000 0048 	I..............H
0000C750: 39c7 480f 43c7 4989 c049 83c8 0149 83f8 	9.H.C.I..I...I..
0000C760: ff74 790f 1f44 0000 4c89 c049 f7e1 4889 	.ty..D..L..I..H.
0000C770: d048 83e2 fe48 d1e8 4801 c24c 89c0 4829 	.H...H..H..L..H)
0000C780: d049 83f8 090f 8693 0000 0048 85c0 7442 	.I.........H..tB
0000C790: bf10 0000 00be 0900 0000 b903 0000 00eb 	................
0000C7A0: 100f 1f80 0000 0000 4883 c708 4885 d274 	........H...H..t
0000C7B0: 2148 83c1 024c 89c0 31d2 4801 fe48 f7f1 	!H...L..1.H..H..
0000C7C0: 4c39 c672 e34c 89c0 31d2 48f7 f148 85d2 	L9.r.L..1.H..H..
0000C7D0: 7511 4983 c002 4983 f8ff 758c 4531 c04c 	u.I...I...u.E1.L
0000C7E0: 89c0 c34c 89c0 48c1 e83d 0f95 c049 0fba 	...L..H..=...I..
0000C7F0: e03c 0fb6 c072 e548 85c0 75e0 4c89 c0c3 	.<...r.H..u.L...
0000C800: 4889 f883 e701 660f efc0 48d1 e848 09f8 	H.....f...H..H..
0000C810: f348 0f2a c0f3 0f58 c0e9 eefe ffff b903 	.H.*...X........
0000C820: 0000 00eb a0f3 480f 2cf8 e911 ffff ff90 	......H.,.......
0000C830: 4155 4154 5548 89fd 4889 f753 4883 ec68 	AUATUH..H..SH..h
0000C840: 4c8b 6528 6448 8b04 2528 0000 0048 8944 	L.e(dH..%(...H.D
0000C850: 2458 31c0 4c89 e6e8 94fe ffff 4885 c00f 	$X1.L.......H...
0000C860: 84fb 0000 0048 89c3 4839 4510 0f84 de00 	.....H..H9E.....
0000C870: 0000 be10 0000 0048 89c7 e851 81ff ff48 	.......H...Q...H
0000C880: 8904 2448 85c0 0f84 d400 0000 4889 5c24 	..$H........H.\$
0000C890: 1048 c1e3 0449 89e5 31d2 4801 d848 89ee 	.H...I..1.H..H..
0000C8A0: 4c89 ef4c 8964 2428 4889 4424 0848 8b45 	L..L.d$(H.D$.H.E
0000C8B0: 3048 c744 2418 0000 0000 4889 4424 3048 	0H.D$.....H.D$0H
0000C8C0: 8b45 3848 c744 2420 0000 0000 4889 4424 	.E8H.D$ ....H.D$
0000C8D0: 3848 8b45 4048 8944 2440 488b 4548 4889 	8H.E@H.D$@H.EHH.
0000C8E0: 4424 48e8 48ac ffff 4189 c484 c075 7948 	D$H.H...A....uyH
0000C8F0: 8b44 2448 ba01 0000 004c 89ee 4889 ef48 	.D$H.....L..H..H
0000C900: 8945 48e8 28ac ffff 84c0 0f84 e083 ffff 	.EH.(...........
0000C910: 31d2 4c89 ee48 89ef e813 acff ff84 c00f 	1.L..H..........
0000C920: 84cb 83ff ff48 8b3c 24e8 427d ffff 488b 	.....H.<$.B}..H.
0000C930: 4424 5864 482b 0425 2800 0000 7561 4883 	D$XdH+.%(...uaH.
0000C940: c468 4489 e05b 5d41 5c41 5dc3 0f1f 4000 	.hD..[]A\A]...@.
0000C950: 41bc 0100 0000 ebd6 0f1f 8400 0000 0000 	A...............
0000C960: 4531 e4eb c90f 1f00 488b 7d00 e8ff 7cff 	E1......H.}...|.
0000C970: ff48 8b04 2448 8945 0048 8b44 2408 4889 	.H..$H.E.H.D$.H.
0000C980: 4508 488b 4424 1048 8945 1048 8b44 2418 	E.H.D$.H.E.H.D$.
0000C990: 4889 4518 488b 4424 4848 8945 48eb 8fe8 	H.E.H.D$HH.EH...
0000C9A0: dc7e ffff 6666 2e0f 1f84 0000 0000 0090 	.~..ff..........
0000C9B0: f30f 1efa 4154 4989 fc55 5348 837f 4000 	....ATI..USH..@.
0000C9C0: 488b 2f48 8b47 0874 5748 837f 2000 7450 	H./H.G.tWH.. .tP
0000C9D0: 4839 c572 19e9 8200 0000 660f 1f44 0000 	H9.r......f..D..
0000C9E0: 498b 4424 0848 83c5 1048 39e8 7632 488b 	I.D$.H...H9.v2H.
0000C9F0: 7d00 4885 ff74 e948 89eb eb07 0f1f 4000 	}.H..t.H......@.
0000CA00: 488b 3b41 ff54 2440 488b 5b08 4885 db75 	H.;A.T$@H.[.H..u
0000CA10: ef49 8b44 2408 4883 c510 4839 e877 cf90 	.I.D$.H...H9.w..
0000CA20: 498b 2c24 4839 c573 330f 1f80 0000 0000 	I.,$H9.s3.......
0000CA30: 488b 5d08 4885 db74 180f 1f80 0000 0000 	H.].H..t........
0000CA40: 4889 df48 8b5b 08e8 247c ffff 4885 db75 	H..H.[..$|..H..u
0000CA50: ef48 83c5 1049 396c 2408 77d4 498b 5c24 	.H...I9l$.w.I.\$
0000CA60: 4848 85db 741b 662e 0f1f 8400 0000 0000 	HH..t.f.........
0000CA70: 4889 df48 8b5b 08e8 f47b ffff 4885 db75 	H..H.[...{..H..u
0000CA80: ef49 8b3c 24e8 e67b ffff 5b4c 89e7 5d41 	.I.<$..{..[L..]A
0000CA90: 5ce9 da7b ffff 662e 0f1f 8400 0000 0000 	\..{..f.........
0000CAA0: f30f 1efa 4155 4154 5553 4883 ec18 6448 	....AUATUSH...dH
0000CAB0: 8b04 2528 0000 0048 8944 2408 31c0 4885 	..%(...H.D$.1.H.
0000CAC0: f60f 842e 82ff ff49 89e5 4989 d431 c948 	.......I..I..1.H
0000CAD0: 89fb 4c89 ea48 89f5 e843 a9ff ff48 85c0 	..L..H...C...H..
0000CAE0: 742e 4989 0424 31c0 488b 5424 0864 482b 	t.I..$1.H.T$.dH+
0000CAF0: 1425 2800 0000 0f85 b801 0000 4883 c418 	.%(.........H...
0000CB00: 5b5d 415c 415d c366 0f1f 8400 0000 0000 	[]A\A].f........
0000CB10: 488b 4318 4885 c078 7f66 0fef edf3 480f 	H.C.H..x.f....H.
0000CB20: 2ae8 488b 4310 4885 c00f 888f 0000 0066 	*.H.C.H........f
0000CB30: 0fef e4f3 480f 2ae0 488b 4328 f30f 1040 	....H.*.H.C(...@
0000CB40: 08f3 0f59 c40f 2fe8 0f87 9200 0000 4c8b 	...Y../.......L.
0000CB50: 2424 4983 3c24 000f 84c3 0000 0048 8b43 	$$I.<$.......H.C
0000CB60: 4848 85c0 0f84 d600 0000 488b 5008 4889 	HH........H.P.H.
0000CB70: 5348 498b 5424 0848 8928 4889 5008 4989 	SHI.T$.H.(H.P.I.
0000CB80: 4424 08b8 0100 0000 4883 4320 01e9 56ff 	D$......H.C ..V.
0000CB90: ffff 660f 1f44 0000 4889 c283 e001 660f 	..f..D..H.....f.
0000CBA0: efed 48d1 ea48 09c2 488b 4310 f348 0f2a 	..H..H..H.C..H.*
0000CBB0: eaf3 0f58 ed48 85c0 0f89 71ff ffff 4889 	...X.H....q...H.
0000CBC0: c283 e001 660f efe4 48d1 ea48 09c2 f348 	....f...H..H...H
0000CBD0: 0f2a e2f3 0f58 e4e9 5cff ffff 0f1f 4000 	.*...X..\.....@.
0000CBE0: 4889 dfe8 78fa ffff 488b 4328 0f28 ccf3 	H...x...H.C(.(..
0000CBF0: 0f10 4008 f30f 59c8 0f2f e90f 864d ffff 	..@...Y../...M..
0000CC00: fff3 0f59 600c 8078 1000 744c 0f2f 25d5 	...Y`..x..tL./%.
0000CC10: f800 0072 4bb8 ffff ffff e9c9 feff ff90 	...rK...........
0000CC20: 4989 2c24 b801 0000 0048 8343 2001 4883 	I.,$.....H.C .H.
0000CC30: 4318 01e9 b0fe ffff 0f1f 8400 0000 0000 	C...............
0000CC40: bf10 0000 00e8 367a ffff 4885 c074 c6e9 	......6z..H..t..
0000CC50: 1eff ffff 0f1f 4000 f30f 59e0 ebae 6690 	......@...Y...f.
0000CC60: 0f2f 2585 f800 0073 37f3 480f 2cf4 4889 	./%....s7.H.,.H.
0000CC70: dfe8 bafb ffff 84c0 749b 31c9 4c89 ea48 	........t.1.L..H
0000CC80: 89ee 4889 dfe8 96a7 ffff 4885 c00f 84bb 	..H.......H.....
0000CC90: feff ffe9 5d80 ffff 0f1f 8400 0000 0000 	....]...........
0000CCA0: f30f 5c25 44f8 0000 f348 0f2c f448 0fba 	..\%D....H.,.H..
0000CCB0: fe3f ebba e8c7 7bff ff0f 1f80 0000 0000 	.?....{.........
0000CCC0: f30f 1efa 4157 4156 4155 4d89 c541 5449 	....AWAVAUM..ATI
0000CCD0: 89fc 5553 4889 cb48 81ec 9800 0000 4889 	..USH..H......H.
0000CCE0: 3424 4c89 4424 1889 5424 4864 488b 0425 	4$L.D$..T$HdH..%
0000CCF0: 2800 0000 4889 8424 8800 0000 89d0 83e2 	(...H..$........
0000CD00: 2089 5424 3083 e003 83fa 0189 4424 1019 	 .T$0.......D$..
0000CD10: c083 e0e8 0500 0400 0089 4424 34e8 8e7a 	..........D$4..z
0000CD20: ffff 4c8b 3849 89c6 4c89 ffe8 407b ffff 	..L.8I..L...@{..
0000CD30: 498b 4e10 4d8b 7608 4889 c548 83e8 0148 	I.N.M.v.H..H...H
0000CD40: 83f8 10b8 0100 0000 4c89 f748 894c 2438 	........L..H.L$8
0000CD50: 480f 43e8 488d 0580 cd00 004c 0f43 f8e8 	H.C.H......L.C..
0000CD60: 0c7b ffff 4883 f810 488d 054e ce00 004c 	.{..H...H..N...L
0000CD70: 0f47 f048 8b04 2448 0587 0200 0048 8944 	.G.H..$H.....H.D
0000CD80: 2408 4939 dd0f 86a5 0100 0048 8b44 2418 	$.I9.......H.D$.
0000CD90: 31d2 48f7 f348 89c7 4885 d20f 85a8 0100 	1.H..H..H.......
0000CDA0: 004c 89e0 31d2 48f7 f748 89c1 488d 0492 	.L..1.H..H..H...
0000CDB0: 31d2 4801 c048 f7f7 4801 d241 89c1 4839 	1.H..H..H..A..H9
0000CDC0: d70f 8691 0700 0031 ff48 85d2 400f 95c7 	.......1.H..@...
0000CDD0: 448b 5c24 4841 83e3 100f 843d 0500 0044 	D.\$HA.....=...D
0000CDE0: 8b44 2434 31db 4c89 c649 39c8 0f86 4d04 	.D$41.L..I9...M.
0000CDF0: 0000 837c 2410 014c 8b44 2408 0f84 2e07 	...|$..L.D$.....
0000CE00: 0000 448b 5424 1045 85d2 7524 4401 cf85 	..D.T$.E..u$D...
0000CE10: ff7e 1d48 83c1 0145 85db 7414 8b44 2434 	.~.H...E..t..D$4
0000CE20: 4839 c80f 8409 0800 000f 1f80 0000 0000 	H9..............
0000CE30: 48be cdcc cccc cccc cccc 4c89 c50f 1f00 	H.........L.....
0000CE40: 4889 c848 83ed 0148 f7e6 4889 c848 c1ea 	H..H...H..H..H..
0000CE50: 0348 8d3c 9248 01ff 4829 f883 c030 8845 	.H.<.H..H)...0.E
0000CE60: 0048 89c8 4889 d148 83f8 0977 d3f6 4424 	.H..H..H...w..D$
0000CE70: 4804 0f84 2403 0000 4c89 f74d 89c4 4c89 	H...$...L..M..L.
0000CE80: 4424 4049 c7c5 ffff ffff e8e1 79ff ff49 	D$@I........y..I
0000CE90: 29ec 4889 eeb9 2900 0000 4989 c748 8d44 	).H...)...I..H.D
0000CEA0: 2450 4c89 e248 89c7 4889 4424 10e8 6e7b 	$PL..H..H.D$..n{
0000CEB0: ffff 895c 2420 488b 6c24 404c 89e3 4c8b 	...\$ H.l$@L..L.
0000CEC0: 6424 38eb 3e0f 1f00 4939 dd48 8b44 2410 	d$8.>...I9.H.D$.
0000CED0: 4c0f 47eb 4c29 eb48 8d34 184c 29ed 4c89 	L.G.L).H.4.L).L.
0000CEE0: ea48 89ef e857 7bff ff48 85db 0f84 1e03 	.H...W{..H......
0000CEF0: 0000 4c29 fd4c 89fa 4c89 f648 89ef e83d 	..L).L..L..H...=
0000CF00: 7bff ff41 0fb6 0424 84c0 74bc 3c7e 0f87 	{..A...$..t.<~..
0000CF10: e402 0000 4839 d848 0f47 c348 29c3 4989 	....H9.H.G.H).I.
0000CF20: c548 8b44 2410 488d 3418 4983 c401 ebab 	.H.D$.H.4.I.....
0000CF30: 4889 d831 d249 f7f5 4885 d275 0c49 f7e4 	H..1.I..H..u.I..
0000CF40: 4889 c10f 81bf 0300 0048 8b44 2418 4889 	H........H.D$.H.
0000CF50: 5c24 20df 6c24 2048 8944 2420 df6c 2420 	\$ .l$ H.D$ .l$ 
0000CF60: 4885 c00f 881f 0100 004c 8964 2420 def9 	H........L.d$ ..
0000CF70: df6c 2420 4d85 e40f 88f3 0000 00de c9f6 	.l$ M...........
0000CF80: 4424 4810 0f84 1e01 0000 db44 2434 31db 	D$H........D$41.
0000CF90: d9c0 eb08 0f1f 4000 ddd9 d9ca d9c0 83c3 	......@.........
0000CFA0: 01d8 cad9 cbdb f372 0f83 fb08 75ea ddda 	.......r....u...
0000CFB0: ddda eb08 0f1f 4000 ddda ddda 4c8d 7d01 	......@.....L.}.
0000CFC0: def1 837c 2430 0148 83d5 0283 7c24 1001 	...|$0.H....|$..
0000CFD0: 0f84 1204 0000 db2d 24f5 0000 dff1 0f86 	.......-$.......
0000CFE0: 9c02 0000 d905 02f5 0000 d9c9 dbf1 0f83 	................
0000CFF0: 7c05 0000 ddd9 d97c 244e 0fb7 4424 4e80 	|......|$N..D$N.
0000D000: cc0c 6689 4424 4cd9 c0d9 6c24 4cdf 7c24 	..f.D$L...l$L.|$
0000D010: 20d9 6c24 4e48 8b44 2420 4889 4424 20df 	 .l$NH.D$ H.D$ .
0000D020: 6c24 2048 85c0 7906 d805 baf4 0000 8b4c 	l$ H..y........L
0000D030: 2410 85c9 0f85 4e02 0000 d9c9 dbe9 7a0a 	$.....N.......z.
0000D040: 0f84 4a02 0000 ddd9 eb06 ddd9 0f1f 4000 	..J...........@.
0000D050: 4883 c001 4889 4424 20df 6c24 200f 8929 	H...H.D$ .l$ ..)
0000D060: 0200 00d8 057f f400 00d9 c9e9 2002 0000 	............ ...
0000D070: d805 72f4 0000 dec9 f644 2448 100f 8507 	..r......D$H....
0000D080: ffff ffeb 230f 1f00 d805 5af4 0000 4c89 	....#.....Z...L.
0000D090: 6424 20de f9df 6c24 204d 85e4 0f89 dbfe 	d$ ...l$ M......
0000D0A0: ffff ebcc 0f1f 4000 837c 2410 010f 8487 	......@..|$.....
0000D0B0: 0000 00db 2d47 f400 00df f176 7dd9 0529 	....-G.....v}..)
0000D0C0: f400 00d9 c9db f10f 8303 0500 00dd d9d9 	................
0000D0D0: 7c24 4e0f b744 244e 80cc 0c66 8944 244c 	|$N..D$N...f.D$L
0000D0E0: d9c0 d96c 244c df7c 2420 d96c 244e 488b 	...l$L.|$ .l$NH.
0000D0F0: 4424 2048 8944 2420 df6c 2420 4885 c079 	D$ H.D$ .l$ H..y
0000D100: 06d8 05e1 f300 0044 8b44 2410 4585 c075 	.......D.D$.E..u
0000D110: 27d9 c9df e97a 0674 21dd d8eb 02dd d848 	'....z.t!......H
0000D120: 83c0 0148 8944 2410 df6c 2410 0f88 2505 	...H.D$..l$...%.
0000D130: 0000 eb06 0f1f 4000 ddd9 4883 ec10 48c7 	......@...H...H.
0000D140: c2ff ffff ffbe 0100 0000 31c0 488b 5c24 	..........1.H.\$
0000D150: 1048 8d0d 85c9 0000 db3c 2448 89df e86d 	.H.......<$H...m
0000D160: 7bff ff48 89df bbff ffff ffe8 0077 ffff 	{..H.........w..
0000D170: 5e5f 4889 c249 89c4 488b 6c24 0848 8b34 	^_H..I..H.l$.H.4
0000D180: 2448 29d5 4889 efe8 f479 ffff 4e8d 4425 	$H).H....y..N.D%
0000D190: 00f6 4424 4804 0f85 dcfc ffff f644 2448 	..D$H........D$H
0000D1A0: 8074 1c83 fbff 0f84 8401 0000 8b44 2448 	.t...........D$H
0000D1B0: 2500 0100 0089 c609 de0f 85c1 0200 0048 	%..............H
0000D1C0: 8b44 2408 c600 0048 8b84 2488 0000 0064 	.D$....H..$....d
0000D1D0: 482b 0425 2800 0000 0f85 8006 0000 4881 	H+.%(.........H.
0000D1E0: c498 0000 0048 89e8 5b5d 415c 415d 415e 	.....H..[]A\A]A^
0000D1F0: 415f c30f 1f44 0000 4989 dd48 8b74 2410 	A_...D..I..H.t$.
0000D200: 31db e923 fdff ff66 0f1f 8400 0000 0000 	1..#...f........
0000D210: 8b5c 2420 eb86 662e 0f1f 8400 0000 0000 	.\$ ..f.........
0000D220: 85ff 400f 95c7 400f b6ff 83c3 014d 39d0 	..@...@......M9.
0000D230: 0f87 5204 0000 83fb 080f 84b3 fbff ff48 	..R............H
0000D240: 89c8 31d2 89f9 49f7 f0d1 f949 89c2 8d04 	..1...I....I....
0000D250: 9231 d241 8d04 41f7 f68d 1451 4189 c14c 	.1.A..A....QA..L
0000D260: 89d1 01d7 39d6 77b8 39fe 400f 92c7 400f 	....9.w.9.@...@.
0000D270: b6ff 83c7 02eb b366 0f1f 8400 0000 0000 	.......f........
0000D280: d9c0 eb0c 0f1f 4000 d9c9 eb04 d9c9 6690 	......@.......f.
0000D290: db7c 2420 4883 ec10 be01 0000 0031 c04c 	.|$ H........1.L
0000D2A0: 8b64 2410 48c7 c2ff ffff ff48 8d0d 31c8 	.d$.H......H..1.
0000D2B0: 0000 4c89 e7db 3c24 e813 7aff ff4c 89e7 	..L...<$..z..L..
0000D2C0: e8ab 75ff ff5e 5fdb 6c24 2048 39e8 4889 	..u..^_.l$ H9.H.
0000D2D0: c20f 87b9 0100 00f6 4424 4808 741a 488b 	........D$H.t.H.
0000D2E0: 0424 807c 10ff 300f 84c3 0200 00dd d8eb 	.$.|..0.........
0000D2F0: 090f 1f80 0000 0000 ddd8 4989 d44d 29fc 	..........I..M).
0000D300: e973 feff ff0f 1f00 448b 5c24 4831 ff45 	.s......D.\$H1.E
0000D310: 31c9 4183 e310 0f85 c3fa ffff bbff ffff 	1.A.............
0000D320: ffe9 ccfa ffff 662e 0f1f 8400 0000 0000 	......f.........
0000D330: 488b 4c24 1848 83f9 010f 86fb 0300 008b 	H.L$.H..........
0000D340: 5424 34bb 0100 0000 b801 0000 000f 1f00 	T$4.............
0000D350: 480f afc2 4839 c176 0883 c301 83fb 0875 	H...H9.v.......u
0000D360: ef8b 7424 4889 f025 0001 0000 83e6 4074 	..t$H..%......@t
0000D370: 1f48 8b34 2448 8d8e 8802 0000 c686 8702 	.H.4$H..........
0000D380: 0000 2048 894c 2408 85db 0f84 e804 0000 	.. H.L$.........
0000D390: 488b 7424 0844 8b4c 2430 488d 5601 4585 	H.t$.D.L$0H.V.E.
0000D3A0: c975 0983 fb01 0f84 c402 0000 4863 db48 	.u..........Hc.H
0000D3B0: 8d0d 5ab2 0000 0fb6 0c19 880e 85c0 0f84 	..Z.............
0000D3C0: b702 0000 448b 4424 3045 85c0 0f85 ce01 	....D.D$0E......
0000D3D0: 0000 488d 4201 c602 4248 8944 2408 e9dc 	..H.B...BH.D$...
0000D3E0: fdff ff0f 1f44 0000 4883 ec10 488d 0df0 	.....D..H...H...
0000D3F0: c600 0048 c7c2 ffff ffff 31c0 d9c0 db3c 	...H......1....<
0000D400: 244c 8b64 2410 be01 0000 004c 89e7 db7c 	$L.d$......L...|
0000D410: 2430 e8b9 78ff ff4c 89e7 e851 74ff ff48 	$0..x..L...Qt..H
0000D420: 89c2 5859 db6c 2420 4839 ea0f 86a6 feff 	..XY.l$ H9......
0000D430: ffd9 05b9 f000 00dc c9de f948 83ec 1048 	...........H...H
0000D440: c7c2 ffff ffff 31c0 4c8b 7c24 1048 8d0d 	......1.L.|$.H..
0000D450: 89c6 0000 be01 0000 004c 89ff db3c 24e8 	.........L...<$.
0000D460: 6c78 ffff 4c89 ffe8 0474 ffff 415d 415f 	lx..L....t..A]A_
0000D470: 4889 c249 89c4 e9fd fcff ff0f 1f44 0000 	H..I.........D..
0000D480: f644 2448 400f 84fd feff ffe9 e1fe ffff 	.D$H@...........
0000D490: d905 5af0 0000 dcc9 db2d 62f0 0000 dff2 	..Z......-b.....
0000D4A0: 7697 d905 44f0 0000 d9ca dbf2 0f83 4e01 	v...D.........N.
0000D4B0: 0000 ddda d9c9 d97c 244e 0fb7 4424 4e80 	.......|$N..D$N.
0000D4C0: cc0c 6689 4424 4cd9 c0d9 6c24 4cdf 7c24 	..f.D$L...l$L.|$
0000D4D0: 20d9 6c24 4e48 8b44 2420 4889 4424 20df 	 .l$NH.D$ H.D$ .
0000D4E0: 6c24 2048 85c0 7906 d805 faef 0000 8b54 	l$ H..y........T
0000D4F0: 2410 85d2 752a dbe9 ddd9 7a06 7424 ddd8 	$...u*....z.t$..
0000D500: eb02 ddd8 4883 c001 4889 4424 10df 6c24 	....H...H.D$..l$
0000D510: 100f 884b 0100 00eb 090f 1f80 0000 0000 	...K............
0000D520: ddd9 d9c9 e910 ffff ff0f 1f80 0000 0000 	................
0000D530: 4889 c848 63ff 83e0 0148 01f8 0f95 c00f 	H..Hc....H......
0000D540: b6c0 4401 c883 f805 0f8f c5f8 ffff e9dd 	..D.............
0000D550: f8ff ff0f 1f44 0000 bf02 0000 00b8 0300 	.....D..........
0000D560: 0000 0f42 f8e9 66f8 ffff 660f 1f44 0000 	...B..f...f..D..
0000D570: d97c 244e dce1 d9c9 0fb7 4424 4e80 cc0c 	.|$N......D$N...
0000D580: 6689 4424 4cd9 6c24 4cdf 7c24 20d9 6c24 	f.D$L.l$L.|$ .l$
0000D590: 4e48 8b44 2420 480f baf8 3fe9 7afa ffff 	NH.D$ H...?.z...
0000D5A0: c646 0169 488d 5602 e925 feff ff0f 1f00 	.F.iH.V..%......
0000D5B0: d905 3aef 0000 837c 2410 01dc c90f 85d5 	..:....|$.......
0000D5C0: feff ffe9 71fe ffff 0f1f 8400 0000 0000 	....q...........
0000D5D0: d97c 244e dce1 d9c9 0fb7 4424 4e80 cc0c 	.|$N......D$N...
0000D5E0: 6689 4424 4cd9 6c24 4cdf 7c24 20d9 6c24 	f.D$L.l$L.|$ .l$
0000D5F0: 4e48 8b44 2420 480f baf8 3fe9 f3fa ffff 	NH.D$ H...?.....
0000D600: d97c 244e dce2 d9ca 0fb7 4424 4e80 cc0c 	.|$N......D$N...
0000D610: 6689 4424 4cd9 6c24 4cdf 7c24 20d9 6c24 	f.D$L.l$L.|$ .l$
0000D620: 4ed9 c948 8b44 2420 480f baf8 3fe9 a8fe 	N..H.D$ H...?...
0000D630: ffff 83fb 080f 84f5 f7ff ff83 c301 f644 	...............D
0000D640: 2448 080f 8460 0100 0041 c640 ff31 498d 	$H...`...A.@.1I.
0000D650: 68ff e93a fbff ffd8 058b ee00 00e9 d8fa 	h..:............
0000D660: ffff d805 80ee 0000 d9c9 e9ca fdff ff90 	................
0000D670: c606 6b85 c00f 8557 fdff ff48 8954 2408 	..k....W...H.T$.
0000D680: e93a fbff ff0f 1f00 4983 fa09 0f87 60f7 	.:......I.....`.
0000D690: ffff 837c 2410 0174 7744 8b64 2410 4585 	...|$..twD.d$.E.
0000D6A0: e475 7985 ff74 758d 5001 83f8 090f 84e1 	.uy..tu.P.......
0000D6B0: 0000 008d 4230 488b 3424 4c8d 8686 0200 	....B0H.4$L.....
0000D6C0: 0088 8686 0200 0089 e849 29e8 83fd 0873 	.........I)....s
0000D6D0: 7040 f6c5 040f 856e 0100 0085 c074 0b41 	p@.....n.....t.A
0000D6E0: 0fb6 1741 8810 a802 7515 31ff 4531 c983 	...A....u.1.E1..
0000D6F0: 7c24 1001 0f85 08f7 ffff e931 f7ff ff41 	|$.........1...A
0000D700: 0fb7 5407 fe66 4189 5400 feeb dd0f 1f00 	..T..fA.T.......
0000D710: 89c2 83e2 0101 fa83 fa02 7f8b 85c0 0f85 	................
0000D720: 6601 0000 4c8b 4424 08f6 4424 4808 75bc 	f...L.D$..D$H.u.
0000D730: b830 0000 00e9 7cff ffff 31db e96b faff 	.0....|...1..k..
0000D740: ff49 8b07 498d 7808 4d89 f948 83e7 f849 	.I..I.x.M..H...I
0000D750: 8900 89e8 498b 5407 f849 8954 00f8 4c89 	....I.T..I.T..L.
0000D760: c048 29f8 4929 c101 e883 e0f8 83f8 080f 	.H).I)..........
0000D770: 8275 ffff ff83 e0f8 4189 c231 c089 c283 	.u......A..1....
0000D780: c008 498b 3411 4889 3417 4439 d072 eee9 	..I.4.H.4.D9.r..
0000D790: 56ff ffff 498d 4a01 4983 fa09 0f84 9d00 	V...I.J.I.......
0000D7A0: 0000 31ff e97b ffff ff48 89e8 41c6 40ff 	..1..{...H..A.@.
0000D7B0: 3048 f7d0 4901 c089 e883 fd08 7332 83e5 	0H..I.......s2..
0000D7C0: 040f 859c 0000 0085 c00f 847a feff ff41 	...........z...A
0000D7D0: 0fb6 1741 8810 a802 0f84 6bfe ffff 410f 	...A......k...A.
0000D7E0: b754 07fe 6641 8954 00fe e95a feff ff90 	.T..fA.T...Z....
0000D7F0: 498b 0749 8d48 084c 89fe 4883 e1f8 4989 	I..I.H.L..H...I.
0000D800: 0089 e849 8b54 07f8 4989 5400 f84c 89c0 	...I.T..I.T..L..
0000D810: 4829 c848 29c6 01e8 83e0 f883 f808 0f82 	H).H)...........
0000D820: 25fe ffff 83e0 f831 d289 d783 c208 4c8b 	%......1......L.
0000D830: 0c3e 4c89 0c39 39c2 72ef e90a feff ff4c 	.>L..99.r......L
0000D840: 8b44 2408 e9a1 feff ff41 8b17 4189 1041 	.D$......A..A..A
0000D850: 8b54 07fc 4189 5400 fce9 8cfe ffff e81d 	.T..A.T.........
0000D860: 70ff ff41 8b17 4189 1041 8b54 07fc 4189 	p..A..A..A.T..A.
0000D870: 5400 fce9 d1fd ffff 488b 5424 0885 c00f 	T.......H.T$....
0000D880: 854d fbff ffe9 35f9 ffff 83c0 30e9 24fe 	.M....5.....0.$.
0000D890: ffff 6666 2e0f 1f84 0000 0000 000f 1f00 	..ff............
0000D8A0: 4154 5548 89fd 5348 81ec a002 0000 440f 	ATUH..SH......D.
0000D8B0: b625 5a4a 0100 6448 8b04 2528 0000 0048 	.%ZJ..dH..%(...H
0000D8C0: 8984 2498 0200 0031 c080 3d41 4a01 0000 	..$....1..=AJ...
0000D8D0: 0f84 aa00 0000 833d 2f4a 0100 040f 842d 	.......=/J.....-
0000D8E0: 0100 0048 631d be49 0100 4883 c301 4584 	...Hc..I..H...E.
0000D8F0: e40f 8409 0100 0048 6305 a649 0100 4883 	.......Hc..I..H.
0000D900: c001 4801 c380 3df4 4901 0000 0f85 ce00 	..H...=.I.......
0000D910: 0000 8b95 c400 0000 488b 35a1 4c01 0048 	........H.5.L..H
0000D920: 8b7d 00e8 f8db ffff 4c8d 0403 8b05 d249 	.}......L......I
0000D930: 0100 85c0 741b 8b95 a800 0000 8b75 300f 	....t........u0.
0000D940: b6bd b800 0000 e8e5 e7ff ff3c 0149 83d8 	...........<.I..
0000D950: ff48 8b84 2498 0200 0064 482b 0425 2800 	.H..$....dH+.%(.
0000D960: 0000 0f85 2d01 0000 4881 c4a0 0200 004c 	....-...H......L
0000D970: 89c0 5b5d 415c c366 0f1f 8400 0000 0000 	..[]A\.f........
0000D980: 31db 4584 e40f 847a ffff ff83 3d7a 4901 	1.E....z....=zI.
0000D990: 0004 0f85 5fff ffff 80bd b800 0000 00b8 	...._...........
0000D9A0: 0200 0000 0f84 58ff ffff 488b 7d58 4c8b 	......X...H.}XL.
0000D9B0: 05fb 4801 0048 89e6 b900 0200 008b 15f5 	..H..H..........
0000D9C0: 4801 00e8 f8f2 ffff 4889 c7e8 a06e ffff 	H.......H....n..
0000D9D0: 4883 c001 e929 ffff ff0f 1f80 0000 0000 	H....)..........
0000D9E0: 833d 2549 0100 040f 8493 0000 0048 6305 	.=%I.........Hc.
0000D9F0: ac48 0100 4883 c001 4801 c3e9 12ff ffff 	.H..H...H.......
0000DA00: 803d f948 0100 0075 e4e9 04ff ffff 6690 	.=.H...u......f.
0000DA10: c644 2414 0048 8b4f 2049 b8cd cccc cccc 	.D$..H.O I......
0000DA20: cccc cc48 8d7c 2414 0f1f 8400 0000 0000 	...H.|$.........
0000DA30: 4889 c848 83ef 0149 f7e0 4889 c848 c1ea 	H..H...I..H..H..
0000DA40: 0348 8d34 9248 01f6 4829 f083 c030 8807 	.H.4.H..H)...0..
0000DA50: 4889 c848 89d1 4883 f809 77d4 e80f 6eff 	H..H..H...w...n.
0000DA60: ff48 8d58 0145 84e4 0f85 2aff ffff 803d 	.H.X.E....*....=
0000DA70: 8b48 0100 000f 8497 feff ff0f 1f44 0000 	.H...........D..
0000DA80: 488b bdb0 0000 00e8 e46d ffff 4883 c001 	H........m..H...
0000DA90: e963 ffff ffe8 e66d ffff 660f 1f44 0000 	.c.....m..f..D..
0000DAA0: 4157 4156 4155 4154 5553 4883 ec18 4883 	AWAVAUATUSH...H.
0000DAB0: 3d12 4b01 0000 0f84 5401 0000 400f bec7 	=.K.....T...@...
0000DAC0: 4c8b 2de1 4401 0041 89fe 31db 8944 2404 	L.-.D..A..1..D$.
0000DAD0: 4531 e4eb 2b0f 1f00 4c89 e548 85db 0f85 	E1..+...L..H....
0000DAE0: bc00 0000 4889 ee4c 89ff 4883 c301 e84d 	....H..L..H....M
0000DAF0: 9300 0048 391d ce4a 0100 0f86 2001 0000 	...H9..J.... ...
0000DB00: 488b 0549 4901 0048 833d 7149 0100 004c 	H..II..H.=qI...L
0000DB10: 8b3c d874 c34c 89ff e883 fdff ff48 85db 	.<.t.L.......H..
0000DB20: 0f84 2a01 0000 488b 1553 4901 0049 8d6c 	..*...H..SI..I.l
0000DB30: 2402 488d 0c28 4885 d274 1448 39ca 7670 	$.H..(H..t.H9.vp
0000DB40: 48c7 c2fd ffff ff48 29c2 4c39 e272 6149 	H......H).L9.raI
0000DB50: 89cc 660f 1f44 0000 498b 7d00 41b9 2000 	..f..D..I.}.A. .
0000DB60: 0000 ba20 0000 0048 8b47 2848 3b47 3073 	... ...H.G(H;G0s
0000DB70: 5d48 8d48 0148 894f 2844 8830 498b 7d00 	]H.H.H.O(D.0I.}.
0000DB80: 488b 4728 483b 4730 7376 488d 4801 4889 	H.G(H;G0svH.H.H.
0000DB90: 4f28 8810 e94b ffff ff0f 1f80 0000 0000 	O(...K..........
0000DBA0: 498d 6c24 0249 89ec ebae 660f 1f44 0000 	I.l$.I....f..D..
0000DBB0: 498b 7d00 4989 c441 b90a 0000 0031 edba 	I.}.I..A.....1..
0000DBC0: 0a00 0000 488b 4728 483b 4730 72a3 8b74 	....H.G(H;G0r..t
0000DBD0: 2404 4489 4c24 0c88 5424 0be8 106d ffff 	$.D.L$..T$...m..
0000DBE0: 498b 7d00 0fb6 5424 0b44 8b4c 240c 488b 	I.}...T$.D.L$.H.
0000DBF0: 4728 483b 4730 7292 0f1f 8400 0000 0000 	G(H;G0r.........
0000DC00: 4489 cee8 e86c ffff e9d7 feff ff0f 1f00 	D....l..........
0000DC10: 4c8b 2d91 4301 0066 0f1f 8400 0000 0000 	L.-.C..f........
0000DC20: 498b 7d00 488b 4728 483b 4730 7332 488d 	I.}.H.G(H;G0s2H.
0000DC30: 5001 4889 5728 c600 0a48 83c4 185b 5d41 	P.H.W(...H...[]A
0000DC40: 5c41 5d41 5e41 5fc3 0f1f 8400 0000 0000 	\A]A^A_.........
0000DC50: 4c89 e549 01c4 e989 feff ff0f 1f44 0000 	L..I.........D..
0000DC60: 4883 c418 be0a 0000 005b 5d41 5c41 5d41 	H........[]A\A]A
0000DC70: 5e41 5fe9 786c ffff 0f1f 8400 0000 0000 	^A_.xl..........
0000DC80: f30f 1efa 5589 f553 4889 fbbf 0e00 0000 	....U..SH.......
0000DC90: 4883 ec08 e817 6eff ff48 85c0 7464 4889 	H.....n..H..tdH.
0000DCA0: c70f b600 84c0 745a 83e0 df3c 5575 440f 	......tZ...<UuD.
0000DCB0: b647 0183 e0df 3c54 7548 0fb6 4702 83e0 	.G....<TuH..G...
0000DCC0: df3c 4675 3d80 7f03 2d75 3780 7f04 3875 	.<Fu=...-u7...8u
0000DCD0: 3180 7f05 0075 2b80 3b60 488d 0515 be00 	1....u+.;`H.....
0000DCE0: 0048 8d15 01be 0000 480f 45c2 4883 c408 	.H......H.E.H...
0000DCF0: 5b5d c33c 4775 0b0f b647 0183 e0df 3c42 	[].<Gu...G....<B
0000DD00: 741e 83fd 0948 8d05 e4bd 0000 488d 152c 	t....H......H..,
0000DD10: bf00 0048 0f45 c248 83c4 085b 5dc3 6690 	...H.E.H...[].f.
0000DD20: 807f 0231 75dc 807f 0338 75d6 807f 0430 	...1u....8u....0
0000DD30: 75d0 807f 0533 75ca 807f 0630 75c4 31c9 	u....3u....0u.1.
0000DD40: 31d2 488d 35b1 bd00 00e8 9292 ffff 85c0 	1.H.5...........
0000DD50: 74b0 803b 6048 8d05 96bd 0000 488d 158a 	t..;`H......H...
0000DD60: bd00 0048 0f45 c248 83c4 085b 5dc3 6690 	...H.E.H...[].f.
0000DD70: f30f 1efa 5058 ba05 0000 0048 8d35 4dbc 	....PX.....H.5M.
0000DD80: 0000 31ff 4883 ec08 e8c3 6aff ff8b 3ded 	..1.H.....j...=.
0000DD90: 4201 0048 8d15 c9bc 0000 31f6 4889 c131 	B..H......1.H..1
0000DDA0: c0e8 ea6d ffff e845 69ff ff0f 1f44 0000 	...m...Ei....D..
0000DDB0: 5348 89fb e8c7 68ff ff48 85c0 7505 4885 	SH....h..H..u.H.
0000DDC0: db75 025b c3e8 a6ff ffff 660f 1f44 0000 	.u.[......f..D..
0000DDD0: 5553 4883 ec08 e825 69ff ffbf 3800 0000 	USH....%i...8...
0000DDE0: 8b28 4889 c3e8 c6ff ffff 660f 6f05 ce44 	.(H.......f.o..D
0000DDF0: 0100 660f 6f0d d644 0100 660f 6f15 de44 	..f.o..D..f.o..D
0000DE00: 0100 488b 15e7 4401 0089 2b0f 1100 4889 	..H...D...+...H.
0000DE10: 5030 0f11 4810 0f11 5020 4883 c408 5b5d 	P0..H...P H...[]
0000DE20: c366 662e 0f1f 8400 0000 0000 0f1f 4000 	.ff...........@.
0000DE30: 5348 89fb bf10 0000 00e8 4268 ffff 4885 	SH........Bh..H.
0000DE40: c074 1748 8b15 4646 0100 4889 1848 8905 	.t.H..FF..H..H..
0000DE50: 3c46 0100 4889 5008 5bc3 e811 ffff ff90 	<F..H.P.[.......
0000DE60: 4154 5553 488b 1d5d 4701 0048 89d8 48d1 	ATUSH..]G..H..H.
0000DE70: e848 01d8 483b 05ad 4501 0076 5f48 8b3d 	.H..H;..E..v_H.=
0000DE80: cc45 0100 e8e7 67ff ffb8 1800 0000 48f7 	.E....g.......H.
0000DE90: e30f 90c2 4885 c0b8 0100 0000 0fb6 d248 	....H..........H
0000DEA0: 0f48 d048 85d2 0f85 8101 0000 488d 2c5b 	.H.H........H.,[
0000DEB0: 48c1 e503 4889 efe8 c467 ffff 4885 c075 	H...H....g..H..u
0000DEC0: 0948 85ed 0f85 6301 0000 4889 057f 4501 	.H....c...H...E.
0000DED0: 0048 8d04 5b48 8905 4c45 0100 4885 db74 	.H..[H..LE..H..t
0000DEE0: 2a48 8b05 6845 0100 488b 15e1 4601 0048 	*H..hE..H...F..H
0000DEF0: 8d0c d80f 1f44 0000 4889 1048 83c0 0848 	.....D..H..H...H
0000DF00: 81c2 c800 0000 4839 c875 ed83 3d12 5501 	......H9.u..=.U.
0000DF10: 00ff 7466 488d 3d45 4401 00e8 906a ffff 	..tfH.=ED....j..
0000DF20: f30f 1efa 8b3d fa54 0100 85c0 7552 488b 	.....=.T....uRH.
0000DF30: 2d1b 4501 0048 8b35 8c46 0100 31d2 83ff 	-.E..H.5.F..1...
0000DF40: 040f 848c 0000 0001 fa48 980f b60d f847 	.........H.....G
0000DF50: 0100 89d2 488d 1450 0fb6 053e 4501 0048 	....H..P...>E..H
0000DF60: 8d04 5048 8d14 4148 8d05 9230 0100 488b 	..PH..AH...0..H.
0000DF70: 0cd0 4883 fe02 7768 747e 5b5d 415c c390 	..H...wht~[]A\..
0000DF80: 83ff 030f 84a9 0000 0048 8b35 3846 0100 	.........H.58F..
0000DF90: 488b 2db9 4401 0048 85f6 0f84 7d00 0000 	H.-.D..H....}...
0000DFA0: 488b 1529 4601 0048 89e8 488d 4cf5 0090 	H..)F..H..H.L...
0000DFB0: 4889 1048 83c0 0848 81c2 c800 0000 4839 	H..H...H......H9
0000DFC0: c175 edb8 0100 0000 31d2 83ff 040f 8574 	.u......1......t
0000DFD0: ffff ff8b 1547 5401 00e9 69ff ffff 6690 	.....GT...i...f.
0000DFE0: 488d 54f5 0048 89ef e8d3 d5ff ff5b 5d41 	H.T..H.......[]A
0000DFF0: 5cc3 660f 1f44 0000 488b 5d00 4c8b 6508 	\.f..D..H.].L.e.
0000E000: 4889 df4c 89e6 ffd1 85c0 0f8e 6aff ffff 	H..L........j...
0000E010: 4c89 6500 4889 5d08 5b5d 415c c383 ff04 	L.e.H.].[]A\....
0000E020: 0f85 54ff ffff b801 0000 00eb a6e8 3efd 	..T...........>.
0000E030: ffff 488d 0d3f a600 00ba 9e0f 0000 488d 	..H..?........H.
0000E040: 35bd ba00 0048 8d3d bfba 0000 e8df 68ff 	5....H.=......h.
0000E050: ff66 662e 0f1f 8400 0000 0000 0f1f 4000 	.ff...........@.
0000E060: 4157 4156 4155 4154 4189 f455 5348 89fb 	AWAVAUATA..USH..
0000E070: 4883 ec08 e8f7 67ff ff48 83c0 0148 6bf8 	H.....g..H...Hk.
0000E080: 030f 80a3 0000 00e8 f465 ffff 4989 c648 	.........e..I..H
0000E090: 85c0 0f84 9200 0000 0fb6 034c 89f5 84c0 	...........L....
0000E0A0: 7464 4c8d 2d17 4401 004c 8d3d 75ba 0000 	tdL.-.D..L.=u...
0000E0B0: eb14 660f 1f44 0000 8845 0048 83c5 010f 	..f..D...E.H....
0000E0C0: b603 84c0 7440 4883 c301 3c2f 7505 4584 	....t@H...</u.E.
0000E0D0: e475 4d0f b6d0 440f b6c0 4180 7c15 0000 	.uM...D...A.|...
0000E0E0: 75d6 4889 ef4c 89f9 48c7 c2ff ffff ff31 	u.H..L..H......1
0000E0F0: c0be 0100 0000 4883 c503 e8d1 6bff ff0f 	......H.....k...
0000E100: b603 84c0 75c0 c645 0000 4883 c408 4c89 	....u..E..H...L.
0000E110: f05b 5d41 5c41 5d41 5e41 5fc3 0f1f 4000 	.[]A\A]A^A_...@.
0000E120: c645 002f 4883 c501 eb95 e841 fcff ff90 	.E./H......A....
0000E130: 4157 4156 4155 4154 5589 fd53 4883 ec18 	AWAVAUATU..SH...
0000E140: 4c8b 2d81 4401 004c 8b35 1a43 0100 488b 	L.-.D..L.5.C..H.
0000E150: 0deb 4101 004d 39f5 4d89 f44d 0f46 e549 	..A..M9.M..M.F.I
0000E160: 39cc 0f86 1c01 0000 4c89 f048 8b3d d641 	9.......L..H.=.A
0000E170: 0100 48d1 e849 39c4 0f83 5f02 0000 b830 	..H..I9..._....0
0000E180: 0000 0049 f7e4 0f90 c20f b6d2 4885 c00f 	...I........H...
0000E190: 8897 0200 0048 85d2 0f85 8e02 0000 4b8d 	.....H........K.
0000E1A0: 0464 4889 0c24 48c1 e004 4889 c375 0948 	.dH..$H...H..u.H
0000E1B0: 85ff 0f85 9102 0000 4889 dee8 4069 ffff 	........H...@i..
0000E1C0: 488b 0c24 4885 c049 89c7 7509 4885 db0f 	H..$H..I..u.H...
0000E1D0: 8557 0200 004f 8d34 2448 8d59 014c 89f0 	.W...O.4$H.Y.L..
0000E1E0: 31f6 4c89 3d5f 4101 0048 89da 4829 c848 	1.L.=_A..H..H).H
0000E1F0: 890c 244c 01f2 400f 92c6 48f7 e20f 90c2 	..$L..@...H.....
0000E200: 0fb6 d248 85f6 0f85 2002 0000 4885 d20f 	...H.... ...H...
0000E210: 8517 0200 0048 d1e8 486b d008 0f80 0a02 	.....H..Hk......
0000E220: 0000 488d 14c5 0000 0000 4889 d748 8954 	..H.......H..H.T
0000E230: 2408 e849 64ff ff48 8b0c 2448 85c0 750e 	$..Id..H..$H..u.
0000E240: 488b 5424 0848 85d2 0f85 de01 0000 488d 	H.T$.H........H.
0000E250: 14dd 0000 0000 4a8d 34f5 0800 0000 4c39 	......J.4.....L9
0000E260: f173 1a0f 1f44 0000 488d 0c52 4989 440f 	.s...D..H..RI.D.
0000E270: f848 01d0 4883 c208 4839 f275 eb4c 8935 	.H..H...H9.u.L.5
0000E280: bc40 0100 4d85 e474 5048 8b3d b840 0100 	.@..M..tPH.=.@..
0000E290: 4f8d 4464 0331 f6b9 0300 0000 0f1f 4000 	O.Dd.1........@.
0000E2A0: 488b 44cf f8c6 44cf e801 4883 c608 4889 	H.D...D...H...H.
0000E2B0: 4ccf f048 8d14 3066 0f1f 8400 0000 0000 	L..H..0f........
0000E2C0: 48c7 0003 0000 0048 83c0 0848 39c2 75f0 	H......H...H9.u.
0000E2D0: 4883 c103 4939 c875 c731 db4d 85ed 0f84 	H...I9.u.1.M....
0000E2E0: e700 0000 0f1f 4000 488b 0561 4101 0048 	......@.H..aA..H
0000E2F0: 8b3c d8e8 a8f5 ffff 4c8b 15c9 4201 0049 	.<......L...B..I
0000E300: 89c1 4d85 e40f 8485 0000 004c 8b1d 6e41 	..M........L..nA
0000E310: 0100 488b 352f 4001 0031 c9eb 540f 1f00 	..H.5/@..1..T...
0000E320: 498d 440a ff31 d248 f7f1 31d2 4989 c048 	I.D..1.H..1.I..H
0000E330: 89d8 49f7 f049 89c0 488b 5610 31c0 4939 	..I..I..H.V.1.I9
0000E340: f80f 95c0 4a8d 14c2 498d 0441 488b 3a48 	....J...I..AH.:H
0000E350: 39c7 7314 4989 c049 29f8 4c01 4608 4889 	9.s.I..I).L.F.H.
0000E360: 024c 395e 080f 9206 4883 c618 4939 cc74 	.L9^....H...I9.t
0000E370: 1f48 89cf 4883 c101 803e 0074 eb40 84ed 	.H..H....>.t.@..
0000E380: 759e 4889 d831 d248 f7f1 4989 d0eb a990 	u.H..1.H..I.....
0000E390: 4883 c301 4c39 d30f 824b ffff ff49 83fc 	H...L9...K...I..
0000E3A0: 0176 2848 8b15 9e3f 0100 4b8d 0464 488d 	.v(H...?..K..dH.
0000E3B0: 44c2 e8eb 110f 1f00 4983 ec01 4883 e818 	D.......I...H...
0000E3C0: 4983 fc01 7405 8038 0074 ed48 83c4 184c 	I...t..8.t.H...L
0000E3D0: 89e0 5b5d 415c 415d 415e 415f c3b8 1800 	..[]A\A]A^A_....
0000E3E0: 0000 49f7 e60f 90c2 0fb6 d248 85c0 783c 	..I........H..x<
0000E3F0: 4885 d275 374b 8d04 7648 890c 2448 c1e0 	H..u7K..vH..$H..
0000E400: 0348 89c3 7505 4885 ff75 2d48 89de e8ed 	.H..u.H..u-H....
0000E410: 66ff ff48 8b0c 2448 85c0 4989 c70f 85b6 	f..H..$H..I.....
0000E420: fdff ff48 85db 0f84 adfd ffff e83f f9ff 	...H.........?..
0000E430: ff0f 1f80 0000 0000 e833 62ff ff45 31ff 	.........3b..E1.
0000E440: 488b 0c24 e990 fdff ffe8 2262 ffff 4531 	H..$......"b..E1
0000E450: ff48 8b0c 24e9 7bfd ffff 660f 1f44 0000 	.H..$.{...f..D..
0000E460: 4154 5589 fd53 488b 1dcb 3e01 0048 85db 	ATU..SH...>..H..
0000E470: 750f eb2c 0f1f 4000 488b 5b08 4885 db74 	u..,..@.H.[.H..t
0000E480: 1f39 2b75 f331 c080 7b10 0074 0448 8d43 	.9+u.1..{..t.H.C
0000E490: 105b 5d41 5cc3 662e 0f1f 8400 0000 0000 	.[]A\.f.........
0000E4A0: 89ef 4c8d 2514 b700 00e8 8263 ffff bf18 	..L.%......c....
0000E4B0: 0000 0048 85c0 7413 4c8b 204c 89e7 e8ad 	...H..t.L. L....
0000E4C0: 63ff ff48 8d78 1848 83e7 f8e8 b061 ffff 	c..H.x.H.....a..
0000E4D0: 4889 c348 85c0 7422 8928 488d 7810 4c89 	H..H..t".(H.x.L.
0000E4E0: e6e8 5a62 ffff 488b 054b 3e01 0048 891d 	..Zb..H..K>..H..
0000E4F0: 443e 0100 4889 4308 eb8b e871 f8ff ff90 	D>..H.C....q....
0000E500: 5553 89fb 4883 ec28 6448 8b04 2528 0000 	US..H..(dH..%(..
0000E510: 0048 8944 2418 31c0 803d 7d3f 0100 0074 	.H.D$.1..=}?...t
0000E520: 4748 89e5 4189 d848 8d0d f3b3 0000 31c0 	GH..A..H......1.
0000E530: 4889 efba 1500 0000 be01 0000 00e8 8e67 	H..............g
0000E540: ffff 4889 efe8 2663 ffff 488b 5424 1864 	..H...&c..H.T$.d
0000E550: 482b 1425 2800 0000 7537 4883 c428 5b5d 	H+.%(...u7H..([]
0000E560: c30f 1f80 0000 0000 e8f3 feff ff48 89c5 	.............H..
0000E570: 4885 c074 ac48 89c7 e8f3 62ff ff48 89ef 	H..t.H....b..H..
0000E580: 4889 c6e8 3846 0000 31d2 85c0 0f48 c2eb 	H...8F..1....H..
0000E590: b9e8 ea62 ffff 662e 0f1f 8400 0000 0000 	...b..f.........
0000E5A0: 4154 5589 fd53 488b 1d83 3d01 0048 85db 	ATU..SH...=..H..
0000E5B0: 750f eb2c 0f1f 4000 488b 5b08 4885 db74 	u..,..@.H.[.H..t
0000E5C0: 1f39 2b75 f331 c080 7b10 0074 0448 8d43 	.9+u.1..{..t.H.C
0000E5D0: 105b 5d41 5cc3 662e 0f1f 8400 0000 0000 	.[]A\.f.........
0000E5E0: 89ef 4c8d 25d4 b500 00e8 e262 ffff bf18 	..L.%......b....
0000E5F0: 0000 0048 85c0 7413 4c8b 204c 89e7 e86d 	...H..t.L. L...m
0000E600: 62ff ff48 8d78 1848 83e7 f8e8 7060 ffff 	b..H.x.H....p`..
0000E610: 4889 c348 85c0 7422 8928 488d 7810 4c89 	H..H..t".(H.x.L.
0000E620: e6e8 1a61 ffff 488b 0503 3d01 0048 891d 	...a..H...=..H..
0000E630: fc3c 0100 4889 4308 eb8b e831 f7ff ff90 	.<..H.C....1....
0000E640: f30f 1efa 4154 5548 89fd 4883 ec08 e81d 	....ATUH..H.....
0000E650: 62ff ff4c 8d60 014c 89e7 e821 60ff ff48 	b..L.`.L...!`..H
0000E660: 85c0 7415 4883 c408 4c89 e248 89ee 4889 	..t.H...L..H..H.
0000E670: c75d 415c e9c7 63ff ffe8 f2f6 ffff 6690 	.]A\..c.......f.
0000E680: 4155 4189 d541 5449 89f4 5548 89fd bf20 	AUA..ATI..UH... 
0000E690: 0000 0053 4883 ec08 e8e3 5fff ff48 85c0 	...SH....._..H..
0000E6A0: 744b 4889 c34d 85e4 740b 4c89 e7e8 8eff 	tKH..M..t.L.....
0000E6B0: ffff 4989 c44c 8963 0848 85ed 740b 4889 	..I..L.c.H..t.H.
0000E6C0: efe8 7aff ffff 4889 c548 8b05 9040 0100 	..z...H..H...@..
0000E6D0: 4889 2b44 886b 1048 8943 1848 891d 7e40 	H.+D.k.H.C.H..~@
0000E6E0: 0100 4883 c408 5b5d 415c 415d c3e8 7ef6 	..H...[]A\A]..~.
0000E6F0: ffff 6666 2e0f 1f84 0000 0000 000f 1f00 	..ff............
0000E700: 4157 4156 4155 4154 5540 0fb6 ee53 4889 	AWAVAUATU@...SH.
0000E710: fb48 83ec 2848 85ff 7416 4883 3d16 4001 	.H..(H..t.H.=.@.
0000E720: 0000 740c 4889 fe31 d231 ffe8 50ff ffff 	..t.H..1.1..P...
0000E730: 488b 0591 3e01 004c 8d68 ff48 85c0 0f84 	H...>..L.h.H....
0000E740: 5803 0000 0f1f 4000 488b 0501 3d01 004e 	X.....@.H...=..N
0000E750: 8b24 e841 8b84 24a8 0000 0083 f803 0f94 	.$.A..$.........
0000E760: c283 f809 0f94 c008 c241 89d2 0f84 be01 	.........A......
0000E770: 0000 4d8b 3c24 4885 db0f 8421 0200 0045 	..M.<$H....!...E
0000E780: 0fb6 1f41 80fb 2f0f 85f3 0200 004c 89fa 	...A../......L..
0000E790: 0fb6 4201 4883 c201 3c2f 74f4 84c0 0f84 	..B.H...</t.....
0000E7A0: fc01 0000 4889 d631 ffeb 1b0f 1f44 0000 	....H..1.....D..
0000E7B0: 4084 ff74 0548 89f2 31ff 0fb6 4601 4883 	@..t.H..1...F.H.
0000E7C0: c601 84c0 7413 3c2f 75e6 0fb6 4601 4883 	....t.</u...F.H.
0000E7D0: c601 4489 d784 c075 ed80 3a2e 0f84 2e02 	..D....u..:.....
0000E7E0: 0000 4180 fb2f 0f84 b401 0000 0fb6 0349 	..A../.........I
0000E7F0: 89de 3c2f 7517 662e 0f1f 8400 0000 0000 	..</u.f.........
0000E800: 410f b646 0149 83c6 013c 2f74 f384 c074 	A..F.I...</t...t
0000E810: 384c 89f2 31f6 eb1e 0f1f 8400 0000 0000 	8L..1...........
0000E820: 4084 f674 0549 89d6 31f6 0fb6 4201 4883 	@..t.I..1...B.H.
0000E830: c201 84c0 7413 3c2f 75e6 0fb6 4201 4883 	....t.</u...B.H.
0000E840: c201 4489 d684 c075 ed4c 89f7 e81f 60ff 	..D....u.L....`.
0000E850: ff49 89c2 4983 fa01 0f86 e201 0000 4380 	.I..I.........C.
0000E860: 7c16 ff2f 498d 42ff 0f84 2602 0000 4929 	|../I.B...&...I)
0000E870: de4c 89ff 4b8d 1416 4889 5424 08e8 ee5f 	.L..K...H.T$..._
0000E880: ffff 488b 5424 0848 8904 2445 31d2 b82f 	..H.T$.H..$E1../
0000E890: 0000 0080 7c13 ff2f b900 0000 000f 44c1 	....|../......D.
0000E8A0: 410f 95c2 8844 241f 488b 0424 4889 5424 	A....D$.H..$H.T$
0000E8B0: 104c 8954 2408 488d 7c02 014c 01d7 e8bd 	.L.T$.H.|..L....
0000E8C0: 5dff ff4c 8b54 2408 488b 5424 1048 85c0 	]..L.T$.H.T$.H..
0000E8D0: 4989 c60f 84ca 0100 0048 89de 4889 c74c 	I........H..H..L
0000E8E0: 8954 2408 e887 62ff ff0f b64c 241f 4c8b 	.T$...b....L$.L.
0000E8F0: 5424 084c 89fe 488b 1424 8808 4a8d 3c10 	T$.L..H..$..J.<.
0000E900: e86b 62ff ff89 ea4c 89f7 c600 0049 8b74 	.kb....L.....I.t
0000E910: 2408 e869 fdff ff4c 89f7 e851 5dff ff41 	$..i...L...Q]..A
0000E920: 83bc 24a8 0000 0009 0f84 9000 0000 6690 	..$...........f.
0000E930: 4983 ed01 0f83 0efe ffff 488b 1587 3c01 	I.........H...<.
0000E940: 0048 85d2 0f84 5201 0000 488b 35ff 3a01 	.H....R...H.5.:.
0000E950: 0048 8d3c d648 89f0 31d2 660f 1f44 0000 	.H.<.H..1.f..D..
0000E960: 488b 0883 b9a8 0000 0009 4889 0cd6 0f95 	H.........H.....
0000E970: c148 83c0 080f b6c9 4801 ca48 39c7 75e0 	.H......H..H9.u.
0000E980: 4889 1541 3c01 0048 83c4 285b 5d41 5c41 	H..A<..H..([]A\A
0000E990: 5d41 5e41 5fc3 662e 0f1f 8400 0000 0000 	]A^A_.f.........
0000E9A0: 498b 7424 0889 ea4c 89ff e8d1 fcff ff41 	I.t$...L.......A
0000E9B0: 83bc 24a8 0000 0009 0f85 72ff ffff 498b 	..$.......r...I.
0000E9C0: 3c24 e8a9 5cff ff49 8b7c 2408 e89f 5cff 	<$..\..I.|$...\.
0000E9D0: ff49 8b7c 2410 e895 5cff ff49 8bbc 24b0 	.I.|$...\..I..$.
0000E9E0: 0000 0048 8d05 3a36 0100 4839 c70f 843d 	...H..:6..H9...=
0000E9F0: ffff ffe8 b85e ffff 4983 ed01 0f83 46fd 	.....^..I.....F.
0000EA00: ffff e933 ffff ff66 0f1f 8400 0000 0000 	...3...f........
0000EA10: 31c0 807a 012e 0f94 c00f b644 0201 84c0 	1..z.......D....
0000EA20: 0f84 0aff ffff 3c2f 0f85 b4fd ffff 4983 	......</......I.
0000EA30: ed01 0f83 10fd ffff e9fd feff ff0f 1f00 	................
0000EA40: 4929 de4c 89ff 4c89 5424 104b 8d14 1648 	I).L..L.T$.K...H
0000EA50: 8954 2408 e817 5eff ff4c 8b54 2410 488b 	.T$...^..L.T$.H.
0000EA60: 5424 0848 8904 244d 85d2 0f85 1bfe ffff 	T$.H..$M........
0000EA70: c644 241f 00e9 2efe ffff 660f 1f44 0000 	.D$.......f..D..
0000EA80: 4489 d84c 89fa 4584 db0f 8515 fdff ffe9 	D..L..E.........
0000EA90: 58fd ffff 4989 c2e9 b8fd ffff 31d2 e9dd 	X...I.......1...
0000EAA0: feff ffe8 c8f2 ffff 0f1f 8400 0000 0000 	................
0000EAB0: 5548 89e5 4157 4989 cf41 5641 89f6 4155 	UH..AWI..AVA..AU
0000EAC0: 4154 4989 fc53 4881 ecd8 0200 0089 950c 	ATI..SH.........
0000EAD0: fdff ff4c 8b2d ee3a 0100 488b 1df7 3a01 	...L.-.:..H...:.
0000EAE0: 0048 8b3d e83a 0100 6448 8b04 2528 0000 	.H.=.:..dH..%(..
0000EAF0: 0048 8945 c831 c049 39dd 0f84 a009 0000 	.H.E.1.I9.......
0000EB00: 4b8d 44ad 0048 8d04 8048 8d1c c731 c048 	K.D..H...H...1.H
0000EB10: 8d7b 0848 89d9 48c7 83c0 0000 0000 0000 	.{.H..H.........
0000EB20: 0048 83e7 f848 c703 0000 0000 4829 f981 	.H...H......H)..
0000EB30: c1c8 0000 00c1 e903 f348 ab44 89b3 a800 	.........H.D....
0000EB40: 0000 c783 c400 0000 ffff ffff 803d 5937 	.............=Y7
0000EB50: 0100 0075 0d80 3d51 3701 0000 0f85 be09 	...u..=Q7.......
0000EB60: 0000 80bd 0cfd ffff 000f b635 783a 0100 	...........5x:..
0000EB70: 0f84 5a01 0000 410f b614 244d 89e5 80fa 	..Z...A...$M....
0000EB80: 2f74 0d45 0fb6 0745 84c0 0f85 4102 0000 	/t.E...E....A...
0000EB90: 4084 f60f 85b5 0700 0044 8b15 a43b 0100 	@........D...;..
0000EBA0: 4c8d 7b18 4489 9500 fdff ffe8 8087 ffff 	L.{.D...........
0000EBB0: 448b 9500 fdff ff41 83fa 040f 87bf 0400 	D......A........
0000EBC0: 0041 83fa 020f 87f5 0600 00e8 6087 ffff 	.A..........`...
0000EBD0: 4c89 fab9 0001 0000 4c89 ee41 89c0 bf9c 	L.......L..A....
0000EBE0: ffff ff45 31ff e8b5 8aff ff85 c00f 85ba 	...E1...........
0000EBF0: 0400 00c6 83b8 0000 0001 4183 fe05 0f84 	..........A.....
0000EC00: 6c06 0000 8b43 3025 00f0 0000 3d00 8000 	l....C0%....=...
0000EC10: 000f 8459 0600 0044 8b1d ee36 0100 4585 	...Y...D...6..E.
0000EC20: db0f 84c9 0400 0080 3dd2 3601 0000 0f85 	........=.6.....
0000EC30: bc04 0000 8b43 3025 00f0 0000 3d00 a000 	.....C0%....=...
0000EC40: 000f 8434 0500 00ba 0500 0000 3d00 4000 	...4........=.@.
0000EC50: 000f 8461 0a00 008b 3daf 3601 004c 8b6b 	...a....=.6..L.k
0000EC60: 5889 93a8 0000 0085 ff0f 84d9 0100 0080 	X...............
0000EC70: 3d9a 3601 0000 0f85 cc01 0000 803d 7d36 	=.6..........=}6
0000EC80: 0100 000f 8545 0200 000f b605 8136 0100 	.....E.......6..
0000EC90: 84c0 0f85 f806 0000 4c89 e7e8 a0f9 ffff 	........L.......
0000ECA0: 4883 0520 3901 0001 4889 0348 8b45 c864 	H.. 9...H..H.E.d
0000ECB0: 482b 0425 2800 0000 0f85 510f 0000 488d 	H+.%(.....Q...H.
0000ECC0: 65d8 4c89 e85b 415c 415d 415e 415f 5dc3 	e.L..[A\A]A^A_].
0000ECD0: 4084 f60f 8557 0600 0080 3dda 3901 0000 	@....W....=.9...
0000ECE0: 0f85 ca00 0000 4183 fe03 0f84 d00c 0000 	......A.........
0000ECF0: 0fb6 051a 3601 0084 c00f 85e1 0b00 0080 	....6...........
0000ED00: 3db3 3901 0000 0f84 a40c 0000 ba41 0000 	=.9..........A..
0000ED10: 004c 0fa3 f273 2783 3d26 3a01 0005 0f84 	.L...s'.=&:.....
0000ED20: c30d 0000 803d 1d3a 0100 000f 857f 0000 	.....=.:........
0000ED30: 0080 3d11 3a01 0000 7576 84c0 7572 803d 	..=.:...uv..ur.=
0000ED40: 7439 0100 000f 8465 0c00 0045 85f6 7460 	t9.....e...E..t`
0000ED50: 4531 ed41 83fe 050f 853b ffff ff83 3da0 	E1.A.....;....=.
0000ED60: 3501 0003 744a 803d 9b35 0100 000f 8425 	5...tJ.=.5.....%
0000ED70: ffff ffbf 0e00 0000 e843 d3ff ff84 c075 	.........C.....u
0000ED80: 2fbf 1000 0000 e835 d3ff ff84 c075 21bf 	/......5.....u!.
0000ED90: 1100 0000 e827 d3ff ff84 c075 13bf 1500 	.....'.....u....
0000EDA0: 0000 e819 d3ff ff84 c00f 84e9 feff ff90 	................
0000EDB0: 410f b614 244d 89e5 80fa 2f0f 84d8 fdff 	A...$M..../.....
0000EDC0: ff45 0fb6 074d 89e5 4584 c00f 84c8 fdff 	.E...M..E.......
0000EDD0: ff4c 89e7 4088 b50a fdff ff88 950b fdff 	.L..@...........
0000EDE0: ff44 8885 00fd ffff e883 5aff ff4c 89ff 	.D........Z..L..
0000EDF0: 4989 c5e8 785a ffff 4889 e70f b6b5 0afd 	I...xZ..H.......
0000EE00: ffff 0fb6 950b fdff ff49 8d44 0519 440f 	.........I.D..D.
0000EE10: b685 00fd ffff 4889 c148 2500 f0ff ff48 	......H..H%....H
0000EE20: 83e1 f048 29c7 4839 fc0f 84f1 0700 0048 	...H).H9.......H
0000EE30: 81ec 0010 0000 4883 8c24 f80f 0000 00eb 	......H..$......
0000EE40: e50f 1f80 0000 0000 4c8b 0561 3401 008b 	........L..a4...
0000EE50: 1563 3401 00b9 0002 0000 4c89 ef4c 8dbd 	.c4.......L..L..
0000EE60: 30fd ffff 4c89 fee8 54de ffff 4889 c749 	0...L...T...H..I
0000EE70: 89c6 e8f9 59ff ff4c 89f7 4889 c6e8 3e3d 	....Y..L..H...>=
0000EE80: 0000 3905 1c34 0100 7d06 8905 1434 0100 	..9..4..}....4..
0000EE90: 8b35 7634 0100 85f6 0f85 defd ffff 803d 	.5v4...........=
0000EEA0: e031 0100 000f 8585 0900 0080 3dd2 3101 	.1..........=.1.
0000EEB0: 0000 0f85 2809 0000 803d 6945 0100 000f 	....(....=iE....
0000EEC0: 85f3 0800 0080 3d34 3401 0000 7418 488b 	......=44...t.H.
0000EED0: bbb0 0000 00e8 9659 ffff 3b05 c033 0100 	.......Y..;..3..
0000EEE0: 0f8f 6206 0000 8b0d 2034 0100 85c9 0f85 	..b..... 4......
0000EEF0: 95fd ffff c685 24fd ffff 0048 8b4b 2848 	......$....H.K(H
0000EF00: 8dbd 24fd ffff 49b8 cdcc cccc cccc cccc 	..$...I.........
0000EF10: 4889 c848 83ef 0149 f7e0 4889 c848 c1ea 	H..H...I..H..H..
0000EF20: 0348 8d34 9248 01f6 4829 f083 c030 8807 	.H.4.H..H)...0..
0000EF30: 4889 c848 89d1 4883 f809 77d4 e82f 59ff 	H..H..H...w../Y.
0000EF40: ff3b 0501 3501 007e 0689 05f9 3401 008b 	.;..5..~....4...
0000EF50: 4330 2500 b000 003d 0020 0000 0f85 f605 	C0%....=. ......
0000EF60: 0000 4c8b 7b40 c685 44fd ffff 004c 8db5 	..L.{@..D....L..
0000EF70: 44fd ffff 48b9 cdcc cccc cccc cccc 4c89 	D...H.........L.
0000EF80: f74c 89f8 4c89 fe48 c1e8 0848 c1ee 2025 	.L..L..H...H.. %
0000EF90: ff0f 0000 81e6 00f0 ffff 09c6 0f1f 4000 	..............@.
0000EFA0: 4889 f048 83ef 0148 f7e1 4889 f048 c1ea 	H..H...H..H..H..
0000EFB0: 034c 8d04 924d 01c0 4c29 c083 c030 8807 	.L...M..L)...0..
0000EFC0: 4889 f048 89d6 4883 f809 77d4 e89f 58ff 	H..H..H...w...X.
0000EFD0: ff44 8b0d 6034 0100 4439 c87e 0989 0555 	.D..`4..D9.~...U
0000EFE0: 3401 0041 89c1 4c89 f9c6 8544 fdff ff00 	4..A..L....D....
0000EFF0: 410f b6c7 4c89 f749 b8cd cccc cccc cccc 	A...L..I........
0000F000: cc48 c1e9 0c30 c909 c10f 1f80 0000 0000 	.H...0..........
0000F010: 4889 c848 83ef 0149 f7e0 4889 c848 c1ea 	H..H...I..H..H..
0000F020: 0348 8d34 9248 01f6 4829 f083 c030 8807 	.H.4.H..H)...0..
0000F030: 4889 c848 89d1 4883 f809 77d4 4489 8d0c 	H..H..H...w.D...
0000F040: fdff ffe8 2858 ffff 8b15 e633 0100 448b 	....(X.....3..D.
0000F050: 8d0c fdff ff39 d07e 0889 05d5 3301 0089 	.....9.~....3...
0000F060: c241 8d44 1102 3b05 c433 0100 0f8e 17fc 	.A.D..;..3......
0000F070: ffff e925 0500 0066 0f1f 8400 0000 0000 	...%...f........
0000F080: 4183 fa05 0f85 41fb ffff 4c89 fa41 89c0 	A.....A...L..A..
0000F090: 31c9 4c89 eebf 9cff ffff 41bf 0100 0000 	1.L.......A.....
0000F0A0: e8fb 85ff ff85 c00f 8446 fbff ffba 0500 	.........F......
0000F0B0: 0000 488d 358b aa00 0031 ffe8 9057 ffff 	..H.5....1...W..
0000F0C0: 448b bd0c fdff ff4c 89ea 4531 ed48 89c6 	D......L..E1.H..
0000F0D0: 410f b6ff e827 b0ff ff45 84ff 0f85 c9fb 	A....'...E......
0000F0E0: ffff e9b1 fbff ff66 0f1f 8400 0000 0000 	.......f........
0000F0F0: 488b 0529 3201 0048 3943 180f 84dc 0a00 	H..)2..H9C......
0000F100: 004c 8db3 b000 0000 4c89 ef4c 89f6 4584 	.L......L..L..E.
0000F110: ff0f 84e9 0200 00e8 345b ffff 4c89 f689 	........4[..L...
0000F120: c7e8 eab1 ffff 85c0 0f88 e902 0000 488b 	..............H.
0000F130: b3b0 0000 0048 8d3d 2aa9 0000 e89f 58ff 	.....H.=*.....X.
0000F140: ff8b 15c5 3101 0085 d20f 8471 0400 0085 	....1......q....
0000F150: c00f 8415 0300 008b 4330 c605 eb32 0100 	........C0...2..
0000F160: 01c7 83bc 0000 0001 0000 0025 00f0 0000 	...........%....
0000F170: 3d00 a000 000f 85cc faff ff80 3dc7 3501 	=...........=.5.
0000F180: 0000 0f84 db00 0000 488b 7348 4c89 efe8 	........H.sHL...
0000F190: 4cd2 ffff 4889 4308 4989 c748 85c0 0f84 	L...H.C.I..H....
0000F1A0: 0c09 0000 4180 3f2f 0f84 8300 0000 410f 	....A.?/......A.
0000F1B0: b645 0031 f64d 89ee 3c2f 400f 94c6 750d 	.E.1.M..</@...u.
0000F1C0: 410f b646 0149 83c6 013c 2f74 f384 c074 	A..F.I...</t...t
0000F1D0: 394c 89f2 31c9 eb1d 0f1f 8400 0000 0000 	9L..1...........
0000F1E0: 84c9 7405 4989 d631 c90f b642 0148 83c2 	..t.I..1...B.H..
0000F1F0: 0184 c074 153c 2f75 e70f b642 0148 83c2 	...t.</u...B.H..
0000F200: 01b9 0100 0000 84c0 75eb 4d29 eeeb 1490 	........u.M)....
0000F210: 4380 7c35 ff2f 498d 46ff 0f85 c604 0000 	C.|5./I.F.......
0000F220: 4989 c649 39f6 77e8 4d85 f60f 85af 0400 	I..I9.w.M.......
0000F230: 004c 89ff e807 f4ff ff49 89c2 4885 c00f 	.L.......I..H...
0000F240: 85fc 0400 0045 31d2 4c89 d7e8 2054 ffff 	.....E1.L... T..
0000F250: 8b43 3025 00f0 0000 3d00 a000 000f 85e4 	.C0%....=.......
0000F260: f9ff ffba 0600 0000 e9ea f9ff ff0f 1f00 	................
0000F270: 803d 9130 0100 000f 849a f9ff ffbf 1500 	.=.0............
0000F280: 0000 e839 ceff ff84 c00f 8488 f9ff ffe8 	...9............
0000F290: 6c54 ffff 4c8b 7318 4c3b 3589 3001 00c7 	lT..L.s.L;5.0...
0000F2A0: 005f 0000 0074 074c 8935 7a30 0100 c683 	._...t.L.5z0....
0000F2B0: c000 0000 00e9 5df9 ffff 660f 1f44 0000 	......]...f..D..
0000F2C0: 80bd 0cfd ffff 000f 84fe f8ff ff41 89c0 	.............A..
0000F2D0: 31c9 4c89 fa4c 89ee bf9c ffff ff44 8995 	1.L..L.......D..
0000F2E0: 00fd ffff e8b7 83ff ff44 8b95 00fd ffff 	.........D......
0000F2F0: 4183 fa03 741d 85c0 0f88 3206 0000 8b53 	A...t.....2....S
0000F300: 3081 e200 f000 0081 fa00 4000 000f 85b8 	0.........@.....
0000F310: f8ff ff85 c00f 8525 0600 0044 0fb6 bd0c 	.......%...D....
0000F320: fdff ffe9 cbf8 ffff 0f1f 8400 0000 0000 	................
0000F330: 410f b614 2480 fa2f 0f84 7202 0000 450f 	A...$../..r...E.
0000F340: b607 4d89 e545 84c0 0f85 83fa ffff 4c89 	..M..E........L.
0000F350: efe8 6a31 0000 4889 4310 4885 c00f 8536 	..j1..H.C.H....6
0000F360: f8ff ff31 ffba 0500 0000 488d 35bb a700 	...1......H.5...
0000F370: 00e8 da54 ffff 0fb6 bd0c fdff ff4c 89ea 	...T.........L..
0000F380: 4889 c6e8 78ad ffff e90c f8ff ff0f 1f00 	H...x...........
0000F390: 488b 4b20 c685 44fd ffff 0048 8dbd 44fd 	H.K ..D....H..D.
0000F3A0: ffff 49b8 cdcc cccc cccc cccc 0f1f 4000 	..I...........@.
0000F3B0: 4889 c848 83ef 0149 f7e0 4889 c848 c1ea 	H..H...I..H..H..
0000F3C0: 0348 8d34 9248 01f6 4829 f083 c030 8807 	.H.4.H..H)...0..
0000F3D0: 4889 c848 89d1 4883 f809 77d4 e88f 54ff 	H..H..H...w...T.
0000F3E0: ff3b 05c1 2e01 000f 8eab f8ff ff89 05b5 	.;..............
0000F3F0: 2e01 00e9 a0f8 ffff 0f1f 8400 0000 0000 	................
0000F400: e87b 58ff ff4c 89f6 89c7 e801 afff ff85 	.{X..L..........
0000F410: c00f 8917 fdff ffe8 e452 ffff 4989 c78b 	.........R..I...
0000F420: 0083 f85f 0f94 c183 f83d 0f94 c283 e816 	..._.....=......
0000F430: 09ca 83e0 ef74 0484 c974 0b48 8b43 1848 	.....t...t.H.C.H
0000F440: 8905 da2e 0100 488d 05d7 2b01 0048 8983 	......H...+..H..
0000F450: b000 0000 84d2 0f84 f403 0000 448b 15a9 	............D...
0000F460: 2e01 0045 85d2 0f84 a404 0000 c783 bc00 	...E............
0000F470: 0000 0000 0000 8b43 3025 00f0 0000 3d00 	.......C0%....=.
0000F480: a000 000f 85be f7ff ff44 8b0d 7c2e 0100 	.........D..|...
0000F490: 4585 c90f 84ef fcff ffe9 ddfc ffff 6690 	E.............f.
0000F4A0: b890 0100 0049 f7e5 0f90 c20f b6d2 4885 	.....I........H.
0000F4B0: c00f 8851 0400 0048 85d2 0f85 4804 0000 	...Q...H....H...
0000F4C0: 4b8d 44ad 0048 8d04 8048 c1e0 0448 89c2 	K.D..H...H...H..
0000F4D0: 7509 4885 ff0f 857d 0500 0048 89d6 4889 	u.H....}...H..H.
0000F4E0: 9500 fdff ffe8 1656 ffff 4889 c748 85c0 	.......V..H..H..
0000F4F0: 7510 488b 9500 fdff ff48 85d2 0f85 0604 	u.H......H......
0000F500: 0000 488d 0c1b 4889 3dc3 3001 0048 890d 	..H...H.=.0..H..
0000F510: c430 0100 e9e7 f5ff ff0f 1f80 0000 0000 	.0..............
0000F520: 4c89 e7e8 68ae ffff 0fb6 d089 93c4 0000 	L...h...........
0000F530: 0084 c00f 8429 f6ff ffc6 056c 2d01 0001 	.....).....l-...
0000F540: e91d f6ff ff0f 1f00 8905 522d 0100 e993 	..........R-....
0000F550: f9ff ff0f 1f44 0000 4c8b 0519 2b01 0048 	.....D..L...+..H
0000F560: 8b7b 4848 8db5 30fd ffff b901 0000 008b 	.{HH..0.........
0000F570: 15fb 2e01 00e8 46d7 ffff 4889 c749 89c6 	......F...H..I..
0000F580: e8eb 52ff ff4c 89f7 4889 c6e8 3036 0000 	..R..L..H...06..
0000F590: 3905 9a2e 0100 0f8d edf6 ffff 8905 8e2e 	9...............
0000F5A0: 0100 e9e2 f6ff ff66 0f1f 8400 0000 0000 	.......f........
0000F5B0: 4d89 e5e9 96fd ffff 0f1f 8400 0000 0000 	M...............
0000F5C0: 85c0 410f 95c6 e835 51ff ff49 89c7 488b 	..A....5Q..I..H.
0000F5D0: 0543 2d01 0048 3943 180f 84c1 0400 0041 	.C-..H9C.......A
0000F5E0: c707 0000 0000 8b43 3025 00f0 0000 3d00 	.......C0%....=.
0000F5F0: a000 000f 8577 0300 0045 84f6 0f84 6afe 	.....w...E....j.
0000F600: ffff c783 bc00 0000 0100 0000 c605 392e 	..............9.
0000F610: 0100 01e9 5efe ffff 0f1f 8400 0000 0000 	....^...........
0000F620: 81e1 ff0f 0000 4829 cc48 85c9 0f85 ee02 	......H).H......
0000F630: 0000 4c8d 5424 0f41 0fb6 7f01 4983 e2f0 	..L.T$.A....I...
0000F640: 4d89 d541 80f8 2e74 5f4c 89f9 eb0c 6690 	M..A...t_L....f.
0000F650: 4189 f80f b679 0149 89c2 498d 4201 4883 	A....y.I..I.B.H.
0000F660: c101 4488 40ff 4084 ff75 e549 39cf 730d 	..D.@.@..u.I9.s.
0000F670: 8079 ff2f 7407 c600 2f49 8d42 024c 89e1 	.y./t.../I.B.L..
0000F680: 84d2 7415 0f1f 4000 4883 c101 8810 4883 	..t...@.H.....H.
0000F690: c001 0fb6 1184 d275 efc6 0000 e9ef f4ff 	.......u........
0000F6A0: ff0f 1f80 0000 0000 4c89 d040 84ff 74cd 	........L..@..t.
0000F6B0: eb97 660f 1f44 0000 80bd 0cfd ffff 00ba 	..f..D..........
0000F6C0: 0300 0000 0f84 8df5 ffff 803d 7030 0100 	...........=p0..
0000F6D0: 0119 d283 e206 83c2 03e9 79f5 ffff 6690 	..........y...f.
0000F6E0: 41be 0100 0000 4c89 ffe8 8251 ffff 498d 	A.....L....Q..I.
0000F6F0: 5406 0248 89d7 4889 9500 fdff ffe8 7e4f 	T..H..H.......~O
0000F700: ffff 4989 c248 85c0 0f84 ea01 0000 4380 	..I..H........C.
0000F710: 7c35 ff2f 7404 4983 c601 4c89 d74c 89f2 	|5./t.I...L..L..
0000F720: 4c89 ee4c 8995 00fd ffff e8e1 53ff ff4c 	L..L........S..L
0000F730: 89fe 4889 c7e8 0650 ffff 4c8b 9500 fdff 	..H....P..L.....
0000F740: ff44 8b83 c400 0000 4585 c00f 8417 0300 	.D......E.......
0000F750: 0083 3dac 2b01 0001 770d 803d e82f 0100 	..=.+...w..=./..
0000F760: 000f 84e1 faff ff31 c94c 89d6 41b8 0200 	.......1.L..A...
0000F770: 0000 bf9c ffff ff48 8d95 30fd ffff 4c89 	.......H..0...L.
0000F780: 9500 fdff ffe8 167f ffff 4c8b 9500 fdff 	..........L.....
0000F790: ff85 c00f 85af faff ff8b 8548 fdff ffc6 	...........H....
0000F7A0: 83b9 0000 0001 8983 ac00 0000 e997 faff 	................
0000F7B0: ff0f 1f80 0000 0000 8b7b 34e8 40ed ffff 	.........{4.@...
0000F7C0: 3b05 762c 0100 0f8e f9f6 ffff 8905 6a2c 	;.v,..........j,
0000F7D0: 0100 e9ee f6ff ff66 0f1f 8400 0000 0000 	.......f........
0000F7E0: 803d b52c 0100 0044 8b43 380f 841f 0200 	.=.,...D.C8.....
0000F7F0: 004c 89ff ba15 0000 00be 0100 0000 31c0 	.L............1.
0000F800: 488d 0d1a a100 00e8 c454 ffff 4c89 ffe8 	H........T..L...
0000F810: 5c50 ffff 3905 262c 0100 0f8d 98f6 ffff 	\P..9.&,........
0000F820: 8905 1a2c 0100 e98d f6ff ff0f 1f44 0000 	...,.........D..
0000F830: 8b7b 34e8 c8ec ffff 3b05 062c 0100 0f8e 	.{4.....;..,....
0000F840: 67f6 ffff 8905 fa2b 0100 e95c f6ff ff90 	g......+...\....
0000F850: c783 bc00 0000 0000 0000 488d 9530 fdff 	..........H..0..
0000F860: ff4c 89ee 31ff 48b8 0000 0000 0000 0004 	.L..1.H.........
0000F870: 48c7 8530 fdff ff03 0000 0048 8985 38fd 	H..0.......H..8.
0000F880: ffff 48c7 8540 fdff ff00 0000 0048 c785 	..H..@.......H..
0000F890: 48fd ffff 0000 0000 48c7 8550 fdff ff00 	H.......H..P....
0000F8A0: 0000 0048 c785 58fd ffff 0000 0000 48c7 	...H..X.......H.
0000F8B0: 8560 fdff ff00 0000 00e8 e24f 0000 418b 	.`.........O..A.
0000F8C0: 3748 8d15 9ba1 0000 31ff 4889 c131 c0e8 	7H......1.H..1..
0000F8D0: bc52 ffff e99d fbff ff0f 1f80 0000 0000 	.R..............
0000F8E0: ba41 0000 004c 0fa3 f20f 83c1 f4ff ffe9 	.A...L..........
0000F8F0: 23f4 ffff 0f1f 4000 488b 9500 fdff ff48 	#.....@.H......H
0000F900: 85d2 0f84 06fe ffff e863 e4ff ff0f 1f00 	.........c......
0000F910: 4531 f6e9 b6fc ffff 0f1f 8400 0000 0000 	E1..............
0000F920: 4883 4c0c f800 e907 fdff ff0f 1f44 0000 	H.L..........D..
0000F930: e8cb 4dff ff83 3802 0f84 8df2 ffff 6690 	..M...8.......f.
0000F940: ba05 0000 0048 8d35 f8a1 0000 31ff e8fd 	.....H.5....1...
0000F950: 4eff ff4c 89ea bf01 0000 0045 31ed 4889 	N..L.......E1.H.
0000F960: c6e8 9aa7 ffff e940 f3ff ff0f 1f44 0000 	.......@.....D..
0000F970: 31c9 31d2 488d 35da a100 004c 89ef e86d 	1.1.H.5....L...m
0000F980: 52ff ff48 85c0 0f88 7a01 0000 0f84 ff01 	R..H....z.......
0000F990: 0000 c783 bc00 0000 0200 0000 c605 a92a 	...............*
0000F9A0: 0100 01e9 cefa ffff 0f1f 8400 0000 0000 	................
0000F9B0: 4531 ede9 e0f2 ffff 0f1f 8400 0000 0000 	E1..............
0000F9C0: 803d 4129 0100 000f 8423 f3ff ffbf 1300 	.=A).....#......
0000F9D0: 0000 e8e9 c6ff ff84 c00f 85d1 f3ff ffbf 	................
0000F9E0: 1200 0000 e8d7 c6ff ff84 c00f 85bf f3ff 	................
0000F9F0: ffbf 1400 0000 e8c5 c6ff ff84 c00f 85ad 	................
0000FA00: f3ff ffe9 e8f2 ffff 0f1f 8400 0000 0000 	................
0000FA10: 4489 c744 8985 0cfd ffff e881 ebff ff44 	D..D...........D
0000FA20: 8b85 0cfd ffff 4885 c049 89c6 0f84 bffd 	......H..I......
0000FA30: ffff 4889 c7e8 364e ffff 4c89 f748 89c6 	..H...6N..L..H..
0000FA40: e87b 3100 0031 d285 c00f 48c2 e9c3 fdff 	.{1..1....H.....
0000FA50: ff0f 1f80 0000 0000 e813 4cff ff31 ffe9 	..........L..1..
0000FA60: 9efa ffff 0f1f 4000 488b 7b08 4c89 9500 	......@.H.{.L...
0000FA70: fdff ffe8 18a9 ffff 4c8b 9500 fdff ff84 	........L.......
0000FA80: c00f 84ca fcff ffc7 83c4 0000 00ff ffff 	................
0000FA90: ffe9 bbfc ffff 662e 0f1f 8400 0000 0000 	......f.........
0000FAA0: 41c7 075f 0000 00e9 4dfb ffff 0f1f 4000 	A.._....M.....@.
0000FAB0: ba05 0000 0048 8d35 caa0 0000 31ff e88d 	.....H.5....1...
0000FAC0: 4dff ff0f b6bd 0cfd ffff 4c89 ea48 89c6 	M.........L..H..
0000FAD0: e82b a6ff ff4c 8b7b 084d 85ff 0f85 c2f6 	.+...L.{.M......
0000FAE0: ffff e95e f7ff ff41 0fb6 1424 80fa 2f0f 	...^...A...$../.
0000FAF0: 85cc f2ff ffe8 3678 ffff 4c8d 7b18 4d89 	......6x..L.{.M.
0000FB00: e5e9 84f5 ffff 418b 0783 f83d 0f84 9800 	......A....=....
0000FB10: 0000 83f8 2674 5f7f 5883 f810 745c 83f8 	....&t_.X...t\..
0000FB20: 1674 53b9 0100 0000 8d50 ea83 e2ef 7405 	.tS......P....t.
0000FB30: 83f8 5f75 0b48 8b43 1848 8905 d827 0100 	.._u.H.C.H...'..
0000FB40: 0fb6 0505 2901 0031 d245 84f6 7537 6690 	....)..1.E..u7f.
0000FB50: 8993 bc00 0000 8805 f028 0100 85c9 0f84 	.........(......
0000FB60: 12f9 ffff e897 4bff ff49 89c7 e9e9 fcff 	......K..I......
0000FB70: ff83 f85f 75ad 31c9 ebbb 4584 f60f 84e9 	..._u.1...E.....
0000FB80: f8ff ff31 c9b8 0100 0000 ba01 0000 00eb 	...1............
0000FB90: bf8b 4330 2500 f000 003d 0040 0000 741d 	..C0%....=.@..t.
0000FBA0: 418b 0731 c9e9 7eff ffff 8b43 3025 00f0 	A..1..~....C0%..
0000FBB0: 0000 3d00 4000 000f 853c faff ff31 c931 	..=.@....<...1.1
0000FBC0: d248 8d35 a59f 0000 4c89 efe8 2050 ffff 	.H.5....L... P..
0000FBD0: 4885 c078 290f 85b7 fdff ffeb c3e8 1e4b 	H..x)..........K
0000FBE0: ffff c700 5f00 0000 4989 c748 8d05 3224 	...._...I..H..2$
0000FBF0: 0100 4889 83b0 0000 00e9 5ef8 ffff 418b 	..H.......^...A.
0000FC00: 0783 f83d 0f85 08ff ffff e9ea f9ff ffe8 	...=............
0000FC10: 6c4c ffff 6666 2e0f 1f84 0000 0000 0090 	lL..ff..........
0000FC20: f30f 1efa 8067 50fe 4889 4f38 4c89 4740 	.....gP.H.O8L.G@
0000FC30: e99b 74ff ff66 662e 0f1f 8400 0000 0000 	..t..ff.........
0000FC40: f30f 1efa 804f 5001 4889 4f38 4c89 4740 	.....OP.H.O8L.G@
0000FC50: 4c89 4f48 e977 74ff ff0f 1f80 0000 0000 	L.OH.wt.........
0000FC60: f30f 1efa 4156 31c9 4155 4154 5553 4889 	....AV1.AUATUSH.
0000FC70: fb4c 8b6f 184c 2b6f 1048 8b13 4c01 ee4c 	.L.o.L+o.H..L..L
0000FC80: 89e8 488b 6f08 0f92 c148 0377 3040 0f92 	..H.o....H.w0@..
0000FC90: c748 c1e8 0348 39d6 488d 4406 6448 0f42 	.H...H9.H.D.dH.B
0000FCA0: f248 39f0 480f 43f0 4885 c90f 85ce 0000 	.H9.H.C.H.......
0000FCB0: 0040 0fb6 ff48 85ff 0f85 c100 0000 488b 	.@...H........H.
0000FCC0: 4338 4989 f6f6 4350 0175 7d48 89f7 ffd0 	C8I...CP.u}H....
0000FCD0: 4989 c44d 85e4 0f84 a300 0000 4b8d 0434 	I..M........K..4
0000FCE0: 4c89 6308 488b 7310 4c89 ea49 896c 2408 	L.c.H.s.L..I.l$.
0000FCF0: 4889 4320 4989 0424 488b 4330 4d8d 7404 	H.C I..$H.C0M.t.
0000FD00: 1048 f7d0 4921 c64c 89f7 e831 4dff ff0f 	.H..I!.L...1M...
0000FD10: b653 50f6 c202 7515 488b 4330 488d 4c05 	.SP...u.H.C0H.L.
0000FD20: 1048 f7d0 4821 c848 3943 1074 2b4c 8973 	.H..H!.H9C.t+L.s
0000FD30: 104d 01ee 4c89 7318 8063 50fd 5b5d 415c 	.M..L.s..cP.[]A\
0000FD40: 415d 415e c30f 1f00 488b 7b48 ffd0 4989 	A]A^....H.{H..I.
0000FD50: c4eb 800f 1f44 0000 488b 4508 83e2 0149 	.....D..H.E....I
0000FD60: 8944 2408 488b 4340 740e 488b 7b48 4889 	.D$.H.C@t.H.{HH.
0000FD70: eeff d0eb b80f 1f00 4889 efff d0eb ae48 	........H......H
0000FD80: 8d05 1a23 0100 ff10 0f1f 8400 0000 0000 	...#............
0000FD90: 4157 4156 4155 4154 5553 4881 ec00 1000 	AWAVAUATUSH.....
0000FDA0: 0048 830c 2400 4881 ec00 1000 0048 830c 	.H..$.H......H..
0000FDB0: 2400 4883 ec58 4c8b b424 9020 0000 4989 	$.H..XL..$. ..I.
0000FDC0: fc49 89cd 4589 c789 d164 488b 0425 2800 	.I..E....dH..%(.
0000FDD0: 0000 4889 8424 4820 0000 31c0 4531 c048 	..H..$H ..1.E1.H
0000FDE0: 8d44 2440 4889 f24c 89cb 488d 7c24 384c 	.D$@H..L..H.|$8L
0000FDF0: 8d4c 2437 4c89 e648 8944 2410 4889 4424 	.L$7L..H.D$.H.D$
0000FE00: 38e8 6a45 0000 807c 2437 0048 89c5 488b 	8.jE...|$7.H..H.
0000FE10: 0593 2101 0048 8944 2408 7409 4584 ff0f 	..!..H.D$.t.E...
0000FE20: 854b 0200 004d 85ed 7435 bf04 0000 00e8 	.K...M..t5......
0000FE30: 8cc2 ffff 4c8d 0585 2201 004d 8d78 1084 	....L..."..M.x..
0000FE40: c00f 8599 0200 004c 89c7 e8f1 c3ff ff4c 	.......L.......L
0000FE50: 89ef e8e9 c3ff ff4c 89ff e8e1 c3ff ff4d 	.......L.......M
0000FE60: 85f6 0f84 3802 0000 440f b62d 3d24 0100 	....8...D..-=$..
0000FE70: 4584 ed0f 859f 0100 0049 89ea 4531 c948 	E........I..E1.H
0000FE80: 8b3d 5a27 0100 31f6 4c89 5424 284c 894c 	.=Z'..1.L.T$(L.L
0000FE90: 2420 e8c9 e1ff ffbe 0100 0000 4c89 f749 	$ ..........L..I
0000FEA0: 89c7 e8b9 e1ff ff48 8d0d 0f9d 0000 4c89 	.......H......L.
0000FEB0: fa48 8d35 eb9c 0000 8038 2f49 89c0 488d 	.H.5.....8/I..H.
0000FEC0: 056e 9f00 00bf 0100 0000 480f 45c8 31c0 	.n........H.E.1.
0000FED0: 4c89 4424 18e8 564c ffff 4c89 ffe8 8e47 	L.D$..VL..L....G
0000FEE0: ffff 488b 7c24 18e8 8447 ffff 4c8b 4c24 	..H.|$...G..L.L$
0000FEF0: 204c 8b54 2428 4885 db0f 84b3 0100 0080 	 L.T$(H.........
0000FF00: 3db2 2701 0000 7424 488b 5318 488b 4320 	=.'...t$H.S.H.C 
0000FF10: 4829 d048 83f8 070f 86e3 0100 0048 8b05 	H).H.........H..
0000FF20: d423 0100 4889 0248 8343 1808 488b 4424 	.#..H..H.C..H.D$
0000FF30: 0848 8b7c 2438 4c89 d2be 0100 0000 488b 	.H.|$8L.......H.
0000FF40: 084c 01cf e8a7 4bff ff48 8b05 a823 0100 	.L....K..H...#..
0000FF50: 4801 e880 3d5e 2701 0000 4889 0597 2301 	H...=^'...H...#.
0000FF60: 0074 1d48 8b4b 1848 8b53 2048 29ca 4883 	.t.H.K.H.S H).H.
0000FF70: fa07 0f86 b801 0000 4889 0148 8343 1808 	........H..H.C..
0000FF80: 4d85 f674 4848 8b5c 2408 ba06 0000 00be 	M..tHH.\$.......
0000FF90: 0100 0000 488d 3d1c 9c00 0048 8b0b e84d 	....H.=....H...M
0000FFA0: 4bff ff45 84ed 7425 488b 4424 3848 8b3b 	K..E..t%H.D$8H.;
0000FFB0: 0fb6 5428 ff48 8b47 2848 3b47 300f 839d 	..T(.H.G(H;G0...
0000FFC0: 0100 0048 8d48 0148 894f 2888 1048 8b7c 	...H.H.H.O(..H.|
0000FFD0: 2438 4c39 e774 0c48 3b7c 2410 7405 e88d 	$8L9.t.H;|$.t...
0000FFE0: 46ff ff0f b644 2437 4801 e848 8b94 2448 	F....D$7H..H..$H
0000FFF0: 2000 0064 482b 1425 2800 0000 0f85 9a01 	 ..dH+.%(.......
00010000: 0000 4881 c458 2000 005b 5d41 5c41 5d41 	..H..X ..[]A\A]A
00010010: 5e41 5fc3 0f1f 4000 440f b62d 8c22 0100 	^A_...@.D..-."..
00010020: 4584 ed0f 8450 feff ff80 7c24 3700 0f85 	E....P....|$7...
00010030: 1c01 0000 488b 4424 384c 8d55 fe0f b610 	....H.D$8L.U....
00010040: 488b 4424 0848 8b38 488b 4728 483b 4730 	H.D$.H.8H.G(H;G0
00010050: 0f83 2901 0000 488d 4801 41b9 0100 0000 	..)...H.H.A.....
00010060: 4889 4f28 8810 e914 feff ff0f 1f44 0000 	H.O(.........D..
00010070: 488b 3848 8b47 2848 3b47 300f 83ef 0000 	H.8H.G(H;G0.....
00010080: 0048 8d50 0148 8957 28c6 0020 4883 0564 	.H.P.H.W(.. H..d
00010090: 2201 0001 e98c fdff ff0f 1f80 0000 0000 	"...............
000100A0: 4989 ea45 31c9 4531 ed48 85db 0f85 4dfe 	I..E1.E1.H....M.
000100B0: ffff 488b 4424 0848 8b7c 2438 4c89 d2be 	..H.D$.H.|$8L...
000100C0: 0100 0000 488b 084c 01cf e821 4aff ff48 	....H..L...!J..H
000100D0: 012d 2222 0100 e9a5 feff ff0f 1f44 0000 	.-"".........D..
000100E0: 4c89 c7e8 58c1 ffff 4c89 ffe8 50c1 ffff 	L...X...L...P...
000100F0: 4d8d 47f0 e94e fdff ff0f 1f80 0000 0000 	M.G..N..........
00010100: be08 0000 0048 89df 4c89 5424 204c 894c 	.....H..L.T$ L.L
00010110: 2418 e849 fbff ff48 8b53 184c 8b54 2420 	$..I...H.S.L.T$ 
00010120: 4c8b 4c24 18e9 f3fd ffff 660f 1f44 0000 	L.L$......f..D..
00010130: be08 0000 0048 89df e823 fbff ff48 8b4b 	.....H...#...H.K
00010140: 1848 8b05 b021 0100 e92b feff ff0f 1f00 	.H...!...+......
00010150: 4989 ea45 31c9 4531 ede9 21fd ffff 6690 	I..E1.E1..!...f.
00010160: 0fb6 f2e8 8847 ffff e960 feff ff0f 1f00 	.....G...`......
00010170: be20 0000 00e8 7647 ffff e90d ffff ff0f 	. ....vG........
00010180: b6f2 4c89 5424 18e8 6447 ffff 4c8b 5424 	..L.T$..dG..L.T$
00010190: 1841 b901 0000 00e9 e3fc ffff e8df 46ff 	.A............F.
000101A0: ff66 662e 0f1f 8400 0000 0000 0f1f 4000 	.ff...........@.
000101B0: f30f 1efa 4157 4156 4155 4989 d541 5441 	....AWAVAUI..ATA
000101C0: 89f4 5553 4889 fb48 83ec 180f b605 3621 	..USH..H......6!
000101D0: 0100 4889 4c24 0840 84f6 7454 488b 6f08 	..H.L$.@..tTH.o.
000101E0: 84c0 0f85 8801 0000 4883 ec08 ff73 1048 	........H....s.H
000101F0: 8b35 ca23 0100 31c9 8b93 c400 0000 4183 	.5.#..1.......A.
00010200: f401 4d89 e948 89ef 450f b6c4 e87f fbff 	..M..H..E.......
00010210: ff49 89c4 e8c7 c0ff ff59 5e48 83c4 184c 	.I.......Y^H...L
00010220: 89e0 5b5d 415c 415d 415e 415f c30f 1f00 	..[]A\A]A^A_....
00010230: 488b 2f84 c074 b180 3d0a 2501 0000 0fb6 	H./..t..=.%.....
00010240: 87b9 0000 000f 8555 0100 008b 7330 0fb6 	.......U....s0..
00010250: d00f b68b b800 0000 84c9 0f85 6901 0000 	............i...
00010260: 8b8b a800 0000 488d 05d3 8300 008b 0488 	......H.........
00010270: 83f8 070f 94c1 83f8 050f 84f1 0100 0085 	................
00010280: d20f 85e9 0300 0084 c90f 84e1 0300 0080 	................
00010290: 3db2 2401 0000 b9d0 0000 0075 1abf 0d00 	=.$........u....
000102A0: 0000 e819 beff ff3c 0148 19c9 4883 e1a0 	.......<.H..H...
000102B0: 4881 c1d0 0000 0048 8d05 021e 0100 4801 	H......H......H.
000102C0: c148 8379 0800 7514 bf04 0000 00e8 eebd 	.H.y..u.........
000102D0: ffff 84c0 0f84 0eff ffff 31c9 4883 ec08 	..........1.H...
000102E0: ff73 108b 93c4 0000 004d 89e9 4183 f401 	.s.......M..A...
000102F0: 488b 35c9 2201 0048 89ef 450f b6c4 e88d 	H.5."..H..E.....
00010300: faff ff49 89c4 e8d5 bfff ff48 833d d51d 	...I.......H.=..
00010310: 0100 0058 5a0f 8425 0100 0048 8d3d be1d 	...XZ..%...H.=..
00010320: 0100 e819 bfff ff48 8b0d 5221 0100 4885 	.......H..R!..H.
00010330: c90f 84e4 feff ff48 8b44 2408 31d2 48f7 	.......H.D$.1.H.
00010340: f131 d248 89c6 488b 4424 0849 8d44 04ff 	.1.H..H.D$.I.D..
00010350: 48f7 f148 39c6 0f84 bffe ffff 488d 3dcd 	H..H9.......H.=.
00010360: 1e01 00e8 d8be ffff e9ae feff ff0f 1f00 	................
00010370: 80bf b900 0000 008b b7ac 0000 0075 39bf 	.............u9.
00010380: 0c00 0000 e837 bdff ffba ffff ffff 84c0 	.....7..........
00010390: 0f84 bbfe ffff b9c0 0000 00e9 17ff ffff 	................
000103A0: 84c0 0f84 a3fe ffff 8bb3 ac00 0000 e99b 	................
000103B0: feff ff0f 1f44 0000 0fb6 8bb8 0000 0031 	.....D.........1
000103C0: d284 c90f 8497 feff ff89 f025 00f0 0000 	...........%....
000103D0: 3d00 8000 000f 8455 0100 003d 0040 0000 	=......U...=.@..
000103E0: 0f84 ba01 0000 3d00 a000 000f 840f 0200 	......=.........
000103F0: 00b9 8000 0000 3d00 1000 000f 84b6 feff 	......=.........
00010400: ffb9 9000 0000 3d00 c000 000f 84a6 feff 	......=.........
00010410: ffb9 a000 0000 3d00 6000 000f 8496 feff 	......=.`.......
00010420: ff3d 0020 0000 b9b0 0000 00b8 d000 0000 	.=. ............
00010430: 480f 45c8 e97e feff ff0f 1f80 0000 0000 	H.E..~..........
00010440: 488d 3d79 1c01 00e8 f4bd ffff 488d 3d9d 	H.=y........H.=.
00010450: 1c01 00e8 e8bd ffff 488d 3d71 1c01 00e8 	........H.=q....
00010460: dcbd ffff e9be feff ff0f 1f80 0000 0000 	................
00010470: 4889 efe8 f843 ffff 488b 0d21 2001 0049 	H....C..H..! ..I
00010480: 89c7 4885 c90f 8484 0000 000f 1f44 0000 	..H..........D..
00010490: 488b 1149 39d7 726e 4d89 fa4c 8b59 0849 	H..I9.rnM..L.Y.I
000104A0: 29d2 4901 ea4d 39d3 7476 4885 d274 7131 	).I..M9.tvH..tq1
000104B0: c04c 8d72 ffeb 1666 0f1f 8400 0000 0000 	.L.r...f........
000104C0: 84d2 743d 4883 c001 4038 d675 3445 0fb6 	..t=H...@8.u4E..
000104D0: 0402 418d 70bf 4489 c283 fe19 7707 4183 	..A.p.D.....w.A.
000104E0: c020 83c2 2041 0fb6 3c03 448d 4fbf 89fe 	. .. A..<.D.O...
000104F0: 4183 f919 7706 83c7 2083 c620 4939 c675 	A...w... .. I9.u
00010500: bf41 39f8 741a 488b 4920 4885 c975 81b9 	.A9.t.H.I H..u..
00010510: 5000 0000 e99e fdff ff0f 1f80 0000 0000 	P...............
00010520: 4883 c110 e998 fdff ff0f 1f80 0000 0000 	H...............
00010530: f7c6 0008 0000 7418 bf10 0000 00e8 7ebb 	......t.......~.
00010540: ffff 84c0 740a b900 0100 00e9 67fd ffff 	....t.......g...
00010550: f7c6 0004 0000 7530 bf15 0000 00e8 5ebb 	......u0......^.
00010560: ffff 84c0 0f84 a600 0000 80bb c000 0000 	................
00010570: 000f 8499 0000 00b9 5001 0000 e936 fdff 	........P....6..
00010580: ff0f 1f80 0000 0000 bf11 0000 00e8 2ebb 	................
00010590: ffff 84c0 74c2 b910 0100 00e9 17fd ffff 	....t...........
000105A0: 89f0 2502 0200 003d 0202 0000 0f84 a200 	..%....=........
000105B0: 0000 40f6 c602 7417 bf13 0000 00e8 feba 	..@...t.........
000105C0: ffff b930 0100 0084 c00f 85e8 fcff ff81 	...0............
000105D0: e600 0200 00b9 6000 0000 0f84 d7fc ffff 	......`.........
000105E0: bf12 0000 00e8 d6ba ffff 3c01 4819 c980 	..........<.H...
000105F0: e140 4881 c120 0100 00e9 b9fc ffff 6690 	.@H.. ........f.
00010600: b807 0000 00e9 75fc ffff 660f 1f44 0000 	......u...f..D..
00010610: 83e6 4974 18bf 0e00 0000 e8a1 baff ff84 	..It............
00010620: c074 0ab9 e000 0000 e98a fcff ff48 837b 	.t...........H.{
00010630: 2801 0f86 38fe ffff bf16 0000 00e8 7eba 	(...8.........~.
00010640: ffff 84c0 0f84 26fe ffff b960 0100 00e9 	......&....`....
00010650: 63fc ffff bf14 0000 00e8 62ba ffff b940 	c.........b....@
00010660: 0100 0084 c00f 854c fcff ffe9 42ff ffff 	.......L....B...
00010670: 48c1 e004 4889 c1e9 3bfc ffff 0f1f 4000 	H...H...;.....@.
00010680: f30f 1efa 488b 4708 4885 c074 290f 1f00 	....H.G.H..t)...
00010690: 4839 c676 0548 3930 7316 488b 4008 4885 	H9.v.H90s.H.@.H.
000106A0: c075 ed31 c0c3 662e 0f1f 8400 0000 0000 	.u.1..f.........
000106B0: b801 0000 00c3 c366 0f1f 8400 0000 0000 	.......f........
000106C0: f30f 1efa 4154 4989 f455 5348 8b77 0848 	....ATI..USH.w.H
000106D0: 89fb 4885 f675 1beb 420f 1f80 0000 0000 	..H..u..B.......
000106E0: 488b 7b48 ffd0 804b 5002 4885 ed74 2c48 	H.{H...KP.H..t,H
000106F0: 89ee 4c39 e673 0848 8b06 4c39 e073 3148 	..L9.s.H..L9.s1H
00010700: 8b6e 0848 8b43 40f6 4350 0175 d348 89f7 	.n.H.C@.CP.u.H..
00010710: ffd0 804b 5002 4885 ed75 d44d 85e4 0f85 	...KP.H..u.M....
00010720: d645 ffff 5b5d 415c c30f 1f80 0000 0000 	.E..[]A\........
00010730: 4c89 6318 4c89 6310 4889 4320 4889 7308 	L.c.L.c.H.C H.s.
00010740: 5b5d 415c c366 662e 0f1f 8400 0000 0000 	[]A\.ff.........
00010750: f30f 1efa 488b 4708 4531 c048 85c0 7412 	....H.G.E1.H..t.
00010760: 488b 1048 29c2 488b 4008 4901 d048 85c0 	H..H).H.@.I..H..
00010770: 75ee 4c89 c0c3 662e 0f1f 8400 0000 0000 	u.L...f.........
00010780: f30f 1efa 4157 4156 4155 4154 5553 4883 	....AWAVAUATUSH.
00010790: ec08 4c8b 6630 4d85 e40f 84b1 0000 0048 	..L.f0M........H
000107A0: 89fd 4989 f54c 39e6 770e 488d 5638 b801 	..I..L9.w.H.V8..
000107B0: 0000 0049 39d4 7271 4180 3c24 0048 8d5d 	...I9.rqA.<$.H.]
000107C0: 0974 7d0f 1f44 0000 4c89 e648 89df e80d 	.t}..D..L..H....
000107D0: 42ff ff85 c074 4980 3b00 7513 4c8d 7509 	B....tI.;.u.L.u.
000107E0: 4939 de0f 857f 0000 0080 7d08 0074 7948 	I9........}..tyH
000107F0: 89df e879 40ff ff48 8d5c 0301 803b 0075 	...y@..H.\...;.u
00010800: c748 8b45 0048 85c0 74be 488d 5809 4c89 	.H.E.H..t.H.X.L.
00010810: e648 89c5 4889 dfe8 c441 ffff 85c0 75b7 	.H..H....A....u.
00010820: 4989 5d30 b801 0000 0048 83c4 085b 5d41 	I.]0.....H...[]A
00010830: 5c41 5d41 5e41 5fc3 0f1f 8400 0000 0000 	\A]A^A_.........
00010840: 488d 1d76 9300 00eb d70f 1f80 0000 0000 	H..v............
00010850: 4883 c408 b801 0000 005b 5d41 5c41 5d41 	H........[]A\A]A
00010860: 5e41 5fc3 0f1f 4000 4c89 e7e8 0040 ffff 	^A_...@.L....@..
00010870: 4989 c748 8d50 0148 89d8 4c29 f048 01d0 	I..H.P.H..L).H..
00010880: 7243 4883 f876 7718 4c89 e648 89df e8ad 	rCH..vw.L..H....
00010890: 41ff ff42 c644 3b01 00eb 850f 1f44 0000 	A..B.D;......D..
000108A0: 4c89 e7e8 d8af ffff 4889 4500 4885 c074 	L.......H.E.H..t
000108B0: 0dc6 4008 0048 8d58 09e9 62ff ffff 31c0 	..@..H.X..b...1.
000108C0: e964 ffff ffe8 363e ffff c700 0c00 0000 	.d....6>........
000108D0: 31c0 e952 ffff ff66 0f1f 8400 0000 0000 	1..R...f........
000108E0: f30f 1efa 4155 4c8d 2dd1 9200 0041 5455 	....AUL.-....ATU
000108F0: 5348 89fb 4c89 ef48 83ec 08e8 b03d ffff 	SH..L..H.....=..
00010900: 4889 c548 85c0 7468 807b 0800 753a 4889 	H..H..th.{..u:H.
00010910: efe8 6aaf ffff 4989 c448 85c0 7417 807b 	..j...I..H..t..{
00010920: 0800 756c 4c89 efe8 9442 ffff 85c0 7575 	..ulL....B....uu
00010930: e81b 41ff ff48 83c4 084c 89e0 5b5d 415c 	..A..H...L..[]A\
00010940: 415d c30f 1f44 0000 488d 7b09 4889 c641 	A]...D..H.{.H..A
00010950: bc01 0000 00e8 8640 ffff 85c0 75b0 4883 	.......@....u.H.
00010960: c408 4c89 e05b 5d41 5c41 5dc3 0f1f 4000 	..L..[]A\A]...@.
00010970: 807b 0800 41bc 0100 0000 7592 4883 c408 	.{..A.....u.H...
00010980: 4c89 e05b 5d41 5c41 5dc3 660f 1f44 0000 	L..[]A\A].f..D..
00010990: 488d 7309 ba01 0000 004c 89ef e84f 3eff 	H.s......L...O>.
000109A0: ff85 c074 8be8 563d ffff 8b18 4889 c549 	...t..V=....H..I
000109B0: 83fc 0174 114c 89e7 4d8b 2424 e8af 3cff 	...t.L..M.$$..<.
000109C0: ff4d 85e4 75ef 895d 0045 31e4 4883 c408 	.M..u..].E1.H...
000109D0: 5b4c 89e0 5d41 5c41 5dc3 660f 1f44 0000 	[L..]A\A].f..D..
000109E0: f30f 1efa 4155 4154 5553 4889 fb48 83ec 	....AUATUSH..H..
000109F0: 08e8 0a3d ffff 807b 0800 448b 2048 89c5 	...=...{..D. H..
00010A00: 7546 488d 3db5 9100 00e8 b241 ffff 85c0 	uFH.=......A....
00010A10: 744f 448b 6500 4531 ed0f 1f80 0000 0000 	tOD.e.E1........
00010A20: 4889 df48 8b1b e845 3cff ff48 85db 75f0 	H..H...E<..H..u.
00010A30: 4489 6500 4883 c408 4489 e85b 5d41 5c41 	D.e.H...D..[]A\A
00010A40: 5dc3 660f 1f44 0000 488d 7309 ba01 0000 	].f..D..H.s.....
00010A50: 0048 8d3d 6691 0000 e893 3dff ff85 c075 	.H.=f.....=....u
00010A60: b1e8 ea3f ffff 41bd 0100 0000 ebb2 6690 	...?..A.......f.
00010A70: 4156 4989 f641 5541 5455 4889 d548 83ec 	AVI..AUATUH..H..
00010A80: 0848 85ff 747a 4989 fce8 52fe ffff 4989 	.H..tzI...R...I.
00010A90: c548 85c0 7448 4889 ee4c 89f7 e87f 3cff 	.H..tHH..L....<.
00010AA0: ff48 85c0 742a 4889 ee4c 89e7 e8cf fcff 	.H..t*H..L......
00010AB0: ff84 c074 1b49 83fd 0175 3548 83c4 0848 	...t.I...u5H...H
00010AC0: 89e8 5d41 5c41 5d41 5ec3 660f 1f44 0000 	..]A\A]A^.f..D..
00010AD0: 4983 fd01 7408 4c89 efe8 02ff ffff 4883 	I...t.L.......H.
00010AE0: c408 31c0 5d41 5c41 5d41 5ec3 0f1f 4000 	..1.]A\A]A^...@.
00010AF0: 4c89 efe8 e8fe ffff 84c0 75bf ebe0 6690 	L.........u...f.
00010B00: 4883 c408 4c89 f748 89d6 5d41 5c41 5d41 	H...L..H..]A\A]A
00010B10: 5ee9 fa3d ffff 662e 0f1f 8400 0000 0000 	^..=..f.........
00010B20: 4157 4156 4155 4154 5553 4881 ec00 1000 	AWAVAUATUSH.....
00010B30: 0048 830c 2400 4881 ec38 0300 000f b697 	.H..$.H..8......
00010B40: b800 0000 6448 8b04 2528 0000 0048 8984 	....dH..%(...H..
00010B50: 2428 1300 0031 c048 89fd 84d2 0f84 6e03 	$(...1.H......n.
00010B60: 0000 8b47 30b9 2d00 0000 89c6 81e6 00f0 	...G0.-.........
00010B70: 0000 81fe 0080 0000 7454 b964 0000 0081 	........tT.d....
00010B80: fe00 4000 0074 47b9 6200 0000 81fe 0060 	..@..tG.b......`
00010B90: 0000 743a b963 0000 0081 fe00 2000 0074 	..t:.c...... ..t
00010BA0: 2db9 6c00 0000 81fe 00a0 0000 7420 b970 	-.l.........t .p
00010BB0: 0000 0081 fe00 1000 0074 1381 fe00 c000 	.........t......
00010BC0: 00b9 7300 0000 be3f 0000 000f 45ce 888c 	..s....?....E...
00010BD0: 24c4 0000 0089 c181 e100 0100 0083 f901 	$...............
00010BE0: 19c9 83e1 bb83 c172 888c 24c5 0000 0089 	.......r..$.....
00010BF0: c181 e180 0000 0083 f901 19c9 83e1 b683 	................
00010C00: c177 888c 24c6 0000 0089 c183 e140 83f9 	.w..$........@..
00010C10: 0119 c9f6 c408 0f85 c404 0000 83e1 b583 	................
00010C20: c178 888c 24c7 0000 0089 c183 e120 83f9 	.x..$........ ..
00010C30: 0119 c983 e1bb 83c1 7288 8c24 c800 0000 	........r..$....
00010C40: 89c1 83e1 1083 f901 19c9 83e1 b683 c177 	...............w
00010C50: 888c 24c9 0000 0089 c183 e108 83f9 0119 	..$.............
00010C60: c9f6 c404 0f84 d606 0000 83e1 e083 c173 	...............s
00010C70: 888c 24ca 0000 0089 c183 e104 83f9 0119 	..$.............
00010C80: c983 e1bb 83c1 7288 8c24 cb00 0000 89c1 	......r..$......
00010C90: 83e1 0283 f901 19c9 83e1 b683 c177 888c 	.............w..
00010CA0: 24cc 0000 0089 c183 e101 f6c4 020f 847d 	$..............}
00010CB0: 0600 0083 f901 19c0 83e0 e083 c074 41bb 	.............tA.
00010CC0: 2000 0000 803d 8117 0100 0088 8424 cd00 	 ....=.......$..
00010CD0: 0000 6644 899c 24ce 0000 000f 843d 0200 	..fD..$......=..
00010CE0: 008b 85bc 0000 0083 f801 0f84 9806 0000 	................
00010CF0: 83f8 020f 852d 0200 008b 0521 2701 00c6 	.....-.....!'...
00010D00: 8424 ce00 0000 2b83 f802 0f85 2502 0000 	.$....+.....%...
00010D10: 488b 4568 488b 4d60 c644 2408 0148 894c 	H.EhH.M`.D$..H.L
00010D20: 2430 4889 4424 384c 8da4 24e0 0400 0080 	$0H.D$8L..$.....
00010D30: 3ddb 1501 0000 4d89 e60f 8599 0400 0080 	=.....M.........
00010D40: 3dca 1501 0000 7465 be01 0000 0048 8d1d 	=.....te.....H..
00010D50: 6d8e 0000 84d2 0f85 0c08 0000 448b 3d41 	m...........D.=A
00010D60: 1501 0048 89df e855 1e00 0041 89c0 4489 	...H...U...A..D.
00010D70: f844 29c0 85c0 7e16 4c63 f84c 89f7 be20 	.D)...~.Lc.L... 
00010D80: 0000 004c 89fa 4d01 fee8 c23b ffff 0fb6 	...L..M....;....
00010D90: 0348 83c3 0149 83c6 0141 8846 ff84 c075 	.H...I...A.F...u
00010DA0: ed41 c646 ff20 0fb6 95b8 0000 0048 8d3d 	.A.F. .......H.=
00010DB0: 0d8e 0000 84d2 0f85 c403 0000 4883 ec08 	............H...
00010DC0: 448b 0d81 1601 0031 c048 8d0d f38d 0000 	D......1.H......
00010DD0: 5748 c7c2 ffff ffff 4c89 f7be 0100 0000 	WH......L.......
00010DE0: 4c8d 8424 d400 0000 e8e3 3eff ff4c 89f7 	L..$......>..L..
00010DF0: e87b 3aff ff80 3dbc 1801 0000 4158 498d 	.{:...=.....AXI.
00010E00: 1c06 4159 4c8b 359d 1101 000f 8547 0300 	..AYL.5......G..
00010E10: 0080 3d6d 1201 0000 750d 803d 6312 0100 	..=m....u..=c...
00010E20: 000f 8499 0200 0049 8b36 4c89 e74c 29e3 	.......I.6L..L).
00010E30: e88b 3bff ff48 011d bc14 0100 803d 4212 	..;..H.......=B.
00010E40: 0100 000f 85b7 0400 0080 3d34 1201 0000 	..........=4....
00010E50: 0f85 8204 0000 803d cb25 0100 000f 8525 	.......=.%.....%
00010E60: 0400 0080 3d96 1401 0000 4c89 e30f 8547 	....=.....L....G
00010E70: 0400 0080 bdb8 0000 0000 0f84 1801 0000 	................
00010E80: 8b45 3025 00b0 0000 3d00 2000 000f 8405 	.E0%....=. .....
00010E90: 0500 0048 8b7d 484c 8b05 da11 0100 488d 	...H.}HL......H.
00010EA0: b424 f000 0000 b901 0000 008b 15bf 1501 	.$..............
00010EB0: 00e8 0abe ffff 4889 c749 89c5 e8af 39ff 	......H..I....9.
00010EC0: ff48 89c6 e9db 0000 000f 1f80 0000 0000 	.H..............
00010ED0: 8b87 a800 0000 488d 0d8b 7700 0041 ba3f 	......H...w..A.?
00010EE0: 3f00 0080 3d62 1501 0000 6644 8994 24cd 	?...=b....fD..$.
00010EF0: 0000 000f b604 01c6 8424 cf00 0000 0088 	.........$......
00010F00: 8424 c400 0000 48b8 3f3f 3f3f 3f3f 3f3f 	.$....H.????????
00010F10: 4889 8424 c500 0000 0f85 c3fd ffff c684 	H..$............
00010F20: 24ce 0000 0000 8b05 f424 0100 83f8 020f 	$........$......
00010F30: 84db fdff ff77 3185 c00f 8411 0400 0048 	.....w1........H
00010F40: 8b85 8800 0000 488b 8d80 0000 00c6 4424 	......H.......D$
00010F50: 0801 4889 4c24 3048 8944 2438 e9c6 fdff 	..H.L$0H.D$8....
00010F60: ff0f 1f80 0000 0000 83f8 030f 85c9 0800 	................
00010F70: 0048 8b45 7048 8b4d 7848 8944 2430 4821 	.H.EpH.MxH.D$0H!
00010F80: c848 83f8 ff48 894c 2438 0f95 4424 08e9 	.H...H.L$8..D$..
00010F90: 93fd ffff 0f1f 4000 be01 0000 004c 8d2d 	......@......L.-
00010FA0: 1d8c 0000 448b 3d85 1401 004c 89ef e80d 	....D.=....L....
00010FB0: 1c00 0041 89c0 4489 f844 29c0 85c0 7e16 	...A..D..D)...~.
00010FC0: 4c63 f848 89df be20 0000 004c 89fa 4c01 	Lc.H... ...L..L.
00010FD0: fbe8 7a39 ffff 410f b645 0049 83c5 0148 	..z9..A..E.I...H
00010FE0: 83c3 0188 43ff 84c0 75ec c643 ff20 c603 	....C...u..C. ..
00010FF0: 0180 bdb8 0000 0000 740b 807c 2408 000f 	........t..|$...
00011000: 85bb 0400 004c 8d2d b58b 0000 448b 050d 	.....L.-....D...
00011010: 1001 0045 85c0 0f88 1406 0000 4d89 e948 	...E........M..H
00011020: 8d0d ad8b 0000 4889 df31 c048 c7c2 ffff 	......H..1.H....
00011030: ffff be01 0000 00e8 943c ffff 4889 dfe8 	.........<..H...
00011040: 2c38 ffff 4c8d 2c03 498b 364c 89e7 4d29 	,8..L.,.I.6L..M)
00011050: e5e8 6a39 ffff 4c89 e931 f648 89ef 488d 	..j9..L..1.H..H.
00011060: 15fb 1501 004c 012d 8c12 0100 e83f f1ff 	.....L.-.....?..
00011070: ff8b 95a8 0000 0049 89c4 83fa 0674 718b 	.......I.....tq.
00011080: 057f 1201 0085 c00f 85e3 0200 0048 8b84 	.............H..
00011090: 2428 1300 0064 482b 0425 2800 0000 0f85 	$(...dH+.%(.....
000110A0: 9107 0000 4881 c438 1300 005b 5d41 5c41 	....H..8...[]A\A
000110B0: 5d41 5e41 5fc3 662e 0f1f 8400 0000 0000 	]A^A_.f.........
000110C0: 803d 6123 0100 000f 855a fdff ff80 3d2c 	.=a#.....Z....=,
000110D0: 1201 0000 0f84 99fd ffff e948 fdff ff90 	...........H....
000110E0: 83e1 e083 c173 e937 fbff ff0f 1f44 0000 	.....s.7.....D..
000110F0: 4883 7d08 0074 9649 8b0e ba04 0000 00be 	H.}..t.I........
00011100: 0100 0000 488d 3dcd 8a00 00e8 e039 ffff 	....H.=......9..
00011110: 31d2 4b8d 4c25 0448 89ef be01 0000 0048 	1.K.L%.H.......H
00011120: 8305 d111 0100 04e8 84f0 ffff 8b15 d211 	................
00011130: 0100 85d2 0f84 53ff ffff 8bb5 ac00 0000 	......S.........
00011140: 31d2 bf01 0000 00e8 a45c 0000 e93c ffff 	1........\...<..
00011150: ff0f 1f80 0000 0000 498b 0eba 0200 0000 	........I.......
00011160: be01 0000 0048 8d3d 5f8a 0000 e87f 39ff 	.....H.=_.....9.
00011170: ff48 8305 7f11 0100 02e9 93fc ffff 6690 	.H............f.
00011180: c684 2404 0100 0000 488b 4d28 488d bc24 	..$.....H.M(H..$
00011190: 0401 0000 49b8 cdcc cccc cccc cccc 6690 	....I.........f.
000111A0: 4889 c848 83ef 0149 f7e0 4889 c848 c1ea 	H..H...I..H..H..
000111B0: 0348 8d34 9248 01f6 4829 f083 c030 8807 	.H.4.H..H)...0..
000111C0: 4889 c848 89d1 4883 f809 77d4 e9eb fbff 	H..H..H...w.....
000111D0: ff0f 1f80 0000 0000 4c8d 0de2 8900 0084 	........L.......
000111E0: d274 5d48 8b4d 2048 85c9 7454 c684 2404 	.t]H.M H..tT..$.
000111F0: 0100 0000 4c8d 8c24 0401 0000 48bf cdcc 	....L..$....H...
00011200: cccc cccc cccc 662e 0f1f 8400 0000 0000 	......f.........
00011210: 4889 c849 83e9 0148 f7e7 4889 c848 c1ea 	H..I...H..H..H..
00011220: 0348 8d34 9248 01f6 4829 f083 c030 4188 	.H.4.H..H)...0A.
00011230: 0148 89c8 4889 d148 83f8 0977 d30f 1f00 	.H..H..H...w....
00011240: 4c8d a424 e004 0000 448b 0559 1001 0031 	L..$....D..Y...1
00011250: c0ba 3b0e 0000 488d 0d76 8900 00be 0100 	..;...H..v......
00011260: 0000 4c89 e7e8 663a ffff 4c89 e7e8 fe35 	..L...f:..L....5
00011270: ffff 0fb6 95b8 0000 004d 8d34 04e9 bdfa 	.........M.4....
00011280: ffff 660f 1f44 0000 8b15 ae11 0100 80bd 	..f..D..........
00011290: b800 0000 0048 8d3d 2589 0000 8b75 340f 	.....H.=%....u4.
000112A0: 855b 0300 00e8 b6a1 ffff 803d 4f10 0100 	.[.........=O...
000112B0: 004c 89e3 0f84 b9fb ffff 488b bdb0 0000 	.L........H.....
000112C0: 008b 15d9 0f01 0031 f6e8 92a1 ffff e9a0 	.......1........
000112D0: fbff ff0f 1f44 0000 8b15 6211 0100 80bd 	.....D....b.....
000112E0: b800 0000 0048 8d3d d588 0000 8b75 380f 	.....H.=.....u8.
000112F0: 85db 0200 00e8 66a1 ffff e957 fbff ff90 	......f....W....
00011300: 8b15 3e11 0100 80bd b800 0000 0048 8d3d 	..>..........H.=
00011310: ad88 0000 8b75 340f 8583 0200 00e8 3ea1 	.....u4.......>.
00011320: ffff e922 fbff ff66 0f1f 8400 0000 0000 	..."...f........
00011330: 83f9 0119 c083 e0b5 83c0 78e9 7ef9 ffff 	..........x.~...
00011340: 83e1 b583 c178 e925 f9ff ff0f 1f44 0000 	.....x.%.....D..
00011350: 488b 4578 488b 4d70 c644 2408 0148 894c 	H.ExH.Mp.D$..H.L
00011360: 2430 4889 4424 38e9 bbf9 ffff 0f1f 4000 	$0H.D$8.......@.
00011370: 8b75 300f b6bd b800 0000 e871 5a00 00e9 	.u0........qZ...
00011380: 09fd ffff 0f1f 4000 c684 24ce 0000 002e 	......@...$.....
00011390: e991 fbff ff0f 1f00 488b 4d40 448b 1595 	........H.M@D...
000113A0: 1001 00c6 8424 e400 0000 0048 8dbc 24e4 	.....$.....H..$.
000113B0: 0000 0044 8b1d 7a10 0100 448b 056f 1001 	...D..z...D..o..
000113C0: 0049 b9cd cccc cccc cccc cc48 89ce 438d 	.I.........H..C.
000113D0: 441a 0248 c1ee 0c41 29c0 4030 f60f b6c1 	D..H...A).@0....
000113E0: 09c6 660f 1f44 0000 4889 f048 83ef 0149 	..f..D..H..H...I
000113F0: f7e1 4889 f048 c1ea 034c 8d3c 924d 01ff 	..H..H...L.<.M..
00011400: 4c29 f883 c030 8807 4889 f048 89d6 4883 	L)...0..H..H..H.
00011410: f809 77d4 4889 c848 c1e9 20c6 8424 0401 	..w.H..H.. ..$..
00011420: 0000 004c 8d8c 2404 0100 0048 c1e8 0881 	...L..$....H....
00011430: e100 f0ff ff48 becd cccc cccc cccc cc25 	.....H.........%
00011440: ff0f 0000 09c1 662e 0f1f 8400 0000 0000 	......f.........
00011450: 4889 c849 83e9 0148 f7e6 4889 c848 c1ea 	H..I...H..H..H..
00011460: 034c 8d3c 924d 01ff 4c29 f883 c030 4188 	.L.<.M..L)...0A.
00011470: 0148 89c8 4889 d148 83f8 0977 d331 c045 	.H..H..H...w.1.E
00011480: 85c0 57be 0100 0000 4153 440f 48c0 4889 	..W.....ASD.H.H.
00011490: df48 8d0d 3687 0000 48c7 c2ff ffff ff45 	.H..6...H......E
000114A0: 01d0 e829 38ff ff48 6305 820f 0100 5e5f 	...)8..Hc.....^_
000114B0: 488d 5c03 01e9 34fb ffff 660f 1f44 0000 	H.\...4...f..D..
000114C0: 4c8b 3df9 1101 004c 8d6c 2440 488d 7424 	L.=....L.l$@H.t$
000114D0: 304c 89ea 4c89 ffe8 94f5 ffff 4885 c00f 	0L..L.......H...
000114E0: 8413 0200 0048 8b05 6412 0100 488b 4c24 	.....H..d...H.L$
000114F0: 3048 8b35 6012 0100 488b 5424 3848 39c1 	0H.5`...H.T$8H9.
00011500: 7f06 7c2a 39d6 7926 488d 3541 1201 0031 	..|*9.y&H.5A...1
00011510: ffe8 ca32 ffff 488b 4c24 3048 8b54 2438 	...2..H.L$0H.T$8
00011520: 488b 0529 1201 0048 8b35 2a12 0100 488d 	H..)...H.5*...H.
00011530: b854 3d0f ff48 39cf 7c0e 0f8f 3402 0000 	.T=..H9.|...4...
00011540: 39d6 0f89 2c02 0000 4839 c10f 8cda 0200 	9...,...H9......
00011550: 000f 8f1d 0200 0089 d029 f0c1 e81f e913 	.........)......
00011560: 0200 000f 1f44 0000 488b 7d58 4c8b 053d 	.....D..H.}XL..=
00011570: 0d01 0048 8db4 24f0 0000 00b9 0002 0000 	...H..$.........
00011580: 8b15 320d 0100 e835 b7ff ff48 89c7 4889 	..2....5...H..H.
00011590: c3e8 da32 ffff 4889 c6e9 bef7 ffff 6690 	...2..H.......f.
000115A0: 31ff 803d f30e 0100 000f 856e fdff ff89 	1..=.......n....
000115B0: f748 8974 2418 8954 2414 e8a1 ceff ff48 	.H.t$..T$......H
000115C0: 8b74 2418 8b54 2414 4889 c7e9 4dfd ffff 	.t$..T$.H...M...
000115D0: 31ff 803d c30e 0100 000f 8516 fdff ff89 	1..=............
000115E0: f748 8974 2418 8954 2414 e8b1 cfff ff48 	.H.t$..T$......H
000115F0: 8b74 2418 8b54 2414 4889 c7e9 f5fc ffff 	.t$..T$.H.......
00011600: 31ff 803d 930e 0100 000f 8596 fcff ff89 	1..=............
00011610: f748 8974 2418 8954 2414 e841 ceff ff48 	.H.t$..T$..A...H
00011620: 8b74 2418 8b54 2414 4889 c7e9 75fc ffff 	.t$..T$.H...u...
00011630: 488b 0d89 1001 0048 8d74 2428 4c8d bc24 	H......H.t$(L..$
00011640: 8000 0000 48c7 4424 2800 0000 004c 89fa 	....H.D$(....L..
00011650: 4889 cf48 894c 2408 e813 f4ff ff48 85c0 	H..H.L$......H..
00011660: 7465 803d a311 0100 0048 8b15 d00b 0100 	te.=.....H......
00011670: 488b 4c24 0874 1648 6394 2490 0000 0048 	H.L$.t.Hc.$....H
00011680: 8d05 9a11 0100 48c1 e207 4801 c248 8dbc 	......H...H..H..
00011690: 24f0 0000 0048 83ec 0845 31c9 4531 c06a 	$....H...E1.E1.j
000116A0: 00be e903 0000 514c 89f9 6aff 4889 7c24 	......QL..j.H.|$
000116B0: 28e8 4a38 0000 4883 c420 488b 7c24 0848 	(.J8..H.. H.|$.H
000116C0: 85c0 4889 c675 12c7 054f 0901 0000 0000 	..H..u...O......
000116D0: 0045 31c0 e943 f9ff ffe8 e214 0000 8905 	.E1..C..........
000116E0: 3c09 0100 4189 c085 c00f 892d f9ff ffeb 	<...A......-....
000116F0: d60f 1f80 0000 0000 803b 0075 11b9 2000 	.........;.u.. .
00011700: 0000 4c8d 6b01 6689 0be9 3af9 ffff 80bd 	..L.k.f...:.....
00011710: b800 0000 000f 84ea f8ff ff48 8b4c 2430 	...........H.L$0
00011720: c684 24e4 0000 0000 4c8d ac24 e400 0000 	..$.....L..$....
00011730: 48be cdcc cccc cccc cccc 4885 c90f 889a 	H.........H.....
00011740: 0000 000f 1f44 0000 4889 c849 83ed 0148 	.....D..H..I...H
00011750: f7e6 48c1 ea03 488d 0492 4801 c048 29c1 	..H...H...H..H).
00011760: 83c1 3041 884d 0048 89d1 4885 d275 d9e9 	..0A.M.H..H..u..
00011770: 98f8 ffff 31c0 803d 8f10 0100 0089 d174 	....1..=.......t
00011780: 4f48 6354 2450 488d 0440 488d 1482 488d 	OHcT$PH..@H...H.
00011790: 058b 1001 0048 c1e2 0748 01c2 4883 ec08 	.....H...H..H...
000117A0: 4531 c945 31c0 bee9 0300 0051 4889 df4c 	E1.E1......QH..L
000117B0: 89e9 4157 6aff e845 3700 0048 83c4 2048 	..AWj..E7..H.. H
000117C0: 85c0 0f84 30ff ffff 4801 c3e9 2dff ffff 	....0...H...-...
000117D0: 488d 1569 0a01 0048 8b14 c2eb bf4c 89ee 	H..i...H.....L..
000117E0: bf30 0000 0049 b867 6666 6666 6666 6690 	.0...I.gfffffff.
000117F0: 4889 c849 89f5 4883 ee01 49f7 e848 89c8 	H..I..H...I..H..
00011800: 48c1 f83f 48c1 fa02 4829 c248 8d04 928d 	H..?H...H).H....
00011810: 0447 29c8 4889 d188 0648 85d2 75d2 c646 	.G).H....H..u..F
00011820: ff2d 4983 ed02 e9e1 f7ff ffb8 0100 0000 	.-I.............
00011830: e941 ffff ffe8 4630 ffff e9c0 34ff ff90 	.A....F0....4...
00011840: 833d c50a 0100 040f 870c 0400 0041 5748 	.=...........AWH
00011850: 8d15 1669 0000 4156 4155 4154 5553 4883 	...i..AVAUATUSH.
00011860: ec28 8b05 a40a 0100 4863 0482 4801 d03e 	.(......Hc..H..>
00011870: ffe0 660f 1f44 0000 4883 3d00 0c01 0000 	..f..D..H.=.....
00011880: 0f84 3203 0000 31ff e8a3 c8ff ff48 8d14 	..2...1......H..
00011890: 4048 8904 2448 8b05 ac0a 0100 4c8d 74d0 	@H..$H......L.t.
000118A0: e848 8b05 a80b 0100 488b 2848 89ef e8ed 	.H......H.(H....
000118B0: bfff ff31 f648 89ef 4989 c749 8b46 104c 	...1.H..I..I.F.L
000118C0: 8b20 e879 5500 0048 833d f90c 0100 010f 	. .yU..H.=......
000118D0: 861a 0300 0048 8b05 cc06 0100 4531 edbb 	.....H......E1..
000118E0: 0100 0000 4889 4424 10eb 630f 1f44 0000 	....H.D$..c..D..
000118F0: 488b 4424 1048 8b38 488b 4728 483b 4730 	H.D$.H.8H.G(H;G0
00011900: 0f83 2903 0000 488d 5001 4531 ed48 8957 	..)...H.P.E1.H.W
00011910: 28c6 000a 488b 0535 0b01 004c 89ee 4c8b 	(...H..5...L..L.
00011920: 24d8 4883 c301 4c89 e7e8 1255 0000 4c89 	$.H...L....U..L.
00011930: e7e8 6abf ffff 483b 1d8b 0c01 0049 89c7 	..j...H;.....I..
00011940: 498b 4610 4c8b 24e8 0f83 b202 0000 4889 	I.F.L.$.......H.
00011950: d831 d248 f734 2448 89d5 4885 d274 914d 	.1.H.4$H..H..t.M
00011960: 01ec 4b8d 3c2f 4c89 e64d 89e5 e8ff 57ff 	..K.</L..M....W.
00011970: ffeb a10f 1f44 0000 bf2c 0000 0048 83c4 	.....D...,...H..
00011980: 285b 5d41 5c41 5d41 5e41 5fe9 10c1 ffff 	([]A\A]A^A_.....
00011990: 4883 3d30 0c01 0000 0f84 0802 0000 488b 	H.=0..........H.
000119A0: 0503 0601 004c 8d2d 1407 0100 31db 4d8d 	.....L.-....1.M.
000119B0: 6540 4889 4424 1049 8d6c 24d0 eb4c 6690 	e@H.D$.I.l$..Lf.
000119C0: 488b 0589 0a01 0048 8b3c d8e8 50f1 ffff 	H......H.<..P...
000119D0: 488b 4424 1048 8b38 488b 4728 483b 4730 	H.D$.H.8H.G(H;G0
000119E0: 0f83 e201 0000 488d 5001 4889 5728 c600 	......H.P.H.W(..
000119F0: 0a48 8305 ff08 0100 0148 83c3 0148 391d 	.H.......H...H9.
00011A00: c40b 0100 0f86 9c01 0000 803d f708 0100 	...........=....
00011A10: 0074 adbf 0400 0000 e8a3 a6ff ff84 c074 	.t.............t
00011A20: 9f4c 89ef e817 a8ff ff4c 89e7 e80f a8ff 	.L.......L......
00011A30: ff48 89ef e807 a8ff ffeb 850f 1f44 0000 	.H...........D..
00011A40: 4883 3d80 0b01 0000 0f84 5801 0000 488b 	H.=.......X...H.
00011A50: 0553 0501 0031 db48 8944 2410 0f1f 4000 	.S...1.H.D$...@.
00011A60: 488b 05e9 0901 0031 f648 8b3c d8e8 ce53 	H......1.H.<...S
00011A70: 0000 488b 4424 1048 8b38 488b 4728 483b 	..H.D$.H.8H.G(H;
00011A80: 4730 0f83 5801 0000 488d 5001 4889 5728 	G0..X...H.P.H.W(
00011A90: c600 0a48 83c3 0148 391d 2a0b 0100 77c0 	...H...H9.*...w.
00011AA0: e901 0100 000f 1f00 4883 3dd0 0901 0000 	........H.=.....
00011AB0: 0f84 0201 0000 bf01 0000 00e8 70c6 ffff 	............p...
00011AC0: 488d 1440 4889 c148 8b05 7a08 0100 4c8d 	H..@H..H..z...L.
00011AD0: 7cd0 e848 8b05 ee0a 0100 31d2 48f7 f148 	|..H......1.H..H
00011AE0: 83fa 0148 83d8 ff48 8944 2408 4885 c00f 	...H...H.D$.H...
00011AF0: 84b1 0000 0048 c744 2418 0000 0000 488b 	.....H.D$.....H.
00011B00: 05a3 0401 0048 8944 2410 660f 1f44 0000 	.....H.D$.f..D..
00011B10: 4c8b 6424 1845 31ed 4531 f6eb 150f 1f00 	L.d$.E1.E1......
00011B20: 4c01 f54a 8d3c 3348 89ee 4989 eee8 3e56 	L..J.<3H..I...>V
00011B30: ffff 488b 0517 0901 004a 8b3c e048 893c 	..H......J.<.H.<
00011B40: 24e8 5abd ffff 488b 3c24 4c89 f648 89c3 	$.Z...H.<$L..H..
00011B50: 498b 4710 4a8b 2c28 4983 c508 e8df 5200 	I.G.J.,(I.....R.
00011B60: 004c 0364 2408 4c3b 255b 0a01 0072 b148 	.L.d$.L;%[...r.H
00011B70: 8b44 2410 488b 3848 8b47 2848 3b47 300f 	.D$.H.8H.G(H;G0.
00011B80: 839b 0000 0048 8d50 0148 8957 28c6 000a 	.....H.P.H.W(...
00011B90: 4883 4424 1801 488b 4424 1848 3944 2408 	H.D$..H.D$.H9D$.
00011BA0: 0f85 6aff ffff 4883 c428 5b5d 415c 415d 	..j...H..([]A\A]
00011BB0: 415e 415f c30f 1f00 bf20 0000 00e9 bbfd 	A^A_..... ......
00011BC0: ffff 660f 1f44 0000 be0a 0000 00e8 1e2d 	..f..D.........-
00011BD0: ffff e91a feff ff66 0f1f 8400 0000 0000 	.......f........
00011BE0: be0a 0000 00e8 062d ffff e9a4 feff ff48 	.......-.......H
00011BF0: 8b05 b203 0100 4889 4424 100f 1f44 0000 	......H.D$...D..
00011C00: 488b 4424 1048 8b38 488b 4728 483b 4730 	H.D$.H.8H.G(H;G0
00011C10: 732f 488d 5001 4889 5728 c600 0aeb 8790 	s/H.P.H.W(......
00011C20: be0a 0000 00e8 c62c ffff e961 ffff ffbe 	.......,...a....
00011C30: 0a00 0000 4531 ede8 b42c ffff e9d3 fcff 	....E1...,......
00011C40: ff48 83c4 28be 0a00 0000 5b5d 415c 415d 	.H..(.....[]A\A]
00011C50: 415e 415f e997 2cff ffc3 660f 1f44 0000 	A^A_..,...f..D..
00011C60: 4157 4156 4989 f641 5549 89fd 4154 5553 	AWAVI..AUI..ATUS
00011C70: 4881 ec18 0300 0089 5424 1488 5424 1064 	H.......T$..T$.d
00011C80: 488b 0425 2800 0000 4889 8424 0803 0000 	H..%(...H..$....
00011C90: 31c0 e869 2aff ff4c 89ef c700 0000 0000 	1..i*..L........
00011CA0: 4889 c5e8 782b ffff 4885 c00f 84b6 0600 	H...x+..H.......
00011CB0: 004c 8b3d 800a 0100 4989 c44d 85ff 0f84 	.L.=....I..M....
00011CC0: 7501 0000 4889 c7e8 342d ffff 488d 5424 	u...H...4-..H.T$
00011CD0: 7041 b800 0100 0089 c785 c00f 88cb 0200 	pA..............
00011CE0: 00b9 0010 0000 488d 35d0 7e00 00e8 ae59 	......H.5.~....Y
00011CF0: ffff 85c0 0f88 c902 0000 488b 4424 78bf 	..........H.D$x.
00011D00: 1000 0000 488b 5c24 7048 8944 2408 e86d 	....H.\$pH.D$..m
00011D10: 29ff ff49 89c0 4885 c00f 84bc 0600 0048 	)..I..H........H
00011D20: 8b44 2408 4989 5808 4c89 c64c 89ff 488d 	.D$.I.X.L..L..H.
00011D30: 5424 284c 8944 2418 4989 00e8 60ad ffff 	T$(L.D$.I...`...
00011D40: 83f8 ff0f 8492 0600 0085 c00f 85b6 0000 	................
00011D50: 0048 8b44 2428 4885 c00f 847c 0600 004c 	.H.D$(H....|...L
00011D60: 8b44 2418 4c39 c00f 849a 0000 004c 89c7 	.D$.L9.......L..
00011D70: e8fb 28ff ff4c 89ee 488d 5424 3031 ff48 	..(..L..H.T$01.H
00011D80: b800 0000 0000 0000 0448 c744 2430 0300 	.........H.D$0..
00011D90: 0000 4889 4424 3848 c744 2440 0000 0000 	..H.D$8H.D$@....
00011DA0: 48c7 4424 4800 0000 0048 c744 2450 0000 	H.D$H....H.D$P..
00011DB0: 0000 48c7 4424 5800 0000 0048 c744 2460 	..H.D$X....H.D$`
00011DC0: 0000 0000 e8d7 2a00 00ba 0500 0000 488d 	......*.......H.
00011DD0: 3553 a400 0031 ff49 89c5 e871 2aff ff4c 	5S...1.I...q*..L
00011DE0: 89e9 31f6 31ff 4889 c231 c0e8 a02d ffff 	..1.1.H..1...-..
00011DF0: 4c89 e7e8 882b ffff c705 6a09 0100 0200 	L....+....j.....
00011E00: 0000 e95d 0300 0048 8b05 ea08 0100 488b 	...]...H......H.
00011E10: 15eb 0801 0048 29c2 4883 fa0f 0f86 3a04 	.....H).H.....:.
00011E20: 0000 488b 4c24 0848 8d50 1048 8915 c608 	..H.L$.H.P.H....
00011E30: 0100 4889 5808 4889 08e8 e283 ffff 803d 	..H.X.H........=
00011E40: fb08 0100 000f 844f 0100 0080 3dd4 0101 	.......O....=...
00011E50: 0000 488b 1d4f 0101 0075 2448 8b3b 488b 	..H..O...u$H.;H.
00011E60: 4728 483b 4730 0f83 4205 0000 488d 5001 	G(H;G0..B...H.P.
00011E70: 4889 5728 c600 0a48 8305 7904 0100 0180 	H.W(...H..y.....
00011E80: 3d32 0801 0000 c605 9901 0100 000f 85ae 	=2..............
00011E90: 0400 0045 31ff 803d 4b07 0100 000f 8560 	...E1..=K......`
00011EA0: 0400 004d 85f6 488b 35b3 0501 00ba ffff 	...M..H.5.......
00011EB0: ffff 4c8d 0d47 0701 004d 0f44 f548 83ec 	..L..G...M.D.H..
00011EC0: 0841 b801 0000 0031 c941 574c 89f7 e8bd 	.A.....1.AWL....
00011ED0: deff ff4c 89ff e895 27ff ff48 8b0b be01 	...L....'..H....
00011EE0: 0000 00ba 0200 0000 488d 3db9 7e00 00e8 	........H.=.~...
00011EF0: fc2b ffff 4883 05fc 0301 0002 595e 48c7 	.+..H.......Y^H.
00011F00: 4424 0800 0000 000f b644 2410 8944 2410 	D$.......D$..D$.
00011F10: c745 0000 0000 004c 89e7 e861 2bff ff48 	.E.....L...a+..H
00011F20: 89c3 4885 c00f 84f5 0000 004c 8d70 138b 	..H........L.p..
00011F30: 0563 0501 0083 f802 0f84 7202 0000 807b 	.c........r....{
00011F40: 132e 0f84 4802 0000 85c0 0f85 6002 0000 	....H.......`...
00011F50: 4c8b 3d31 0501 004d 85ff 7519 e94f 0200 	L.=1...M..u..O..
00011F60: 000f 1f80 0000 0000 4d8b 7f08 4d85 ff0f 	........M...M...
00011F70: 843b 0200 0049 8b3f ba04 0000 004c 89f6 	.;...I.?.....L..
00011F80: e8bb 29ff ff85 c075 df0f 1f80 0000 0000 	..)....u........
00011F90: e84b a3ff ffe9 76ff ffff 803d c707 0100 	.K....v....=....
00011FA0: 000f 8457 ffff ffe9 9ffe ffff 31c9 4c89 	...W........1.L.
00011FB0: eebf 9cff ffff e8e5 56ff ff85 c00f 8937 	........V......7
00011FC0: fdff ff31 ffba 0500 0000 488d 352f a200 	...1......H.5/..
00011FD0: 00e8 7a28 ffff 0fb6 7c24 144c 89ea 4889 	..z(....|$.L..H.
00011FE0: c6e8 1a81 ffff 488b 8424 0803 0000 6448 	......H..$....dH
00011FF0: 2b04 2528 0000 000f 85e3 0300 0048 81c4 	+.%(.........H..
00012000: 1803 0000 4c89 e75b 5d41 5c41 5d41 5e41 	....L..[]A\A]A^A
00012010: 5fe9 6a29 ffff 662e 0f1f 8400 0000 0000 	_.j)..f.........
00012020: 8b55 0085 d274 2c31 ffba 0500 0000 488d 	.U...t,1......H.
00012030: 35c1 7b00 00e8 1628 ffff 8b7c 2410 4c89 	5.{....(...|$.L.
00012040: ea48 89c6 e8b7 80ff ff83 7d00 4b0f 843d 	.H........}.K..=
00012050: ffff ff4c 89e7 e825 29ff ff85 c00f 8525 	...L...%)......%
00012060: 0200 00e8 f8bd ffff 803d d106 0100 000f 	.........=......
00012070: 8504 0200 008b 0591 0201 0085 c074 0d80 	.............t..
00012080: 3d8a 0201 0000 0f84 ca00 0000 803d 2506 	=............=%.
00012090: 0100 0048 8b1d 0eff 0000 0f85 3d02 0000 	...H........=...
000120A0: ba05 0000 0048 8d35 747b 0000 31ff e89d 	.....H.5t{..1...
000120B0: 27ff ff48 8b33 4889 c548 89c7 e8ff 28ff 	'..H.3H..H....(.
000120C0: ff48 89ef e8a7 27ff ff48 8b3b 4801 0525 	.H....'..H.;H..%
000120D0: 0201 0048 8b47 2848 3b47 300f 83dc 0200 	...H.G(H;G0.....
000120E0: 0048 8d50 0148 8957 28c6 0020 8b15 c601 	.H.P.H.W(.. ....
000120F0: 0100 488b 7c24 08b9 0002 0000 488d 7424 	..H.|$......H.t$
00012100: 704c 8b05 a801 0100 4883 05e8 0101 0001 	pL......H.......
00012110: e8ab abff ff48 8b33 4889 c548 89c7 e89d 	.....H.3H..H....
00012120: 28ff ff48 89ef e845 27ff ff48 8b3b 4801 	(..H...E'..H.;H.
00012130: 05c3 0101 0048 8b47 2848 3b47 300f 8389 	.....H.G(H;G0...
00012140: 0200 0048 8d50 0148 8957 28c6 000a 4883 	...H.P.H.W(...H.
00012150: 05a2 0101 0001 4883 3d6a 0401 0000 0f85 	......H.=j......
00012160: 4c01 0000 488b 8424 0803 0000 6448 2b04 	L...H..$....dH+.
00012170: 2528 0000 000f 8565 0200 0048 81c4 1803 	%(.....e...H....
00012180: 0000 5b5d 415c 415d 415e 415f c30f 1f00 	..[]A\A]A^A_....
00012190: 85c0 0f84 f8fd ffff 31c0 807b 142e 0f94 	........1..{....
000121A0: c080 7c03 1400 0f84 e4fd ffff 0f1f 4000 	..|...........@.
000121B0: 4c8b 3dd9 0201 004d 85ff 750d eb2a 6690 	L.=....M..u..*f.
000121C0: 4d8b 7f08 4d85 ff74 1f49 8b3f ba04 0000 	M...M..t.I.?....
000121D0: 004c 89f6 e867 27ff ff85 c075 e3e9 aefd 	.L...g'....u....
000121E0: ffff 660f 1f44 0000 0fb6 4312 31f6 83e8 	..f..D....C.1...
000121F0: 013c 0d77 0d0f b6c0 488d 0da1 6400 008b 	.<.w....H...d...
00012200: 3481 31d2 4c89 e94c 89f7 e8a1 c8ff ff48 	4.1.L..L.......H
00012210: 0144 2408 833d f100 0100 010f 856f fdff 	.D$..=.......o..
00012220: ff83 3dfc 1101 00ff 0f85 62fd ffff 803d 	..=.......b....=
00012230: db00 0100 000f 8555 fdff ff80 3dfe 0401 	.......U....=...
00012240: 0000 0f85 48fd ffff e813 bcff ffe8 eef5 	....H...........
00012250: ffff e8c9 7fff ffe9 34fd ffff be10 0000 	........4.......
00012260: 0048 8d3d 7804 0100 e8f3 d9ff ff48 8b05 	.H.=x........H..
00012270: 8404 0100 e9a9 fbff ff31 f64c 89ef e87d 	.........1.L...}
00012280: c4ff ffe9 edfd ffff 31ff ba05 0000 0048 	........1......H
00012290: 8d35 7579 0000 e8b5 25ff ff0f b67c 2414 	.5uy....%....|$.
000122A0: 4c89 ea48 89c6 e855 7eff ffe9 b3fd ffff 	L..H...U~.......
000122B0: 488b 8424 0803 0000 6448 2b04 2528 0000 	H..$....dH+.%(..
000122C0: 000f 8519 0100 0048 81c4 1803 0000 5b5d 	.......H......[]
000122D0: 415c 415d 415e 415f e963 f5ff ff48 8b0b 	A\A]A^A_.c...H..
000122E0: ba02 0000 00be 0100 0000 488d 3dda 7800 	..........H.=.x.
000122F0: 00e8 fa27 ffff 4883 05fa ff00 0002 e99d 	...'..H.........
00012300: fdff ff4c 89ef e8b5 0100 0049 89c7 4885 	...L.......I..H.
00012310: c00f 858c fbff ff31 ffba 0500 0000 488d 	.......1......H.
00012320: 3507 7800 00e8 2625 ffff 4c89 ea48 89c6 	5.x...&%..L..H..
00012330: 0fb6 4424 1489 c7e8 c47d ffff e962 fbff 	..D$.....}...b..
00012340: ff48 8b0b ba02 0000 00be 0100 0000 488d 	.H............H.
00012350: 3d76 7800 00e8 9627 ffff 4883 0596 ff00 	=vx....'..H.....
00012360: 0002 e92c fbff ff48 8d35 6f78 0000 ba05 	...,...H.5ox....
00012370: 0000 0031 ffe8 d624 ffff 4889 c648 8b84 	...1...$..H..H..
00012380: 2408 0300 0064 482b 0425 2800 0000 7550 	$....dH+.%(...uP
00012390: 0fb6 7c24 1448 81c4 1803 0000 4c89 ea5b 	..|$.H......L..[
000123A0: 5d41 5c41 5d41 5e41 5fe9 527d ffff be0a 	]A\A]A^A_.R}....
000123B0: 0000 00e8 3825 ffff e9ba faff ffbe 2000 	....8%........ .
000123C0: 0000 e829 25ff ffe9 20fd ffff be0a 0000 	...)%... .......
000123D0: 00e8 1a25 ffff e973 fdff ffe8 90b9 ffff 	...%...s........
000123E0: e89b 24ff ff66 2e0f 1f84 0000 0000 0090 	..$..f..........
000123F0: f30f 1efa 4157 4989 ffbf 5000 0000 4156 	....AWI...P...AV
00012400: 4989 d641 5549 89cd 4154 554c 89c5 5348 	I..AUI..ATUL..SH
00012410: 83ec 08e8 6822 ffff 4989 c448 85c0 747b 	....h"..I..H..t{
00012420: 488d 1df9 6100 0048 89c7 4889 5828 e82d 	H...a..H..H.X(.-
00012430: a2ff ff84 c074 7948 89de 4c89 ffe8 aea2 	.....tyH..L.....
00012440: ffff 4989 4424 1048 89c3 4885 c074 61be 	..I.D$.H..H..ta.
00012450: 1000 0000 4889 c7e8 7425 ffff 4989 0424 	....H...t%..I..$
00012460: 4885 c074 4b48 c1e3 044d 8974 2430 4801 	H..tKH...M.t$0H.
00012470: d84d 896c 2438 4989 4424 0849 c744 2418 	.M.l$8I.D$.I.D$.
00012480: 0000 0000 49c7 4424 2000 0000 0049 896c 	....I.D$ ....I.l
00012490: 2440 49c7 4424 4800 0000 0048 83c4 084c 	$@I.D$H....H...L
000124A0: 89e0 5b5d 415c 415d 415e 415f c30f 1f00 	..[]A\A]A^A_....
000124B0: 4c89 e745 31e4 e8b5 21ff ffeb de0f 1f00 	L..E1...!.......
000124C0: f30f 1efa 4157 4156 4155 4154 5553 4881 	....AWAVAUATUSH.
000124D0: ec08 0100 0064 488b 0425 2800 0000 4889 	.....dH..%(...H.
000124E0: 8424 f800 0000 31c0 4885 ff0f 848b 0500 	.$....1.H.......
000124F0: 000f b617 4989 ff84 d20f 8406 0500 0080 	....I...........
00012500: fa2f 0f84 b801 0000 31f6 31ff e85f 24ff 	./......1.1.._$.
00012510: ff49 89c6 4885 c00f 8424 0500 0048 89c7 	.I..H....$...H..
00012520: e84b 23ff ff4d 8d24 0648 89c5 4c89 e348 	.K#..M.$.H..L..H
00012530: 3dff 0f00 000f 86dd 0400 0041 0fb6 1784 	=..........A....
00012540: d20f 842c 0600 0048 8d44 2460 4c89 7c24 	...,...H.D$`L.|$
00012550: 204d 89f8 4889 0424 488d 4424 4048 c744 	 M..H..$H.D$@H.D
00012560: 2408 0000 0000 48c7 4424 2800 0000 0048 	$.....H.D$(....H
00012570: c744 2430 0000 0000 4889 4424 1889 d080 	.D$0....H.D$....
00012580: fa2f 7519 0f1f 4000 410f b640 0149 83c0 	./u...@.A..@.I..
00012590: 013c 2f74 f384 c00f 84fb 0000 004d 89c5 	.</t.........M..
000125A0: 4d89 ef41 0fb6 5501 4983 c501 84d2 7405 	M..A..U.I.....t.
000125B0: 80fa 2f75 eb4d 39c5 0f84 da00 0000 4c89 	../u.M9.......L.
000125C0: ed4c 29c5 4883 fd01 0f84 2201 0000 4883 	.L).H....."...H.
000125D0: fd02 7508 3c2e 0f84 cc03 0000 4180 7c24 	..u.<.......A.|$
000125E0: ff2f 7409 41c6 0424 2f49 83c4 0149 8d04 	./t.A..$/I...I..
000125F0: 2c48 39c3 7757 4c29 f34d 29f4 4c89 4424 	,H9.wWL).M).L.D$
00012600: 1048 8d44 1d01 4881 c300 1000 0048 81fd 	.H.D..H......H..
00012610: 0010 0000 480f 4dd8 4885 db75 094d 85f6 	....H.M.H..u.M..
00012620: 0f85 ca03 0000 4c89 f748 89de e8cf 24ff 	......L..H....$.
00012630: ff4c 8b44 2410 4885 c049 89c6 7509 4885 	.L.D$.H..I..u.H.
00012640: db0f 8503 0300 004c 01f3 4d01 f44c 89e7 	.......L..M..L..
00012650: 4c89 c64d 8d24 2c48 89ea e8e1 23ff ff41 	L..M.$,H....#..A
00012660: c604 2400 488b 3424 4c89 f7e8 2023 ffff 	..$.H.4$L... #..
00012670: 85c0 7510 8b44 2478 2500 f000 003d 00a0 	..u..D$x%....=..
00012680: 0000 747c 410f b655 004d 89e8 84d2 0f85 	..t|A..U.M......
00012690: e9fe ffff 0f1f 4000 498d 4601 4939 c40f 	......@.I.F.I9..
000126A0: 866b 0200 0041 807c 24ff 2f0f 855f 0200 	.k...A.|$./.._..
000126B0: 004c 89e0 4983 ec01 e958 0200 000f 1f00 	.L..I....X......
000126C0: bf00 1000 0088 1424 e8b3 1fff ff49 89c6 	.......$.....I..
000126D0: 4885 c00f 8471 0200 00c6 002f 0fb6 1424 	H....q...../...$
000126E0: 488d 9800 1000 004c 8d60 01e9 57fe ffff 	H......L.`..W...
000126F0: 3c2e 0f85 e4fe ffff 4d89 e8eb 8f0f 1f00 	<.......M.......
00012700: 4883 7c24 0800 0f84 d201 0000 488b 4424 	H.|$........H.D$
00012710: 2048 8b6c 2408 488b 7c24 1848 8944 2440 	 H.l$.H.|$.H.D$@
00012720: 488b 4424 6848 8b75 1048 8944 2448 488b 	H.D$hH.u.H.D$HH.
00012730: 4424 6048 8944 2450 ff55 3048 89c2 483b 	D$`H.D$P.U0H..H;
00012740: 4510 0f83 6e04 0000 488b 6c24 0848 c1e2 	E...n...H.l$.H..
00012750: 0448 0355 0048 8b32 4885 f674 484c 8964 	.H.U.H.2H..tHL.d
00012760: 2410 4c8b 6424 1848 895c 2438 4889 d3eb 	$.L.d$.H.\$8H...
00012770: 0a0f 1f80 0000 0000 488b 334c 39e6 0f84 	........H.3L9...
00012780: 4303 0000 4c89 e7ff 5538 84c0 0f85 c602 	C...L...U8......
00012790: 0000 488b 5b08 4885 db75 dd4c 8b64 2410 	..H.[.H..u.L.d$.
000127A0: 488b 5c24 38bf 1800 0000 e8d1 1eff ff49 	H.\$8..........I
000127B0: 89c0 4885 c00f 848f 0100 0048 8b7c 2420 	..H........H.|$ 
000127C0: 4c89 4424 10e8 76be ffff 4c8b 4424 1048 	L.D$..v...L.D$.H
000127D0: 8b54 2418 488b 7c24 0849 8900 488b 4424 	.T$.H.|$.I..H.D$
000127E0: 684c 89c6 4989 4008 488b 4424 6049 8940 	hL..I.@.H.D$`I.@
000127F0: 10e8 aaa2 ffff 83f8 ff0f 844b 0100 0085 	...........K....
00012800: c075 2a48 8b44 2440 4885 c00f 8439 0100 	.u*H.D$@H....9..
00012810: 004c 8b44 2410 4c39 c074 1249 8b38 e84d 	.L.D$.L9.t.I.8.M
00012820: 1eff ff48 8b7c 2410 e843 1eff ff48 8bb4 	...H.|$..C...H..
00012830: 2490 0000 004c 89f7 e8a3 9bff ff48 85c0 	$....L.......H..
00012840: 0f84 4902 0000 4889 c748 8944 2410 e81d 	..I...H..H.D$...
00012850: 20ff ff4c 89ef 4989 c7e8 1220 ffff 4883 	 ..L..I.... ..H.
00012860: 7c24 3000 4c8b 4424 1048 89c2 0f84 6d02 	|$0.L.D$.H....m.
00012870: 0000 498d 4c07 0148 394c 2430 0f82 ae02 	..I.L..H9L$0....
00012880: 0000 488b 6c24 2848 83c2 014c 89ee 4c89 	..H.l$(H...L..L.
00012890: 4424 104a 8d7c 3d00 4989 ede8 e022 ffff 	D$.J.|=.I...."..
000128A0: 488b 7424 104c 89fa 4889 efe8 9021 ffff 	H.t$.L..H....!..
000128B0: 4c8b 4424 1048 896c 2420 498d 4601 4180 	L.D$.H.l$ I.F.A.
000128C0: 382f 0f84 0b02 0000 4939 c40f 87b9 0200 	8/......I9......
000128D0: 004c 89c7 e897 1dff ffe9 a6fd ffff 4c8d 	.L............L.
000128E0: 05db 46ff ff48 8d0d 6460 ffff 31f6 bf07 	..F..H..d`..1...
000128F0: 0000 0048 8d15 6646 ffff e8f1 faff ff48 	...H..fF.......H
00012900: 8944 2408 4885 c00f 85ff fdff ffeb 3b90 	.D$.H.........;.
00012910: 498d 4424 0141 c604 2400 4839 d874 3c4d 	I.D$.A..$.H9.t<M
00012920: 29f4 498d 5c24 0149 83fc ff75 054d 85f6 	).I.\$.I...u.M..
00012930: 751e 4c89 f748 89de e8c3 21ff ff49 89c6 	u.L..H....!..I..
00012940: 4885 c075 1648 85db 7411 e821 b4ff ff90 	H..u.H..t..!....
00012950: 4c89 f745 31f6 e815 1dff ff48 8b7c 2428 	L..E1......H.|$(
00012960: e80b 1dff ff48 8b7c 2408 4885 ff74 09e8 	.....H.|$.H..t..
00012970: 3ca0 ffff 0f1f 4000 488b 8424 f800 0000 	<.....@.H..$....
00012980: 6448 2b04 2528 0000 000f 8522 0200 0048 	dH+.%(....."...H
00012990: 81c4 0801 0000 4c89 f05b 5d41 5c41 5d41 	......L..[]A\A]A
000129A0: 5e41 5fc3 0f1f 4000 4180 7801 2e0f 8529 	^A_...@.A.x....)
000129B0: fcff ff49 8d46 014d 89e8 4939 c40f 86c9 	...I.F.M..I9....
000129C0: fcff ff49 83ec 014d 39f4 0f86 bcfc ffff 	...I...M9.......
000129D0: 4180 7c24 ff2f 0f84 1cfd ffff 4983 ec01 	A.|$./......I...
000129E0: 4d39 f475 ebe9 0efd ffff 660f 1f44 0000 	M9.u......f..D..
000129F0: 4c89 f745 31f6 e875 1cff ff4c 8b44 2410 	L..E1..u...L.D$.
00012A00: e942 fcff ffe8 f61c ffff 4531 f6c7 0002 	.B........E1....
00012A10: 0000 00e9 60ff ffff 4c89 f7be 0010 0000 	....`...L.......
00012A20: e8db 20ff ff49 89c6 4885 c00f 8419 ffff 	.. ..I..H.......
00012A30: ff4c 8d24 2848 8d98 0010 0000 e9fa faff 	.L.$(H..........
00012A40: ffe8 ba1c ffff 8338 0c0f 8529 ffff ffe9 	.......8...)....
00012A50: f6fe ffff 0f1f 4000 4889 da4c 8b64 2410 	......@.H..L.d$.
00012A60: 488b 5c24 3848 833a 000f 8436 fdff ff41 	H.\$8H.:...6...A
00012A70: 0fb6 5701 4d89 e8e9 10fc ffff e87f 1cff 	..W.M...........
00012A80: ff45 31f6 c700 1600 0000 e9e9 feff ffe8 	.E1.............
00012A90: 6c1c ffff 8338 0c75 d648 8b7c 2428 4989 	l....8.u.H.|$(I.
00012AA0: c7e8 ca1b ffff 4c89 f745 31f6 e8bf 1bff 	......L..E1.....
00012AB0: ff48 8b7c 2408 e8f5 9eff ff41 c707 0c00 	.H.|$......A....
00012AC0: 0000 e9b1 feff ff4c 8b64 2410 488b 5c24 	.......L.d$.H.\$
00012AD0: 38eb 9c41 c606 2f49 89c4 e9f2 fdff ff49 	8..A../I.......I
00012AE0: 8d44 0701 4c89 4424 2048 89c1 b800 1000 	.D..L.D$ H......
00012AF0: 0048 8954 2410 4839 c148 0f43 c148 89c7 	.H.T$.H9.H.C.H..
00012B00: 4889 4424 30e8 761b ffff 488b 5424 104c 	H.D$0.v...H.T$.L
00012B10: 8b44 2420 4885 c048 8944 2428 0f85 60fd 	.D$ H..H.D$(..`.
00012B20: ffff e923 feff ff66 0f1f 8400 0000 0000 	...#...f........
00012B30: 488b 7c24 2848 89ce 4889 4424 384c 8944 	H.|$(H..H.D$8L.D
00012B40: 2420 4889 4c24 10e8 b41f ffff 4889 4424 	$ H.L$......H.D$
00012B50: 2848 85c0 0f84 f0fd ffff 488b 4c24 1048 	(H........H.L$.H
00012B60: 8b54 2438 4c8b 4424 2048 894c 2430 e90f 	.T$8L.D$ H.L$0..
00012B70: fdff ff48 c744 2408 0000 0000 48c7 4424 	...H.D$.....H.D$
00012B80: 2800 0000 00e9 0efb ffff 4983 ec01 4d39 	(.........I...M9
00012B90: e60f 833a fdff ff41 807c 24ff 2f0f 842e 	...:...A.|$./...
00012BA0: fdff ff49 83ec 014d 39e6 75eb e920 fdff 	...I...M9.u.. ..
00012BB0: ffe8 ca1c ffff e949 21ff ff0f 1f44 0000 	.......I!....D..
00012BC0: f30f 1efa 4157 4989 ff41 5641 5541 5455 	....AWI..AVAUATU
00012BD0: 5348 8d1c 3748 83ec 3864 488b 0425 2800 	SH..7H..8dH..%(.
00012BE0: 0000 4889 4424 2831 c048 895c 2408 e86d 	..H.D$(1.H.\$..m
00012BF0: 1cff ff48 83f8 010f 8673 0100 0045 31e4 	...H.....s...E1.
00012C00: 4c3b 7c24 080f 8313 0100 004c 8d6c 2420 	L;|$.......L.l$ 
00012C10: 4c8d 7424 1c0f 1f00 410f b607 3c5f 0f8f 	L.t$....A...<_..
00012C20: 2401 0000 3c40 0f8f df00 0000 3c23 0f8f 	$...<@......<#..
00012C30: cc00 0000 3c1f 0f8f cf00 0000 49c7 4500 	....<.......I.E.
00012C40: 0000 0000 eb30 662e 0f1f 8400 0000 0000 	.....0f.........
00012C50: baff ffff 7f44 29e2 39d0 0f8f 7001 0000 	.....D).9...p...
00012C60: 4101 c44c 89ef 4901 dfe8 0220 ffff 85c0 	A..L..I.... ....
00012C70: 0f85 9d00 0000 488b 6c24 084c 89e9 4c89 	......H.l$.L..L.
00012C80: fe4c 89f7 4c29 fd48 89ea e811 1cff ff48 	.L..L).H.......H
00012C90: 89c3 4883 f8fd 7614 4885 ed74 0f31 ffe8 	..H...v.H..t.1..
00012CA0: ec98 ffff 84c0 0f84 ac00 0000 4883 fbff 	............H...
00012CB0: 7459 4883 fbfe 0f84 0401 0000 4885 dbb8 	tYH.........H...
00012CC0: 0100 0000 8b7c 241c 480f 44d8 e8bf 1dff 	.....|$.H.D.....
00012CD0: ff85 c00f 8977 ffff ff8b 7c24 1ce8 ae1a 	.....w....|$....
00012CE0: ffff 85c0 0f85 79ff ffff 4181 fcff ffff 	......y...A.....
00012CF0: 7f0f 84d9 0000 0041 83c4 01e9 63ff ffff 	.......A....c...
00012D00: 83e8 253c 1a0f 8731 ffff ff49 83c7 0141 	..%<...1...I...A
00012D10: 83c4 014c 397c 2408 0f87 fafe ffff 488b 	...L9|$.......H.
00012D20: 4424 2864 482b 0425 2800 0000 0f85 a900 	D$(dH+.%(.......
00012D30: 0000 4883 c438 4489 e05b 5d41 5c41 5d41 	..H..8D..[]A\A]A
00012D40: 5e41 5fc3 0f1f 4000 83e8 613c 1d76 bce9 	^A_...@...a<.v..
00012D50: e8fe ffff 0f1f 4000 410f b63f bb01 0000 	......@.A..?....
00012D60: 0089 7c24 1ce9 62ff ffff 660f 1f44 0000 	..|$..b...f..D..
00012D70: 4531 e449 39df 73a6 e843 1fff ff45 31e4 	E1.I9.s..C...E1.
00012D80: 488b 100f 1f44 0000 410f b607 4983 c701 	H....D..A...I...
00012D90: 0fb7 0442 f6c4 4075 04a8 0275 1141 81fc 	...B..@u...u.A..
00012DA0: ffff ff7f 0f84 74ff ffff 4183 c401 4c39 	......t...A...L9
00012DB0: 7c24 0875 d3e9 64ff ffff 660f 1f44 0000 	|$.u..d...f..D..
00012DC0: 4c8b 7c24 0841 83c4 01e9 45ff ffff 6690 	L.|$.A....E...f.
00012DD0: 41bc ffff ff7f e943 ffff ffe8 a01a ffff 	A......C........
00012DE0: f30f 1efa 4157 4156 4155 4154 4989 f455 	....AWAVAUATI..U
00012DF0: 4889 fd53 4883 ec18 4889 5424 08e8 6e1a 	H..SH...H.T$..n.
00012E00: ffff 4d8b 3c24 4d85 ff0f 84ae 0000 00c6 	..M.<$M.........
00012E10: 4424 0700 4889 c345 31f6 49c7 c5ff ffff 	D$..H..E1.I.....
00012E20: ffeb 300f 1f44 0000 488b 4424 0842 8b0c 	..0..D..H.D$.B..
00012E30: b042 390c a8b9 0100 0000 0fb6 4424 070f 	.B9.........D$..
00012E40: 45c1 8844 2407 4983 c601 4f8b 3cf4 4d85 	E..D$.I...O.<.M.
00012E50: ff74 3d48 89da 4889 ee4c 89ff e8af 18ff 	.t=H..H..L......
00012E60: ff85 c075 e14c 89ff e803 1aff ff48 39c3 	...u.L.......H9.
00012E70: 7446 4983 fdff 75b0 4d89 f549 83c6 014f 	tFI...u.M..I...O
00012E80: 8b3c f44d 85ff 75cb 0f1f 8400 0000 0000 	.<.M..u.........
00012E90: 807c 2407 0048 c7c0 feff ffff 4c0f 45e8 	.|$..H......L.E.
00012EA0: 4883 c418 4c89 e85b 5d41 5c41 5d41 5e41 	H...L..[]A\A]A^A
00012EB0: 5fc3 660f 1f44 0000 4d89 f5eb e349 c7c5 	_.f..D..M....I..
00012EC0: ffff ffff ebda 662e 0f1f 8400 0000 0000 	......f.........
00012ED0: f30f 1efa 4157 4189 cb41 5649 c7c6 ffff 	....AWA..AVI....
00012EE0: ffff 4155 4989 fd41 5449 89f4 5553 4881 	..AUI..ATI..USH.
00012EF0: ecc8 0000 0048 8b84 2400 0100 0048 89bc 	.....H..$....H..
00012F00: 2498 0000 0048 8954 2410 4889 8424 9000 	$....H.T$.H..$..
00012F10: 0000 488b 8424 0801 0000 4489 4424 784c 	..H..$....D.D$xL
00012F20: 894c 2408 4889 8424 8800 0000 6448 8b04 	.L$.H..$....dH..
00012F30: 2528 0000 0048 8984 24b8 0000 0031 c090 	%(...H..$....1..
00012F40: 4489 5c24 20e8 1619 ffff 8b5c 2478 448b 	D.\$ ......\$xD.
00012F50: 5c24 2048 8944 2458 83e3 0241 83fb 0a0f 	\$ H.D$X...A....
00012F60: 87a4 1dff ff48 8d15 c495 0000 4489 d848 	.....H......D..H
00012F70: 6304 8248 01d0 3eff e041 83fb 0a74 6248 	c..H..>..A...tbH
00012F80: 8d2d 8a95 0000 31ff ba05 0000 0044 895c 	.-....1......D.\
00012F90: 2420 4889 eee8 b618 ffff 448b 5c24 2048 	$ H.......D.\$ H
00012FA0: 39e8 4889 8424 9000 0000 0f84 3712 0000 	9.H..$......7...
00012FB0: 488d 2d88 6c00 0031 ffba 0500 0000 4489 	H.-.l..1......D.
00012FC0: 5c24 2048 89ee e885 18ff ff44 8b5c 2420 	\$ H.......D.\$ 
00012FD0: 4839 e848 8984 2488 0000 000f 84e9 1100 	H9.H..$.........
00012FE0: 0045 31ff 85db 0f84 6310 0000 85db 488b 	.E1.....c.....H.
00012FF0: 9c24 8800 0000 4489 5c24 20bd 0100 0000 	.$....D.\$ .....
00013000: 0f95 4424 2648 89df e863 18ff ff48 895c 	..D$&H...c...H.\
00013010: 2448 448b 5c24 2048 8944 2418 c644 2420 	$HD.\$ H.D$..D$ 
00013020: 0131 f6c6 4424 7c00 48c7 4424 5000 0000 	.1..D$|.H.D$P...
00013030: 0040 886c 2425 4d89 e24d 89f4 4d89 ee45 	.@.l$%M..M..M..E
00013040: 89dd 4189 f345 31c9 0f1f 8400 0000 0000 	..A..E1.........
00013050: 4d39 e140 0f95 c549 83fc ff75 0e48 8b44 	M9.@...I...u.H.D
00013060: 2410 4280 3c08 0040 0f95 c540 84ed 0f84 	$.B.<..@...@....
00013070: b90c 0000 4183 fd02 488b 7c24 100f 95c0 	....A...H.|$....
00013080: 2244 2425 4a8d 1c0f 4189 c00f 84ff 0500 	"D$%J...A.......
00013090: 0048 8b44 2418 4885 c00f 8471 0a00 004a 	.H.D$.H....q...J
000130A0: 8d14 0849 83fc ff75 4248 83f8 0176 3c4c 	...I...uBH...v<L
000130B0: 8954 2440 4488 5c24 384c 894c 2430 4889 	.T$@D.\$8L.L$0H.
000130C0: 5424 2844 8844 2427 e8a3 17ff ff4c 8b54 	T$(D.D$'.....L.T
000130D0: 2440 440f b65c 2438 4c8b 4c24 3048 8b54 	$@D..\$8L.L$0H.T
000130E0: 2428 4989 c444 0fb6 4424 274c 39e2 0f87 	$(I..D..D$'L9...
000130F0: 1c0a 0000 488b 5424 1848 8b74 2448 4889 	....H.T$.H.t$HH.
00013100: df4c 8954 2438 4488 5c24 304c 894c 2428 	.L.T$8D.\$0L.L$(
00013110: 4488 4424 27e8 8618 ffff 440f b644 2427 	D.D$'.....D..D$'
00013120: 4c8b 4c24 2885 c044 0fb6 5c24 304c 8b54 	L.L$(..D..\$0L.T
00013130: 2438 0f85 d809 0000 807c 2426 000f 8576 	$8.......|$&...v
00013140: 1000 000f b61b 80fb 3f0f 8f59 0b00 0084 	........?..Y....
00013150: db0f 8844 0100 0080 fb3f 0f87 3b01 0000 	...D.....?..;...
00013160: 488d 15f5 9300 000f b6c3 4863 0482 4801 	H.........Hc..H.
00013170: d03e ffe0 0f1f 4000 4489 c10f 1f44 0000 	.>....@.D....D..
00013180: 4489 c531 c041 89c8 89d9 660f 1f44 0000 	D..1.A....f..D..
00013190: 488b 7424 0848 85f6 7412 89ca c0ea 050f 	H.t$.H..t.......
000131A0: b6d2 8b14 96d3 ea83 e201 7509 4584 c00f 	..........u.E...
000131B0: 8484 0100 0041 83fd 020f 94c2 807c 2426 	.....A.......|$&
000131C0: 0089 d00f 8517 0300 0044 89d8 83f0 0120 	.........D..... 
000131D0: d074 2f4d 39fa 7605 43c6 043e 2749 8d57 	.t/M9.v.C..>'I.W
000131E0: 0149 39d2 7606 43c6 443e 0124 498d 5702 	.I9.v.C.D>.$I.W.
000131F0: 4939 d276 0643 c644 3e02 2749 83c7 0341 	I9.v.C.D>.'I...A
00013200: 89c3 4d39 d773 0543 c604 3e5c 4983 c701 	..M9.s.C..>\I...
00013210: 4983 c101 4d39 d773 0443 880c 3e0f b644 	I...M9.s.C..>..D
00013220: 2420 4983 c701 be00 0000 0040 84ed 0f44 	$ I........@...D
00013230: c688 4424 20e9 16fe ffff 660f 1f44 0000 	..D$ .....f..D..
00013240: 80fb 7c75 5631 ed41 83fd 020f 94c0 807c 	..|uV1.A.......|
00013250: 2426 0089 c20f 84b4 0000 0084 c00f 84ac 	$&..............
00013260: 0000 000f b66c 2425 4d89 f541 bb02 0000 	.....l$%M..A....
00013270: 004d 89e6 4d89 d489 e884 c00f 857a 0200 	.M..M........z..
00013280: 0083 6424 78fd 48c7 4424 0800 0000 00e9 	..d$x.H.D$......
00013290: acfc ffff 0f1f 4000 4531 c048 837c 2458 	......@.E1.H.|$X
000132A0: 010f 8562 0500 0066 0f1f 8400 0000 0000 	...b...f........
000132B0: 4c89 5424 3844 885c 2430 4c89 4c24 2844 	L.T$8D.\$0L.L$(D
000132C0: 8844 2427 e8f7 19ff ff44 0fb6 4424 274c 	.D$'.....D..D$'L
000132D0: 8b4c 2428 bf01 0000 0048 89c2 0fb6 c344 	.L$(.....H.....D
000132E0: 0fb6 5c24 304c 8b54 2438 488b 12f6 4442 	..\$0L.T$8H...DB
000132F0: 0140 400f 95c5 0f94 c222 5424 2584 d20f 	.@@......"T$%...
00013300: 85de 0c00 000f 1f00 4183 fd02 0f94 c289 	........A.......
00013310: d90f b644 2425 83f0 0108 d00f 846f feff 	...D$%.......o..
00013320: ff31 c080 7c24 2600 0f85 62fe ffff 6690 	.1..|$&...b...f.
00013330: 4584 c00f 857c feff ff83 f001 4983 c101 	E....|......I...
00013340: 4421 d8e9 a008 0000 85db 0f85 d10d 0000 	D!..............
00013350: 488d 0599 6700 00c6 4424 2600 bd01 0000 	H...g...D$&.....
00013360: 0031 f648 8944 2448 41bb 0500 0000 41bf 	.1.H.D$HA.....A.
00013370: 0100 0000 48c7 4424 1801 0000 00c6 4424 	....H.D$......D$
00013380: 7c00 c644 2420 0148 c744 2450 0000 0000 	|..D$ .H.D$P....
00013390: 4d85 e40f 8498 fcff ff41 c645 0022 e98e 	M........A.E."..
000133A0: fcff ffc6 4424 2601 bd01 0000 0048 8d05 	....D$&......H..
000133B0: 8b68 0000 4531 ff41 bb02 0000 0048 c744 	.h..E1.A.....H.D
000133C0: 2418 0100 0000 4889 4424 48e9 4cfc ffff 	$.....H.D$H.L...
000133D0: c644 2426 00bd 0100 0000 4531 ff48 c744 	.D$&......E1.H.D
000133E0: 2418 0000 0000 48c7 4424 4800 0000 00e9 	$.....H.D$H.....
000133F0: 28fc ffff 85db 0f84 1701 0000 c644 2426 	(............D$&
00013400: 0131 edeb a848 8d05 e466 0000 c644 2426 	.1...H...f...D$&
00013410: 01bd 0100 0000 4531 ff48 c744 2418 0100 	......E1.H.D$...
00013420: 0000 41bb 0500 0000 4889 4424 48e9 eafb 	..A.....H.D$H...
00013430: ffff c644 2426 0031 ed45 31ff 48c7 4424 	...D$&.1.E1.H.D$
00013440: 1800 0000 0048 c744 2448 0000 0000 e9c9 	.....H.D$H......
00013450: fbff ff45 31c0 4183 fd02 0f84 d809 0000 	...E1.A.........
00013460: 4183 fd05 752a f644 2478 0474 2349 8d41 	A...u*.D$x.t#I.A
00013470: 024c 39e0 731a 488b 7c24 1042 807c 0f01 	.L9.s.H.|$.B.|..
00013480: 3f0f 846b 0c00 0066 0f1f 8400 0000 0000 	?..k...f........
00013490: 31d2 31ed b93f 0000 00e9 73fe ffff 4531 	1.1..?....s...E1
000134A0: c041 83fd 020f 844d 0900 0040 886c 247c 	.A.....M...@.l$|
000134B0: 31d2 b927 0000 00e9 55fe ffff b972 0000 	1..'....U....r..
000134C0: 0031 ed41 83fd 020f 94c2 807c 2426 0089 	.1.A.......|$&..
000134D0: d00f 84f2 fcff ff66 0f1f 8400 0000 0000 	.......f........
000134E0: 0fb6 6c24 2545 89eb 4d89 f54d 89e6 4d89 	..l$%E..M..M..M.
000134F0: d421 e884 c00f 8486 fdff ff83 6424 78fd 	.!..........d$x.
00013500: e85b 13ff ff48 c744 2408 0000 0000 4889 	.[...H.D$.....H.
00013510: 4424 58bd 0100 0000 488d 0520 6700 00c6 	D$X.....H.. g...
00013520: 4424 2600 31f6 41bb 0200 0000 4889 4424 	D$&.1.A.....H.D$
00013530: 4841 bf01 0000 0048 c744 2418 0100 0000 	HA.....H.D$.....
00013540: c644 247c 00c6 4424 2001 48c7 4424 5000 	.D$|..D$ .H.D$P.
00013550: 0000 004d 85e4 0f84 d5fa ffff 31c0 e936 	...M........1..6
00013560: 0800 000f 1f44 0000 b966 0000 0041 83fd 	.....D...f...A..
00013570: 020f 94c0 807c 2426 0075 1a31 ede9 80fc 	.....|$&.u.1....
00013580: ffff 4183 fd02 b962 0000 000f 94c0 807c 	..A....b.......|
00013590: 2426 0074 e60f b66c 2426 4589 eb4d 89f5 	$&.t...l$&E..M..
000135A0: 4d89 e64d 89d4 21e8 e946 ffff ffb9 6e00 	M..M..!..F....n.
000135B0: 0000 31ed e90a ffff ffb9 6100 0000 ebad 	..1.......a.....
000135C0: 807c 2426 000f 8599 0c00 0045 31c0 4183 	.|$&.......E1.A.
000135D0: fd02 4489 d80f 94c2 83f0 0120 d00f 844d 	..D........ ...M
000135E0: 0900 004d 39fa 7605 43c6 043e 2749 8d4f 	...M9.v.C..>'I.O
000135F0: 0149 39ca 7606 43c6 443e 0124 498d 4f02 	.I9.v.C.D>.$I.O.
00013600: 4939 ca76 0643 c644 3e02 2749 8d77 0349 	I9.v.C.D>.'I.w.I
00013610: 39f2 0f87 2309 0000 4983 c704 4189 c331 	9...#...I...A..1
00013620: edb9 3000 0000 e981 fbff ffb9 2300 0000 	..0.........#...
00013630: 4489 c04d 85c9 0f85 fc05 0000 89cb e904 	D..M............
00013640: fcff ff0f 1f44 0000 4531 c0b9 0900 0000 	.....D..E1......
00013650: bb74 0000 000f 1f00 807c 2425 000f 8500 	.t.......|$%....
00013660: 0d00 0031 ed31 c080 7c24 2600 0f85 1efb 	...1.1..|$&.....
00013670: ffff e9b9 fcff ffb9 7600 0000 31ed e940 	........v...1..@
00013680: feff ff44 89c1 bb20 0000 00e9 f0fa ffff 	...D... ........
00013690: 0fb6 1b80 fb3f 0f8f cc00 0000 84db 0f88 	.....?..........
000136A0: f7fb ffff 80fb 3f0f 87ee fbff ff48 8d15 	......?......H..
000136B0: a88f 0000 0fb6 c348 6304 8248 01d0 3eff 	.......Hc..H..>.
000136C0: e0b9 0c00 0000 bb66 0000 00eb 8bb9 0900 	.......f........
000136D0: 0000 bb74 0000 0041 83fd 020f 94c0 2244 	...t...A......"D
000136E0: 2426 4189 c00f 846d ffff ffe9 73fb ffff 	$&A....m....s...
000136F0: b908 0000 00bb 6200 0000 e959 ffff ff80 	......b....Y....
00013700: 7c24 2500 0f85 b6fe ffff 4531 c031 c9f6 	|$%.......E1.1..
00013710: 4424 7801 0f84 49ff ffff 4983 c101 e92d 	D$x...I...I....-
00013720: f9ff ffb9 0b00 0000 bb76 0000 00e9 26ff 	.........v....&.
00013730: ffff bb20 0000 00e9 0bfb ffff b90d 0000 	... ............
00013740: 00bb 7200 0000 eb8f b90a 0000 00bb 6e00 	..r...........n.
00013750: 0000 eb83 b907 0000 00bb 6100 0000 e9f5 	..........a.....
00013760: feff ff0f 1f44 0000 80fb 7a7f 7380 fb40 	.....D....z.s..@
00013770: 0f84 25fb ffff 8d4b bfb8 0100 0000 48ba 	..%....K......H.
00013780: ffff ff53 ffff ff03 48d3 e048 85d0 0f85 	...S....H..H....
00013790: 74fb ffff a900 0000 a40f 85a6 faff ff80 	t...............
000137A0: fb5c 0f85 f3fa ffff 4183 fd02 0f84 1e06 	.\......A.......
000137B0: 0000 0fb6 5424 2522 5424 2648 837c 2418 	....T$%"T$&H.|$.
000137C0: 000f 95c0 20c2 4189 d00f 8508 0400 00b9 	.... .A.........
000137D0: 5c00 0000 e97f feff ff0f 1f80 0000 0000 	\...............
000137E0: 80fb 7d0f 8487 0400 000f 8edf 0200 00b9 	..}.............
000137F0: 7e00 0000 80fb 7e0f 8433 feff ff48 837c 	~.....~..3...H.|
00013800: 2458 010f 84a7 faff ff48 8d84 24b0 0000 	$X.......H..$...
00013810: 0048 c784 24b0 0000 0000 0000 0048 8944 	.H..$........H.D
00013820: 2460 4983 fcff 7537 488b 7c24 104c 8954 	$`I...u7H.|$.L.T
00013830: 2438 4488 5c24 304c 894c 2428 4488 4424 	$8D.\$0L.L$(D.D$
00013840: 27e8 2a10 ffff 4c8b 5424 384c 8b4c 2428 	'.*...L.T$8L.L$(
00013850: 440f b65c 2430 440f b644 2427 4989 c448 	D..\$0D..D$'I..H
00013860: 8d84 24ac 0000 0044 8844 247d 31ff 4889 	..$....D.D$}1.H.
00013870: 4424 384c 894c 2430 4c89 6424 2844 885c 	D$8L.L$0L.d$(D.\
00013880: 247f 4088 6c24 274c 89bc 2480 0000 004c 	$.@.l$'L..$....L
00013890: 8954 2470 4489 6c24 404c 8974 2468 4c8b 	.T$pD.l$@L.t$hL.
000138A0: 7424 6088 5c24 7e48 89fb 488b 4424 3048 	t$`.\$~H..H.D$0H
000138B0: 8b6c 2428 4c89 f148 8b7c 2438 4c8d 3c18 	.l$(L..H.|$8L.<.
000138C0: 488b 4424 104c 29fd 4e8d 2c38 4889 ea4c 	H.D$.L).N.,8H..L
000138D0: 89ee e8c9 0fff ff49 89c4 4883 f8fd 0f86 	.......I..H.....
000138E0: 6c05 0000 4885 ed0f 8463 0500 0031 ffe8 	l...H....c...1..
000138F0: 9c8c ffff 84c0 0f84 ff06 0000 4983 fcff 	............I...
00013900: 0f84 5d05 0000 4983 fcfe 0f84 7407 0000 	..]...I.....t...
00013910: 837c 2440 0275 0b80 7c24 2600 0f85 8605 	.|$@.u..|$&.....
00013920: 0000 8bbc 24ac 0000 00e8 6213 ffff bf00 	....$.....b.....
00013930: 0000 0085 c00f b644 2427 0f44 c74c 89f7 	.......D$'.D.L..
00013940: 4c01 e388 4424 27e8 2413 ffff 85c0 0f84 	L...D$'.$.......
00013950: 56ff ffff 0fb6 6c24 2748 89df 440f b644 	V.....l$'H..D..D
00013960: 247d 4c8b 4c24 304c 8b64 2428 89ea 440f 	$}L.L$0L.d$(..D.
00013970: b65c 247f 0fb6 5c24 7e4c 8bbc 2480 0000 	.\$...\$~L..$...
00013980: 004c 8b74 2468 83f2 014c 8b54 2470 448b 	.L.t$h...L.T$pD.
00013990: 6c24 4022 5424 2548 83ff 010f 865c f9ff 	l$@"T$%H.....\..
000139A0: ff48 89f9 4088 6c24 2748 8b7c 2410 31f6 	.H..@.l$'H.|$.1.
000139B0: 0fb6 6c24 264c 01c9 e9b4 0000 000f 1f00 	..l$&L..........
000139C0: 4183 fd02 400f 94c6 89f0 4084 ed0f 85ff 	A...@.....@.....
000139D0: 0500 0044 89d8 83f0 0140 20f0 742f 4d39 	...D.....@ .t/M9
000139E0: fa76 0543 c604 3e27 498d 7701 4939 f276 	.v.C..>'I.w.I9.v
000139F0: 0643 c644 3e01 2449 8d77 0249 39f2 7606 	.C.D>.$I.w.I9.v.
00013A00: 43c6 443e 0227 4983 c703 4189 c34d 39fa 	C.D>.'I...A..M9.
00013A10: 7605 43c6 043e 5c49 8d47 0149 39c2 760d 	v.C..>\I.G.I9.v.
00013A20: 89d8 c0e8 0683 c030 4388 443e 0149 8d47 	.......0C.D>.I.G
00013A30: 0249 39c2 7610 89d8 c0e8 0383 e007 83c0 	.I9.v...........
00013A40: 3043 8844 3e02 83e3 0749 83c1 0149 83c7 	0C.D>....I...I..
00013A50: 0383 c330 4c39 c90f 8692 0500 0089 d64d 	...0L9.........M
00013A60: 39fa 7604 4388 1c3e 420f b61c 0f49 83c7 	9.v.C..>B....I..
00013A70: 0184 d20f 8547 ffff ff89 f083 f001 4421 	.....G........D!
00013A80: d845 84c0 740e 4d39 fa76 0543 c604 3e5c 	.E..t.M9.v.C..>\
00013A90: 4983 c701 4983 c101 4c39 c90f 8625 0500 	I...I...L9...%..
00013AA0: 0084 c00f 8469 0500 004d 39fa 7605 43c6 	.....i...M9.v.C.
00013AB0: 043e 2749 8d47 0149 39c2 7606 43c6 443e 	.>'I.G.I9.v.C.D>
00013AC0: 0127 4983 c702 4531 c045 31db eb91 b97b 	.'I...E1.E1....{
00013AD0: 0000 0080 fb7b 0f85 64f7 ffff 4983 fcff 	.....{..d...I...
00013AE0: 0f84 9901 0000 662e 0f1f 8400 0000 0000 	......f.........
00013AF0: 4983 fc01 0f84 36fb ffff 660f 1f44 0000 	I.....6...f..D..
00013B00: 4183 fd02 0f94 c231 ede9 03f8 ffff 6690 	A......1......f.
00013B10: 0fb6 1b80 fb3f 7f58 84db 0f88 78f7 ffff 	.....?.X....x...
00013B20: 80fb 3f0f 876f f7ff ff48 8d15 2c8c 0000 	..?..o...H..,...
00013B30: 0fb6 c348 6304 8248 01d0 3eff e00f 1f00 	...Hc..H..>.....
00013B40: 31c9 e939 f6ff ff66 0f1f 8400 0000 0000 	1..9...f........
00013B50: 4531 c031 ede9 edf6 ffff 4531 c0b9 2300 	E1.1......E1..#.
00013B60: 0000 e9c9 faff ff31 c9e9 18fb ffff 6690 	.......1......f.
00013B70: 80fb 7a0f 8f9f 0000 0080 fb40 0f84 16f7 	..z........@....
00013B80: ffff 8d4b bfb8 0100 0000 48ba ffff ff53 	...K......H....S
00013B90: ffff ff03 48d3 e031 c948 85d0 0f85 def5 	....H..1.H......
00013BA0: ffff 89d9 4531 c0a9 0000 00a4 0f85 4eff 	....E1........N.
00013BB0: ffff 80fb 5c0f 85e0 f6ff ff0f b674 2426 	....\........t$&
00013BC0: 4084 7424 250f 8469 0700 0048 837c 2418 	@.t$%..i...H.|$.
00013BD0: 000f 845d 0700 0049 83c1 0144 89d8 31ed 	...]...I...D..1.
00013BE0: b95c 0000 000f 1f00 84c0 0f84 24f6 ffff 	.\..........$...
00013BF0: 4d39 fa76 0543 c604 3e27 498d 4701 4939 	M9.v.C..>'I.G.I9
00013C00: c276 0643 c644 3e01 2749 83c7 0245 31db 	.v.C.D>.'I...E1.
00013C10: e9ff f5ff ff0f 1f00 80fb 7d74 7b7e 2a31 	..........}t{~*1
00013C20: c080 fb7e 0f85 6ef6 ffff 4d85 c90f 8419 	...~..n...M.....
00013C30: 0700 00b9 7e00 0000 4183 fd02 4189 c00f 	....~...A...A...
00013C40: 94c2 31ed e9c8 f6ff ff45 31c0 b97b 0000 	..1......E1..{..
00013C50: 0080 fb7b 0f84 82fe ffff b97c 0000 0080 	...{.......|....
00013C60: fb7c 0f84 98fe ffff e92e f6ff ff0f 1f00 	.|..............
00013C70: b97d 0000 0049 83fc ff0f 8571 feff ff48 	.}...I.....q...H
00013C80: 8b44 2410 8078 0100 0f85 72fe ffff e99d 	.D$..x....r.....
00013C90: f9ff ff0f 1f44 0000 4531 c0b9 7d00 0000 	.....D..E1..}...
00013CA0: e937 feff ff0f 1f00 80fb 7a7f 4380 fb40 	.7........z.C..@
00013CB0: 0f84 e5f5 ffff 8d4b bfb8 0100 0000 48ba 	.......K......H.
00013CC0: ffff ff53 ffff ff03 48d3 e044 89c1 4885 	...S....H..D..H.
00013CD0: d00f 85a9 f4ff ff89 d9a9 0000 00a4 0f85 	................
00013CE0: 1cfe ffff e9c9 feff ff0f 1f80 0000 0000 	................
00013CF0: 80fb 7d0f 8477 ffff ff7e 1144 89c0 80fb 	..}..w...~.D....
00013D00: 7e0f 8423 ffff ffe9 8ff5 ffff b97b 0000 	~..#.........{..
00013D10: 0080 fb7b 0f84 c2fd ffff b97c 0000 0080 	...{.......|....
00013D20: fb7c 0f84 d8fd ffff e96e f5ff ff0f b67c 	.|.......n.....|
00013D30: 2426 4183 fd02 0f94 c04d 85ff 89fa 0f94 	$&A......M......
00013D40: c121 c284 d10f 857d 0500 0083 f701 89fa 	.!.....}........
00013D50: 4020 f80f 84f1 0300 0080 7c24 7c00 0f84 	@ ........|$|...
00013D60: e403 0000 807c 2420 000f 851a 0500 004d 	.....|$ .......M
00013D70: 85d2 4d89 f50f b66c 2425 4489 de0f 94c0 	..M....l$%D.....
00013D80: 4883 7c24 5000 4d89 e60f 95c2 20d0 0f84 	H.|$P.M..... ...
00013D90: eb04 0000 4c8b 6424 5088 4424 7c48 8d05 	....L.d$P.D$|H..
00013DA0: 9b5e 0000 41bf 0100 0000 41bb 0200 0000 	.^..A.....A.....
00013DB0: 41c6 4500 27c6 4424 2600 48c7 4424 1801 	A.E.'.D$&.H.D$..
00013DC0: 0000 0048 8944 2448 e964 f2ff ff0f 1f00 	...H.D$H.d......
00013DD0: 807c 2426 000f 84fc fdff ff0f b66c 2425 	.|$&.........l$%
00013DE0: 4589 eb4d 89f5 4d89 e64d 89d4 89e8 e986 	E..M..M..M......
00013DF0: f4ff ff0f 1f44 0000 807c 2426 0075 dc4d 	.....D...|$&.u.M
00013E00: 85d2 0f84 8d01 0000 4883 7c24 5000 0f85 	........H.|$P...
00013E10: 8101 0000 4c89 5424 5045 31d2 4088 6c24 	....L.T$PE1.@.l$
00013E20: 7c49 83c7 0331 c045 31db b927 0000 00e9 	|I...1.E1..'....
00013E30: 78f3 ffff 0f1f 4000 807c 2426 0075 9c31 	x.....@..|$&.u.1
00013E40: ed31 c0b9 3f00 0000 e95f f3ff ff0f 1f00 	.1..?...._......
00013E50: 4d85 e40f 84fb faff ff49 83fc ff0f 85a3 	M........I......
00013E60: faff ff48 89df 440f b644 247d 4c8b 4c24 	...H..D..D$}L.L$
00013E70: 3031 ed4c 8b64 2428 440f b65c 247f 0fb6 	01.L.d$(D..\$...
00013E80: 5c24 7e4c 8bbc 2480 0000 004c 8b74 2468 	\$~L..$....L.t$h
00013E90: 4c8b 5424 7044 8b6c 2440 0fb6 5424 25e9 	L.T$pD.l$@..T$%.
00013EA0: f3fa ffff 0f1f 4000 4983 fc01 0f86 70fa 	......@.I.....p.
00013EB0: ffff 488b 4424 104a 8d34 204a 8d54 3801 	..H.D$.J.4 J.T8.
00013EC0: 4c01 feeb 100f 1f00 4883 c201 4839 d60f 	L.......H...H9..
00013ED0: 844d faff ff0f b602 83e8 5b3c 2177 e948 	.M........[<!w.H
00013EE0: bf2b 0000 0002 0000 0048 0fa3 c773 d90f 	.+.......H...s..
00013EF0: b66c 2425 4c8b 7424 284c 8b6c 2468 4c8b 	.l$%L.t$(L.l$hL.
00013F00: 6424 7040 84ed 0f85 eff5 ffff 8364 2478 	d$p@.........d$x
00013F10: fd31 ede8 4809 ffff 48c7 4424 0800 0000 	.1..H...H.D$....
00013F20: 0048 8944 2458 e9ed f5ff ff0f 1f44 0000 	.H.D$X.......D..
00013F30: 4c89 fe4d 39fa 760b 4489 d841 c604 365c 	L..M9.v.D..A..6\
00013F40: 4189 c34c 8d7e 0141 83fd 020f 84c9 0000 	A..L.~.A........
00013F50: 0049 8d41 01b9 3000 0000 4c39 e073 1a48 	.I.A..0...L9.s.H
00013F60: 8b44 2410 420f b644 0801 8844 2427 83e8 	.D$.B..D...D$'..
00013F70: 303c 090f 86af 0000 000f b644 2425 83f0 	0<.........D$%..
00013F80: 0108 d089 e8bd 0000 0000 0f84 00f2 ffff 	................
00013F90: e917 f2ff ff4d 39fa 7605 43c6 043e 2749 	.....M9.v.C..>'I
00013FA0: 8d47 0149 39c2 7606 43c6 443e 015c 498d 	.G.I9.v.C.D>.\I.
00013FB0: 4702 4939 c20f 8661 feff ff43 c644 3e02 	G.I9...a...C.D>.
00013FC0: 27e9 56fe ffff 0fb6 6c24 2789 d9e9 16fc 	'.V.....l$'.....
00013FD0: ffff 4589 eb4d 89f5 4d89 e64d 89d4 e996 	..E..M..M..M....
00013FE0: f2ff ff0f b654 2425 31ed e9b2 f9ff ff0f 	.....T$%1.......
00013FF0: b66c 2427 89d9 e919 f2ff ff41 0fb6 7d00 	.l$'.......A..}.
00014000: 41bc 0100 0000 89bc 24ac 0000 00e9 17f9 	A.......$.......
00014010: ffff 4531 c0e9 45fa ffff 89e8 b930 0000 	..E1..E......0..
00014020: 0031 ede9 84f1 ffff 4d39 fa76 0543 c604 	.1......M9.v.C..
00014030: 3e30 488d 4602 4939 c276 0641 c644 3602 	>0H.F.I9.v.A.D6.
00014040: 304c 8d7e 03b9 3000 0000 e92a ffff ff48 	0L.~..0....*...H
00014050: 8b94 2490 0000 000f b602 84c0 0f84 8aef 	..$.............
00014060: ffff 660f 1f44 0000 4d39 fc76 0543 8844 	..f..D..M9.v.C.D
00014070: 3d00 4983 c701 420f b604 3a84 c075 e9e9 	=.I...B...:..u..
00014080: 68ef ffff 4c8b 6424 2848 89df 4c89 f84c 	h...L.d$(H..L..L
00014090: 8b4c 2430 440f b644 247d 0fb6 5c24 7e48 	.L$0D..D$}..\$~H
000140A0: 89fa 440f b65c 247f 4c8b bc24 8000 0000 	..D..\$.L..$....
000140B0: 4c8b 7424 684c 8b54 2470 448b 6c24 4048 	L.t$hL.T$pD.l$@H
000140C0: 8b4c 2410 4c39 e072 14eb 1b0f 1f44 0000 	.L$.L9.r.....D..
000140D0: 4883 c201 498d 0411 4939 c476 0680 3c01 	H...I...I9.v..<.
000140E0: 0075 ed48 89d7 0fb6 5424 2531 ede9 a5f8 	.u.H....T$%1....
000140F0: ffff 0fb6 0c07 80f9 3e0f 8791 f3ff ff48 	........>......H
00014100: ba00 0000 0082 a300 7048 d3ea 83e2 010f 	........pH......
00014110: 85ef 0000 0031 edb9 3f00 0000 e9f0 f1ff 	.....1..?.......
00014120: ff48 8d05 c859 0000 c644 2426 01bd 0100 	.H...Y...D$&....
00014130: 0000 4531 ff48 c744 2418 0100 0000 4889 	..E1.H.D$.....H.
00014140: 4424 48e9 d4ee ffff 89c2 488b 4424 4848 	D$H.......H.D$HH
00014150: 85c0 7430 84d2 742c 0fb6 0884 c974 2548 	..t0..t,.....t%H
00014160: 8bb4 2498 0000 004c 89fa 4c29 f849 39d2 	..$....L..L).I9.
00014170: 7603 880c 1648 83c2 010f b60c 1084 c975 	v....H.........u
00014180: ec49 89d7 4d39 fa0f 87c5 0000 0048 8b84 	.I..M9.......H..
00014190: 24b8 0000 0064 482b 0425 2800 0000 0f85 	$....dH+.%(.....
000141A0: a301 0000 4881 c4c8 0000 004c 89f8 5b5d 	....H......L..[]
000141B0: 415c 415d 415e 415f c345 89eb 4d89 f54d 	A\A]A^A_.E..M..M
000141C0: 89e6 4d89 d4e9 b7f0 ffff 4489 de48 89c7 	..M.......D..H..
000141D0: e8ab 9aff ff44 8b5c 2420 4889 8424 8800 	.....D.\$ H..$..
000141E0: 0000 e9fa edff ff44 89de 4889 c7e8 8e9a 	.......D..H.....
000141F0: ffff 448b 5c24 2048 8984 2490 0000 00e9 	..D.\$ H..$.....
00014200: aced ffff 807c 2426 0075 ae4d 39fa 7605 	.....|$&.u.M9.v.
00014210: 43c6 043e 3f49 8d57 0149 39d2 7606 43c6 	C..>?I.W.I9.v.C.
00014220: 443e 0122 498d 5702 4939 d276 0643 c644 	D>."I.W.I9.v.C.D
00014230: 3e02 2249 8d57 0349 39d2 7606 43c6 443e 	>."I.W.I9.v.C.D>
00014240: 033f 4983 c704 31d2 31ed 4989 c1e9 27fd 	.?I...1.1.I...'.
00014250: ffff 488b 8424 9800 0000 42c6 0438 00e9 	..H..$....B..8..
00014260: 29ff ffff 4589 eb4d 89f5 4d89 e64d 89d4 	)...E..M..M..M..
00014270: 4183 fb02 0f84 81f2 ffff e902 f0ff ff0f 	A...............
00014280: b654 247c e9c1 feff ffe8 d205 ffff 41bd 	.T$|..........A.
00014290: 0500 0000 4531 ff48 c744 2418 0100 0000 	....E1.H.D$.....
000142A0: 4889 4424 5848 8d05 4458 0000 4889 4424 	H.D$XH..DX..H.D$
000142B0: 48f6 4424 7802 752c 4d89 f54d 89e6 4c8b 	H.D$x.u,M..M..L.
000142C0: 6424 50e9 88f0 ffff 0fb6 6c24 254d 89f5 	d$P.......l$%M..
000142D0: 4d89 e64d 89d4 4084 ed0f 851c f2ff ffe9 	M..M..@.........
000142E0: 28fc ffff 0fb6 4424 204c 8b54 2450 c644 	(.....D$ L.T$P.D
000142F0: 247c 0045 31db 48c7 4424 5000 0000 0088 	$|.E1.H.D$P.....
00014300: 4424 2688 4424 25e9 39ed ffff 85db 7430 	D$&.D$%.9.....t0
00014310: 488d 0528 5900 00c6 4424 2601 31ed 4531 	H..(Y...D$&.1.E1
00014320: ff48 c744 2418 0100 0000 4889 4424 48e9 	.H.D$.....H.D$H.
00014330: e8ec ffff b95c 0000 0031 ede9 83f1 ffff 	.....\...1......
00014340: 31ed e9d1 f1ff ffe8 3405 ffff 4183 fd02 	1.......4...A...
00014350: 4489 c5b9 7e00 0000 4189 c00f 94c2 e9ae 	D...~...A.......
00014360: efff ff89 d931 ede9 57f1 ffff 0f1f 4000 	.....1..W.....@.
00014370: f30f 1efa 4157 4156 4155 4989 f541 5455 	....AWAVAUI..ATU
00014380: 4889 d553 4883 ec68 488b 3748 897c 2430 	H..SH..hH.7H.|$0
00014390: 4c89 4424 204c 894c 2438 6448 8b14 2528 	L.D$ L.L$8dH..%(
000143A0: 0000 0048 8954 2458 31d2 4885 ed48 8d15 	...H.T$X1.H..H..
000143B0: 0cdf 0000 4889 7424 1048 0f44 ea44 8b65 	....H.t$.H.D.D.e
000143C0: 0041 83fc 020f 96c2 2215 eede 0000 8854 	.A......"......T
000143D0: 242f 0f85 4801 0000 4531 ff85 c90f 848d 	$/..H...E1......
000143E0: 0000 00e8 1803 ffff 448b 4504 4c8d 4d08 	........D.E.L.M.
000143F0: 4489 e144 8b10 be00 2000 004c 89ea 4989 	D..D.... ..L..I.
00014400: c644 8954 2408 ff75 30ff 7528 488b 7c24 	.D.T$..u0.u(H.|$
00014410: 204c 894c 2410 e8b5 eaff ff44 8b54 2418 	 L.L$......D.T$.
00014420: 483d ff1f 0000 4989 c445 8916 595e 4c8b 	H=....I..E..Y^L.
00014430: 0c24 0f87 e803 0000 488b 4424 10c6 4424 	.$......H.D$..D$
00014440: 2f01 0fb6 0041 3845 0075 104c 89ef e81d 	/....A8E.u.L....
00014450: 04ff ff4c 39e0 0f95 4424 2f45 85ff 7420 	...L9...D$/E..t 
00014460: 4c89 e3e9 f000 0000 0f1f 8400 0000 0000 	L...............
00014470: 4c89 efe8 f803 ffff 4c89 6c24 1049 89c4 	L.......L.l$.I..
00014480: 4883 7c24 2000 7478 e8d3 03ff ff48 83f8 	H.|$ .tx.....H..
00014490: 010f 8721 0300 0048 8b5c 2410 4a8d 2c23 	...!...H.\$.J.,#
000144A0: 4839 dd0f 86d4 0300 00e8 1208 ffff 488b 	H9............H.
000144B0: 0848 89d8 31db 662e 0f1f 8400 0000 0000 	.H..1.f.........
000144C0: 0fb6 100f b714 5166 81e2 0040 6683 fa01 	......Qf...@f...
000144D0: 4883 dbff 4883 c001 4839 c575 e380 3dc9 	H...H...H9.u..=.
000144E0: dd00 0000 0f85 cd00 0000 488b 4424 38c6 	..........H.D$8.
000144F0: 0000 e9dd 0000 0066 0f1f 8400 0000 0000 	.......f........
00014500: 803d a6dd 0000 000f 85aa 0000 0048 8b44 	.=...........H.D
00014510: 2438 c600 00e9 c200 0000 660f 1f44 0000 	$8........f..D..
00014520: 85c9 0f85 6603 0000 4c89 efe8 4003 ffff 	....f...L...@...
00014530: 4889 c34c 8d60 0148 3dff 1f00 000f 87b8 	H..L.`.H=.......
00014540: 0200 0048 8b7c 2410 4c89 e24c 89ee e8ed 	...H.|$.L..L....
00014550: 04ff ffc6 4424 2f00 e803 03ff ff48 8b74 	....D$/......H.t
00014560: 2410 488d 3c1e 4889 7c24 0848 83f8 010f 	$.H.<.H.|$.H....
00014570: 879b 0000 004c 8b7c 2410 4c8b 7424 084d 	.....L.|$.L.t$.M
00014580: 39f7 7325 e837 07ff ff4c 89fa 4c89 f790 	9.s%.7...L..L...
00014590: 0fb6 3248 8b08 f644 7101 4075 03c6 023f 	..2H...Dq.@u...?
000145A0: 4883 c201 4839 fa75 e749 89dc 0fb6 05fa 	H...H9.u.I......
000145B0: dc00 0084 c074 0e0f b644 242f 83f0 0122 	.....t...D$/..."
000145C0: 05e7 dc00 0048 8b74 2438 4883 7c24 2000 	.....H.t$8H.|$ .
000145D0: 8806 7408 488b 4424 2048 8918 488b 4424 	..t.H.D$ H..H.D$
000145E0: 3048 8b74 2410 4889 3048 8b44 2458 6448 	0H.t$.H.0H.D$XdH
000145F0: 2b04 2528 0000 000f 859c 0200 0048 83c4 	+.%(.........H..
00014600: 684c 89e0 5b5d 415c 415d 415e 415f c390 	hL..[]A\A]A^A_..
00014610: 4839 fe0f 836b 0200 0048 8d44 244c 4989 	H9...k...H.D$LI.
00014620: f431 db49 89f7 4889 4424 1848 8d6c 2450 	.1.I..H.D$.H.l$P
00014630: 410f b607 3c5f 0f8f 3401 0000 3c40 0f8f 	A...<_..4...<@..
00014640: 0001 0000 3c23 0f8f ec00 0000 3c1f 0f8f 	....<#......<...
00014650: f000 0000 48c7 4424 5000 0000 004d 89fd 	....H.D$P....M..
00014660: eb26 660f 1f44 0000 41c6 0424 3f48 89ef 	.&f..D..A..$?H..
00014670: 4d01 f548 83c3 014c 8b24 24e8 f005 ffff 	M..H...L.$$.....
00014680: 85c0 0f85 a600 0000 4c8b 7c24 0848 8b7c 	........L.|$.H.|
00014690: 2418 4889 e94c 89ee 4d29 ef4c 89fa e8fd 	$.H..L..M).L....
000146A0: 01ff ff49 89c6 498d 4424 0148 8904 2449 	...I..I.D$.H..$I
000146B0: 83fe fd76 144d 85ff 740f 31ff e8cf 7eff 	...v.M..t.1...~.
000146C0: ff84 c00f 84b7 0000 0049 83fe ff0f 84fd 	.........I......
000146D0: 0000 0049 83fe fe0f 8413 0100 008b 7c24 	...I..........|$
000146E0: 4c4d 85f6 b801 0000 004c 0f44 f0e8 9e03 	LM.......L.D....
000146F0: ffff 85c0 0f88 6eff ffff 31d2 0f1f 4000 	......n...1...@.
00014700: 410f b64c 1500 4188 0c14 4883 c201 4939 	A..L..A...H...I9
00014710: d675 ed4d 01f5 4d01 f448 9848 89ef 4801 	.u.M..M..H.H..H.
00014720: c3e8 4a05 ffff 85c0 0f84 5aff ffff 4d89 	..J.......Z...M.
00014730: efeb 210f 1f44 0000 8d50 db80 fa1a 0f87 	..!..D...P......
00014740: 10ff ffff 4188 0424 4983 c701 4883 c301 	....A..$I...H...
00014750: 4983 c401 4c3b 7c24 080f 82d1 feff ff4c 	I...L;|$.......L
00014760: 2b64 2410 e943 feff ff0f 1f80 0000 0000 	+d$..C..........
00014770: 8d50 9f80 fa1d 76cc e9d7 feff ff0f 1f00 	.P....v.........
00014780: 410f b67d 0041 be01 0000 0089 7c24 4ce8 	A..}.A......|$L.
00014790: fc02 ffff 85c0 0f88 ccfe ffff 410f b655 	............A..U
000147A0: 0049 83c5 0141 8814 244c 8b24 24e9 67ff 	.I...A..$L.$$.g.
000147B0: ffff 660f 1f44 0000 488b 7c24 104c 89e6 	..f..D..H.|$.L..
000147C0: e8fb e3ff ff48 63d8 e910 fdff ff0f 1f00 	.....Hc.........
000147D0: 4d89 ef48 83c3 0149 83c7 0141 c604 243f 	M..H...I...A..$?
000147E0: 4c8b 2424 e96b ffff ff0f 1f80 0000 0000 	L.$$.k..........
000147F0: 4c8b 7c24 0848 83c3 01eb e04c 89e7 e87d 	L.|$.H.....L...}
00014800: fefe ff48 8944 2410 4885 c00f 8532 fdff 	...H.D$.H....2..
00014810: ffe8 5a95 ffff 662e 0f1f 8400 0000 0000 	..Z...f.........
00014820: 488d 7001 4c89 4c24 0848 89f7 4889 3424 	H.p.L.L$.H..H.4$
00014830: e84b fefe ff48 8b34 244c 8b4c 2408 4885 	.K...H.4$L.L$.H.
00014840: c048 8944 2410 7505 4885 f675 c445 8b16 	.H.D$.u.H..u.E..
00014850: 448b 4504 4c89 ea8b 4d00 4489 1424 ff75 	D.E.L...M.D..$.u
00014860: 30ff 7528 488b 7c24 20e8 62e6 ffff 448b 	0.u(H.|$ .b...D.
00014870: 5424 1045 8916 585a e9bb fbff ff31 dbe9 	T$.E..XZ.....1..
00014880: 59fc ffff 4531 e431 dbe9 1efd ffff 41bf 	Y...E1.1......A.
00014890: 0100 0000 e94a fbff ffe8 e2ff feff 6690 	.....J........f.
000148A0: f30f 1efa 4157 4156 4155 4989 f541 5449 	....AWAVAUI..ATI
000148B0: 89d4 5553 4863 df48 83ec 28e8 40fe feff 	..USHc.H..(.@...
000148C0: 448b 3589 d900 0048 8b2d a2d9 0000 4889 	D.5....H.-....H.
000148D0: 4424 088b 0089 4424 1444 39f3 7c60 448d 	D$....D$.D9.|`D.
000148E0: 7b01 488d 0577 d900 0049 63f7 48c1 e604 	{.H..w...Ic.H...
000148F0: 4839 c50f 841f 0100 0048 89ef e8ff 01ff 	H9.......H......
00014900: ff48 89c5 4885 c00f 8433 0100 0048 8905 	.H..H....3...H..
00014910: 5cd9 0000 4963 fe44 89fa 31f6 4889 f944 	\...Ic.D..1.H..D
00014920: 29f2 48c1 e104 4863 d248 c1e2 0448 8d7c 	).H...Hc.H...H.|
00014930: 0d00 e819 00ff ff44 893d 12d9 0000 48c1 	.......D.=....H.
00014940: e304 418b 0c24 4d8d 7c24 084c 89ea 4801 	..A..$M.|$.L..H.
00014950: dd41 8b5c 2404 4d89 f948 8b75 004c 8b75 	.A.\$.M..H.u.L.u
00014960: 0841 ff74 2430 41ff 7424 2883 cb01 4189 	.A.t$0A.t$(...A.
00014970: d84c 89f7 4889 7424 28e8 52e5 ffff 595e 	.L..H.t$(.R...Y^
00014980: 488b 7424 1848 39c6 776a 488d 7001 488d 	H.t$.H9.wjH.p.H.
00014990: 05ab ea00 0048 8975 0049 39c6 7412 4c89 	.....H.u.I9.t.L.
000149A0: f748 8974 2418 e8c5 fcfe ff48 8b74 2418 	.H.t$......H.t$.
000149B0: 4889 f748 8974 2418 e8c3 fcfe ff48 8b74 	H..H.t$......H.t
000149C0: 2418 4885 c049 89c6 7505 4885 f675 714c 	$.H..I..u.H..uqL
000149D0: 8975 0841 8b0c 244c 89ea 4d89 f941 ff74 	.u.A..$L..M..A.t
000149E0: 2430 4189 d84c 89f7 41ff 7424 28e8 dee4 	$0A..L..A.t$(...
000149F0: ffff 585a 488b 4424 088b 4c24 1489 0848 	..XZH.D$..L$...H
00014A00: 83c4 284c 89f0 5b5d 415c 415d 415e 415f 	..(L..[]A\A]A^A_
00014A10: c30f 1f80 0000 0000 4889 f7e8 60fc feff 	........H...`...
00014A20: 4889 c548 85c0 7418 660f 6f05 30d8 0000 	H..H..t.f.o.0...
00014A30: 4889 2d39 d800 000f 1145 00e9 d4fe ffff 	H.-9.....E......
00014A40: e82b 93ff ff66 662e 0f1f 8400 0000 0000 	.+...ff.........
00014A50: f30f 1efa 4157 4989 f741 5649 89ce 4155 	....AWI..AVI..AU
00014A60: 4989 d541 5455 4889 fd53 4883 ec38 6448 	I..ATUH..SH..8dH
00014A70: 8b04 2528 0000 0048 8944 2428 31c0 4885 	..%(...H.D$(1.H.
00014A80: f648 8d44 2420 4c0f 44f8 e871 fcfe ffc7 	.H.D$ L.D..q....
00014A90: 0000 0000 0049 89c4 0fb6 5d00 e81f 02ff 	.....I....].....
00014AA0: ff48 8b08 4889 e8eb 0f0f 1f80 0000 0000 	.H..H...........
00014AB0: 0fb6 5801 4883 c001 0fb6 d3f6 4451 0120 	..X.H.......DQ. 
00014AC0: 75ee 80fb 2d74 6431 d24c 89fe 4889 efe8 	u...-td1.L..H...
00014AD0: dc00 ffff 498b 0f48 89c3 4839 cd74 5941 	....I..H..H9.tYA
00014AE0: 8b04 2485 c075 3945 31e4 0fb6 2940 84ed 	..$..u9E1...)@..
00014AF0: 0f85 ba00 0000 4989 5d00 488b 4424 2864 	......I.].H.D$(d
00014B00: 482b 0425 2800 0000 0f85 cc03 0000 4883 	H+.%(.........H.
00014B10: c438 4489 e05b 5d41 5c41 5d41 5e41 5fc3 	.8D..[]A\A]A^A_.
00014B20: 41bc 0100 0000 83f8 2274 bf41 bc04 0000 	A......."t.A....
00014B30: 00eb c70f 1f44 0000 0fb6 2948 894c 2408 	.....D....)H.L$.
00014B40: 4084 ed74 e640 0fbe f54c 89f7 4531 e4bb 	@..t.@...L..E1..
00014B50: 0100 0000 e867 fdfe ff48 8b4c 2408 4885 	.....g...H.L$.H.
00014B60: c074 c88d 45bb 3c2f 0f87 1203 0000 0fb6 	.t..E.</........
00014B70: f841 b901 0000 0048 be45 8930 0044 8100 	.A.....H.E.0.D..
00014B80: 0041 b800 0400 0048 0fa3 c648 897c 2418 	.A.....H...H.|$.
00014B90: 7246 8d55 be80 fa35 7731 488d 35bb 7c00 	rF.U...5w1H.5.|.
00014BA0: 000f b6d2 4863 0496 4801 f03e ffe0 6690 	....Hc..H..>..f.
00014BB0: 400f bef5 4c89 f748 894c 2408 e8ff fcfe 	@...L..H.L$.....
00014BC0: ff48 8b4c 2408 4885 c075 9849 895d 0041 	.H.L$.H..u.I.].A
00014BD0: 83cc 02e9 22ff ffff be30 0000 004c 89f7 	...."....0...L..
00014BE0: 4489 4c24 1444 8944 2410 4889 4c24 08e8 	D.L$.D.D$.H.L$..
00014BF0: ccfc feff 488b 4c24 0841 b800 0400 0041 	....H.L$.A.....A
00014C00: b901 0000 0048 85c0 7488 0fb6 4101 3c44 	.....H..t...A.<D
00014C10: 0f84 7b02 0000 3c69 741e 3c42 0f84 6f02 	..{...<it.<B..o.
00014C20: 0000 488b 4424 1848 8d15 067d 0000 4863 	..H.D$.H...}..Hc
00014C30: 0482 4801 d03e ffe0 4531 c980 7902 4241 	..H..>..E1..y.BA
00014C40: 0f94 c147 8d4c 0901 e945 ffff ff49 63e8 	...G.L...E...Ic.
00014C50: 4d63 c9be 0400 0000 31ff 660f 1f44 0000 	Mc......1.f..D..
00014C60: 4889 d848 f7e5 4889 c30f 8041 0200 0083 	H..H..H....A....
00014C70: ee01 75ec 4109 fc49 01c9 4489 e083 c802 	..u.A..I..D.....
00014C80: 4d89 0f41 8039 0044 0f45 e0e9 66fe ffff 	M..A.9.D.E..f...
00014C90: 4963 e84d 63c9 4889 d848 f7e5 701b 48f7 	Ic.Mc.H..H..p.H.
00014CA0: e570 1648 89c3 ebcf 4963 e84d 63c9 4889 	.p.H....Ic.Mc.H.
00014CB0: d848 f7e5 4889 c371 be41 bc01 0000 0048 	.H..H..q.A.....H
00014CC0: 83cb ffeb b20f 1f00 4963 e84d 63c9 4889 	........Ic.Mc.H.
00014CD0: d848 f7e5 0f80 0502 0000 48f7 e50f 80fc 	.H........H.....
00014CE0: 0100 0048 f7e5 0f80 f301 0000 4889 c331 	...H........H..1
00014CF0: c041 09c4 eb81 4889 d84d 63c9 48c1 e836 	.A....H..Mc.H..6
00014D00: 75b7 48c1 e30a e96c ffff ff4d 63c9 4885 	u.H....l...Mc.H.
00014D10: db78 a648 01db e95c ffff ff4d 63c9 e954 	.x.H...\...Mc..T
00014D20: ffff ff49 63e8 4d63 c9be 0600 0000 31ff 	...Ic.Mc......1.
00014D30: 4889 d848 f7e5 4889 c30f 80ae 0100 0083 	H..H..H.........
00014D40: ee01 75ec e92b ffff ff4d 63c9 4889 d848 	..u..+...Mc.H..H
00014D50: c1e8 370f 8560 ffff ff48 c1e3 09e9 15ff 	..7..`...H......
00014D60: ffff 4963 e84d 63c9 be07 0000 0031 ff90 	..Ic.Mc......1..
00014D70: 4889 d848 f7e5 4889 c30f 803f 0100 0083 	H..H..H....?....
00014D80: ee01 75ec e9eb feff ff49 63e8 4d63 c9be 	..u......Ic.Mc..
00014D90: 0500 0000 31ff 662e 0f1f 8400 0000 0000 	....1.f.........
00014DA0: 4889 d848 f7e5 4889 c30f 80f3 0000 0083 	H..H..H.........
00014DB0: ee01 75ec e9bb feff ff49 63e8 4d63 c9be 	..u......Ic.Mc..
00014DC0: 0800 0000 31ff 662e 0f1f 8400 0000 0000 	....1.f.........
00014DD0: 4889 d848 f7e5 4889 c30f 80ed 0000 0083 	H..H..H.........
00014DE0: ee01 75ec e98b feff ff41 b901 0000 00bd 	..u......A......
00014DF0: 0004 0000 e95a feff ff41 b901 0000 00bd 	.....Z...A......
00014E00: 0004 0000 e9a5 feff ff41 b901 0000 00bd 	.........A......
00014E10: 0004 0000 e9b5 feff ff41 b901 0000 00bd 	.........A......
00014E20: 0004 0000 e96d feff ff41 b901 0000 00bd 	.....m...A......
00014E30: 0004 0000 e956 ffff ff41 b901 0000 00bd 	.....V...A......
00014E40: 0004 0000 e976 ffff ff41 b901 0000 00bd 	.....v...A......
00014E50: 0004 0000 e9d0 feff ff41 b901 0000 00e9 	.........A......
00014E60: 13fe ffff 41b9 0100 0000 e9dd feff ff41 	....A..........A
00014E70: b901 0000 00bd 0004 0000 e9e9 feff ff90 	................
00014E80: 41b9 0100 0000 41b8 0004 0000 e901 fdff 	A.....A.........
00014E90: ff41 b902 0000 0041 b8e8 0300 00e9 f0fc 	.A.....A........
00014EA0: ffff bf01 0000 0048 83cb ffe9 fffe ffff 	.......H........
00014EB0: bf01 0000 0048 83cb ffe9 b1fd ffff bf01 	.....H..........
00014EC0: 0000 0048 83cb ffe9 b3fe ffff bf01 0000 	...H............
00014ED0: 0048 83cb ffe9 05ff ffff e8a1 f9fe ffb8 	.H..............
00014EE0: 0100 0000 4883 cbff e904 feff ffbf 0100 	....H...........
00014EF0: 0000 4883 cbff e944 feff ff0f 1f44 0000 	..H....D.....D..
00014F00: f30f 1efa 4157 4989 fb41 5649 89ce 4155 	....AWI..AVI..AU
00014F10: 4989 d541 5455 5348 81ec 1805 0000 488b 	I..ATUSH......H.
00014F20: 7930 448b 7908 488b 8424 5805 0000 4889 	y0D.y.H..$X...H.
00014F30: 7424 0844 894c 2424 448b 9424 5005 0000 	t$.D.L$$D..$P...
00014F40: 4889 4424 1844 8844 2423 6448 8b04 2528 	H.D$.D.D$#dH..%(
00014F50: 0000 0048 8984 2408 0500 0031 c048 85ff 	...H..$....1.H..
00014F60: 488d 0556 4c00 0048 0f45 c748 8944 2428 	H..VL..H.E.H.D$(
00014F70: 4183 ff0c 0f8e f600 0000 4183 ef0c 410f 	A.........A...A.
00014F80: b645 0045 31e4 84c0 7471 4489 7c24 504c 	.E.E1...tqD.|$PL
00014F90: 89dd 4963 da4c 8974 2410 3c25 0f84 e600 	..Ic.L.t$.<%....
00014FA0: 0000 31c0 85db 488b 5424 0841 be01 0000 	..1...H.T$.A....
00014FB0: 0048 0f49 c348 85c0 4c0f 45f0 4c29 e249 	.H.I.H..L.E.L).I
00014FC0: 39d6 7354 4885 ed74 1583 fb01 0f8f 7e00 	9.sTH..t......~.
00014FD0: 0000 410f b645 0048 83c5 0188 45ff 4d01 	..A..E.H....E.M.
00014FE0: f44d 89ee 410f b646 014d 8d6e 0148 c7c3 	.M..A..F.M.n.H..
00014FF0: ffff ffff 84c0 75a2 4989 eb4d 85db 741b 	......u.I..M..t.
00015000: 4883 7c24 0800 7413 41c6 0300 eb0d 4c39 	H.|$..t.A.....L9
00015010: 6424 0875 cf0f 1f00 4531 e448 8b84 2408 	d$.u....E1.H..$.
00015020: 0500 0064 482b 0425 2800 0000 0f85 811d 	...dH+.%(.......
00015030: 0000 4881 c418 0500 004c 89e0 5b5d 415c 	..H......L..[]A\
00015040: 415d 415e 415f c366 0f1f 8400 0000 0000 	A]A^A_.f........
00015050: 488d 58ff 4889 efbe 2000 0000 4889 da48 	H.X.H... ...H..H
00015060: 01dd e8e9 f8fe ffe9 66ff ffff 0f1f 4000 	........f.....@.
00015070: 4585 ffb8 0c00 0000 440f 44f8 e9fd feff 	E.......D.D.....
00015080: ff0f 1f80 0000 0000 0fb6 4c24 2345 31ff 	..........L$#E1.
00015090: 4531 db88 4c24 4045 0fbe 4501 4983 c501 	E1..L$@E..E.I...
000150A0: 418d 48dd 4489 c644 89c7 80f9 3c77 2d49 	A.H.D..D....<w-I
000150B0: ba00 2500 0000 0000 10ba 0100 0000 48d3 	..%...........H.
000150C0: e24c 85d2 0f85 9601 0000 80f9 3b0f 8487 	.L..........;...
000150D0: 1500 0083 e201 0f85 7615 0000 4183 e830 	........v...A..0
000150E0: 4183 f809 0f86 3601 0000 4080 fe45 7428 	A.....6...@..Et(
000150F0: 4080 fe4f 7422 4080 fe7a 7747 488d 0df1 	@..Ot"@..zwGH...
00015100: 7800 0040 0fb6 d648 6314 9148 01ca 3eff 	x..@...Hc..H..>.
00015110: e20f 1f80 0000 0000 410f b675 014d 8d75 	........A..u.M.u
00015120: 0140 80fe 7a77 1948 8d0d b27a 0000 400f 	.@..zw.H...z..@.
00015130: b6d6 4863 1491 4801 ca3e ffe2 0f1f 4000 	..Hc..H..>....@.
00015140: 4d89 f54d 89ee 662e 0f1f 8400 0000 0000 	M..M..f.........
00015150: 498d 46ff 418d 5601 4989 c789 d129 c141 	I.F.A.V.I....).A
00015160: 803f 2548 8d40 ff75 ef48 63c9 85db 0f88 	.?%H.@.u.Hc.....
00015170: 0414 0000 4183 fb2d 0f84 fa13 0000 4863 	....A..-......Hc
00015180: d348 39d1 4889 d348 0f43 d948 8b44 2408 	.H9.H..H.C.H.D$.
00015190: 4c29 e048 39d8 0f86 7cfe ffff 4885 ed0f 	L).H9...|...H...
000151A0: 8484 0300 0048 39ca 7636 4829 ca48 894c 	.....H9.v6H).H.L
000151B0: 2430 4c8d 6c15 0041 83fb 300f 84a8 1500 	$0L.l..A..0.....
000151C0: 0041 83fb 2b0f 849e 1500 0048 89ef be20 	.A..+......H... 
000151D0: 0000 004c 89ed e875 f7fe ff48 8b4c 2430 	...L...u...H.L$0
000151E0: 807c 2440 000f 844a 1400 0048 894c 2440 	.|$@...J...H.L$@
000151F0: 4c8d 69ff e8a7 f4fe ff48 8b4c 2440 6690 	L.i......H.L$@f.
00015200: 430f b634 2f48 8b10 8b14 b242 8854 2d00 	C..4/H.....B.T-.
00015210: 4983 ed01 73ea 4801 cde9 0b03 0000 6690 	I...s.H.......f.
00015220: 31db eb27 0f1f 4000 410f be55 0083 ea30 	1..'..@.A..U...0
00015230: 01d3 701c 410f be7d 0149 83c5 018d 57d0 	..p.A..}.I....W.
00015240: 89fe 83fa 090f 879f feff ff6b db0a 71d8 	...........k..q.
00015250: bbff ffff 7feb dd66 0f1f 8400 0000 0000 	.......f........
00015260: 4589 c3e9 2ffe ffff 31ff 488b 5424 108b 	E.../...1.H.T$..
00015270: 4a14 448b 521c 448b 7218 89c8 4489 d2c1 	J.D.R.D.r...D...
00015280: f81f 4429 f281 c27e 0100 0025 9001 0000 	..D)...~...%....
00015290: 448d 4c01 9c48 63c2 4189 d048 69c0 9324 	D.L..Hc.A..Hi..$
000152A0: 4992 41c1 f81f 48c1 e820 01d0 c1f8 0244 	I.A...H.. .....D
000152B0: 29c0 448d 04c5 0000 0000 4129 c044 89d0 	).D.......A).D..
000152C0: 29d0 428d 4400 0385 c00f 8801 1600 0041 	).B.D..........A
000152D0: b86d 0100 0041 f6c1 0375 3a41 69d1 295c 	.m...A...u:Ai.)\
000152E0: 8fc2 41b8 6e01 0000 81c2 50b8 1e05 4189 	..A.n.....P...A.
000152F0: d141 c1c9 0241 81f9 285c 8f02 7717 c1ca 	.A...A..(\..w...
00015300: 0445 31c0 81fa 0bd7 a300 410f 92c0 4181 	.E1.......A...A.
00015310: c06d 0100 0045 29c2 4589 d045 29f0 4181 	.m...E).E..E).A.
00015320: c07e 0100 0049 63d0 4589 c145 29c2 4869 	.~...Ic.E..E).Hi
00015330: d293 2449 9241 c1f9 1f48 c1ea 2044 01c2 	..$I.A...H.. D..
00015340: c1fa 0244 29ca 448d 0cd5 0000 0000 4129 	...D).D.......A)
00015350: d147 8d44 0a03 4585 c041 0f49 c041 c1f8 	.G.D..E..A.I.A..
00015360: 1f41 83c0 0140 80fe 470f 8410 1600 0040 	.A...@..G......@
00015370: 80fe 670f 8551 1600 0048 63d1 89c8 4869 	..g..Q...Hc...Hi
00015380: d21f 85eb 51c1 f81f 48c1 fa25 29c2 89c8 	....Q...H..%)...
00015390: 6bd2 6429 d044 01c0 4863 d041 89c1 4869 	k.d).D..Hc.A..Hi
000153A0: d21f 85eb 5141 c1f9 1f48 c1fa 2544 29ca 	....QA...H..%D).
000153B0: 446b ca64 4429 c889 c20f 889b 1800 0045 	Dk.dD).........E
000153C0: 85db 0f84 ad18 0000 4d89 ee41 83fb 2b0f 	........M..A..+.
000153D0: 84b2 1800 00c6 4424 4800 b801 0000 0045 	......D$H......E
000153E0: 31ff c744 2430 0200 0000 31c9 0f1f 4000 	1..D$0....1...@.
000153F0: 83ff 4f0f 856f 0d00 0084 c00f 8467 0d00 	..O..o.......g..
00015400: 00ba 2025 0000 4531 ed66 8994 24fb 0000 	.. %..E1.f..$...
00015410: 0040 88bc 24fd 0000 0048 8d84 24fe 0000 	.@..$....H..$...
00015420: 0040 8830 488b 4c24 1048 8d94 24fb 0000 	.@.0H.L$.H..$...
00015430: 0048 8dbc 2400 0100 00c6 4001 00be 0004 	.H..$.....@.....
00015440: 0000 4489 5c24 30e8 14f7 feff 4889 c148 	..D.\$0.....H..H
00015450: 85c0 0f84 8cfb ffff 448b 5c24 304c 8d78 	........D.\$0L.x
00015460: ff41 83fb 2d0f 84fd 1000 0085 db0f 88f5 	.A..-...........
00015470: 1000 0048 63d3 4939 d748 89d3 490f 43df 	...Hc.I9.H..I.C.
00015480: 488b 4424 084c 29e0 4839 d80f 8687 fbff 	H.D$.L).H9......
00015490: ff48 85ed 0f84 8f00 0000 4939 d773 3d4c 	.H........I9.s=L
000154A0: 29fa 4889 4c24 4848 8d44 1500 4889 4424 	).H.L$HH.D..H.D$
000154B0: 3041 83fb 300f 8415 1200 0041 83fb 2b0f 	0A..0......A..+.
000154C0: 840b 1200 0048 89ef be20 0000 00e8 7ef4 	.....H... ....~.
000154D0: feff 488b 6c24 3048 8b4c 2448 4584 ed0f 	..H.l$0H.L$HE...
000154E0: 8597 1100 0080 7c24 4000 0f84 7411 0000 	......|$@...t...
000154F0: 4c8d 69fe 4d85 ff74 2de8 a2f1 feff 488d 	L.i.M..t-.....H.
00015500: b424 0101 0000 662e 0f1f 8400 0000 0000 	.$....f.........
00015510: 420f b60c 2e48 8b10 8b14 8a42 8854 2d00 	B....H.....B.T-.
00015520: 4983 ed01 73ea 4c01 fd49 01dc e9b3 faff 	I...s.L..I......
00015530: ff4d 89f5 83ff 450f 852d fdff ffe9 01fc 	.M....E..-......
00015540: ffff 4d89 ee31 ff0f b644 2440 4584 ff41 	..M..1...D$@E..A
00015550: 0f45 c788 4424 4083 ff45 0f84 e0fb ffff 	.E..D$@..E......
00015560: 4531 ed41 b820 2500 0066 4489 8424 fb00 	E1.A. %..fD..$..
00015570: 0000 85ff 0f85 97fe ffff 488d 8424 fd00 	..........H..$..
00015580: 0000 e99a feff ff4d 89f5 410f b645 ff4d 	.......M..A..E.M
00015590: 8d7d ff4d 89fe 3c25 0f85 b2fb ffff b901 	.}.M..<%........
000155A0: 0000 00e9 c4fb ffff 4d89 ee48 8b44 2408 	........M..H.D$.
000155B0: 4c29 e041 83fb 2d0f 8460 1200 0085 db0f 	L).A..-..`......
000155C0: 8858 1200 0048 63d3 41bd 0100 0000 4885 	.X...Hc.A.....H.
000155D0: d24c 0f45 ea49 39c5 0f83 3afa ffff 4885 	.L.E.I9...:...H.
000155E0: ed74 3a83 fb01 7e2d 4883 ea01 488d 5c15 	.t:...~-H...H.\.
000155F0: 0041 83fb 300f 841c 1600 0041 83fb 2b0f 	.A..0......A..+.
00015600: 8412 1600 0048 89ef be20 0000 0048 89dd 	.....H... ...H..
00015610: e83b f3fe ffc6 4500 0948 83c5 014d 01ec 	.;....E..H...M..
00015620: e9bf f9ff ff4d 89ee 31ff 488b 4424 10be 	.....M..1.H.D$..
00015630: 6b00 0000 8b50 0845 85db b85f 0000 00c7 	k....P.E..._....
00015640: 4424 3002 0000 0044 0f44 d889 d0c6 4424 	D$0....D.D....D$
00015650: 4800 31c9 c1e8 1f41 89c7 89d0 f7d0 c1e8 	H.1....A........
00015660: 1fe9 8afd ffff 4d89 ee31 ff48 8b44 2410 	......M..1.H.D$.
00015670: c644 2448 00be 6a00 0000 c744 2430 0300 	.D$H..j....D$0..
00015680: 0000 8b40 1c83 f8ff 8d50 0141 0f9c c70f 	...@.....P.A....
00015690: 9dc0 31c9 e957 fdff ff4d 89ee 31ff 488b 	..1..W...M..1.H.
000156A0: 4424 10be 6500 0000 8b50 0ceb 8a4d 89ee 	D$..e....P...M..
000156B0: 31ff 488b 4424 10c7 4424 3002 0000 00be 	1.H.D$..D$0.....
000156C0: 6400 0000 8b50 0ceb 824d 89ee 31ff 0fb6 	d....P...M..1...
000156D0: 4424 4045 84ff be42 0000 0041 0f45 c745 	D$@E...B...A.E.E
000156E0: 31ed 8844 2440 e978 feff ff4d 89ee 0fb6 	1..D$@.x...M....
000156F0: 4424 4045 84ff be41 0000 0041 0f45 c788 	D$@E...A...A.E..
00015700: 4424 40b8 2025 0000 4531 ed66 8984 24fb 	D$@. %..E1.f..$.
00015710: 0000 0048 8d84 24fd 0000 00e9 01fd ffff 	...H..$.........
00015720: 31ff 410f b645 014d 8d75 0141 b901 0000 	1.A..E.M.u.A....
00015730: 003c 3a0f 8410 0e00 00be 3a00 0000 3c7a 	.<:.......:...<z
00015740: 0f85 fdf9 ffff 488b 4424 108b 4820 85c9 	......H.D$..H ..
00015750: 0f88 8ef8 ffff 488b 5028 41bf 0100 0000 	......H.P(A.....
00015760: 85d2 7814 41bf 0000 0000 750c 488b 4424 	..x.A.....u.H.D$
00015770: 2880 382d 410f 94c7 4863 c289 d14c 69c0 	(.8-A...Hc...Li.
00015780: c5b3 a291 c1f9 1f48 69c0 8988 8888 49c1 	.......Hi.....I.
00015790: e820 48c1 e820 4101 d001 d041 c1f8 0bc1 	. H.. A....A....
000157A0: f805 4589 c229 c841 29ca 4863 c841 89c0 	..E..).A).Hc.A..
000157B0: 4869 c989 8888 8841 c1f8 1f48 c1e9 2001 	Hi.....A...H.. .
000157C0: c1c1 f905 4429 c144 6bc1 3c89 c16b c03c 	....D).Dk.<..k.<
000157D0: 4429 c141 89d0 4129 c049 83f9 020f 8465 	D).A..A).I.....e
000157E0: 1300 000f 879a 0f00 004d 85c9 0f84 eb13 	.........M......
000157F0: 0000 416b d264 4489 f8c6 4424 4801 c744 	..Ak.dD...D$H..D
00015800: 2430 0600 0000 83f0 0101 cab9 0400 0000 	$0..............
00015810: e9db fbff ff4d 89ee 0fb6 4424 4045 84ff 	.....M....D$@E..
00015820: be61 0000 0041 0f45 c788 4424 40e9 d1fe 	.a...A.E..D$@...
00015830: ffff 4d89 ee31 ff45 31ed 0fb6 4c24 4045 	..M..1.E1...L$@E
00015840: 84ff b800 0000 00be 7000 0000 450f 45ef 	........p...E.E.
00015850: 0f45 c888 4c24 40e9 07fd ffff 4d89 ee48 	.E..L$@.....M..H
00015860: 8b44 2408 4c29 e041 83fb 2d0f 848e 0f00 	.D$.L).A..-.....
00015870: 0085 db0f 8886 0f00 0048 63d3 41bd 0100 	.........Hc.A...
00015880: 0000 4885 d24c 0f45 ea49 39c5 0f83 86f7 	..H..L.E.I9.....
00015890: ffff 4885 ed0f 8482 fdff ff83 fb01 7e2d 	..H...........~-
000158A0: 4883 ea01 488d 5c15 0041 83fb 300f 8415 	H...H.\..A..0...
000158B0: 1300 0041 83fb 2b0f 840b 1300 0048 89ef 	...A..+......H..
000158C0: be20 0000 0048 89dd e883 f0fe ffc6 4500 	. ...H........E.
000158D0: 0a48 83c5 01e9 43fd ffff 4d89 ee31 ff48 	.H....C...M..1.H
000158E0: 8b44 2410 c644 2448 00be 6d00 0000 c744 	.D$..D$H..m....D
000158F0: 2430 0200 0000 8b40 1083 f8ff 8d50 0141 	$0.....@.....P.A
00015900: 0f9c c70f 9dc0 31c9 e9e3 faff ff4d 89ee 	......1......M..
00015910: 31ff 8b54 2450 be6c 0000 00e9 17fd ffff 	1..T$P.l........
00015920: 4d89 ee31 ffe9 36fc ffff 4d89 ee48 8b44 	M..1..6...M..H.D
00015930: 2410 c644 2448 0045 31ff 31c9 c744 2430 	$..D$H.E1.1..D$0
00015940: 0100 0000 8b40 108d 1480 8d14 50c1 fa05 	.....@......P...
00015950: 83c2 010f 1f44 0000 4c8d 9424 1701 0000 	.....D..L..$....
00015960: 41b9 cdcc cccc 4d89 d50f 1f80 0000 0000 	A.....M.........
00015970: 4c89 eff6 c101 7409 41c6 45ff 3a48 83ef 	L.....t.A.E.:H..
00015980: 0189 d089 d6d1 f94c 8d6f ff49 0faf c148 	.......L.o.I...H
00015990: c1e8 2344 8d04 8045 01c0 4429 c683 c630 	..#D...E..D)...0
000159A0: 4088 77ff 83fa 0977 0885 c90f 8457 0100 	@.w....w.....W..
000159B0: 0089 c2eb bb4d 89ee 488b 4424 1048 837c 	.....M..H.D$.H.|
000159C0: 2418 00f3 0f6f 6020 f30f 6f00 f30f 6f50 	$....o` ..o...oP
000159D0: 1048 8b40 300f 2964 2430 4889 8424 b000 	.H.@0.)d$0H..$..
000159E0: 0000 4489 5c24 300f 2984 2480 0000 000f 	..D.\$0.).$.....
000159F0: 2994 2490 0000 000f 29a4 24a0 0000 000f 	).$.....).$.....
00015A00: 84f8 1100 0048 8b7c 2418 e8d1 aeff ff44 	.....H.|$......D
00015A10: 8b5c 2430 4885 c049 89c5 0f84 a913 0000 	.\$0H..I........
00015A20: 4c8d bc24 8000 0000 4c89 ffe8 a0f0 feff 	L..$....L.......
00015A30: 448b 5c24 3048 83f8 ff48 8944 2478 0f84 	D.\$0H...H.D$x..
00015A40: b10f 0000 488b 7c24 184c 89fe 4489 5c24 	....H.|$.L..D.\$
00015A50: 30e8 2aad ffff 448b 5c24 3084 c075 0948 	0.*...D.\$0..u.H
00015A60: c744 2478 ffff ffff 4983 fd01 741a 4c89 	.D$x....I...t.L.
00015A70: ef44 895c 2430 e865 afff ff44 8b5c 2430 	.D.\$0.e...D.\$0
00015A80: 84c0 0f84 4113 0000 488b 4c24 7848 89c8 	....A...H.L$xH..
00015A90: 4c8d 9424 1701 0000 be30 0000 0048 c1e8 	L..$.....0...H..
00015AA0: 3f4d 89d5 4989 c766 0f1f 8400 0000 0000 	?M..I..f........
00015AB0: 48b8 6766 6666 6666 6666 48f7 e948 89c8 	H.gfffffffH..H..
00015AC0: 48c1 f83f 48c1 fa02 4829 c248 8d3c 9248 	H..?H...H).H.<.H
00015AD0: 89d0 4801 ff48 29f9 4889 ca48 89c1 89f0 	..H..H).H..H....
00015AE0: 29d0 83c2 3045 84ff 0f45 d049 83ed 0141 	)...0E...E.I...A
00015AF0: 8855 0048 85c9 75b8 c644 2448 00c7 4424 	.U.H..u..D$H..D$
00015B00: 3001 0000 000f 1f00 4585 db0f 84df 0a00 	0.......E.......
00015B10: 0041 83fb 2d0f 95c0 85db 0f48 5c24 304d 	.A..-......H\$0M
00015B20: 29ea 4584 ff0f 855d 0a00 0080 7c24 4800 	).E....]....|$H.
00015B30: 0f85 8f0b 0000 4963 ca44 39d3 0f8e c20a 	......Ic.D9.....
00015B40: 0000 84c0 0f84 ba0a 0000 4863 d348 89cb 	..........Hc.H..
00015B50: 4839 ca48 0f43 da48 8b44 2408 4c29 e048 	H9.H.C.H.D$.L).H
00015B60: 39d8 0f86 b0f4 ffff 4885 ed0f 84b8 f9ff 	9.......H.......
00015B70: ff48 39ca 7636 4829 ca48 894c 2430 4c8d 	.H9.v6H).H.L$0L.
00015B80: 7c15 0041 83fb 300f 845f 0b00 0041 83fb 	|..A..0.._...A..
00015B90: 2b0f 8455 0b00 0048 89ef be20 0000 004c 	+..U...H... ...L
00015BA0: 89fd e8a9 edfe ff48 8b4c 2430 807c 2440 	.......H.L$0.|$@
00015BB0: 000f 8461 0a00 004c 8d79 ff48 85c9 0f84 	...a...L.y.H....
00015BC0: 52f6 ffff 4889 4c24 40e8 d2ea feff 488b 	R...H.L$@.....H.
00015BD0: 4c24 400f 1f44 0000 430f b674 3d00 488b 	L$@..D..C..t=.H.
00015BE0: 108b 14b2 4288 543d 0049 83ef 0173 e9e9 	....B.T=.I...s..
00015BF0: 22f6 ffff 4d89 ee0f b64c 2440 31c0 4584 	"...M....L$@1.E.
00015C00: ff48 8b7c 2428 4489 5c24 300f 45c8 884c 	.H.|$(D.\$0.E..L
00015C10: 2440 e859 ecfe ff44 8b5c 2430 4989 c541 	$@.Y...D.\$0I..A
00015C20: 83fb 2d0f 8412 0c00 0085 db0f 880a 0c00 	..-.............
00015C30: 0048 63db 4839 d848 89d8 490f 43c5 4889 	.Hc.H9.H..I.C.H.
00015C40: 4424 3048 8b44 2408 4c29 e048 3b44 2430 	D$0H.D$.L).H;D$0
00015C50: 0f86 c2f3 ffff 4885 ed74 7549 39dd 732f 	......H..tuI9.s/
00015C60: 4c29 eb48 89da 488d 5c1d 0041 83fb 300f 	L).H..H.\..A..0.
00015C70: 84b7 0f00 0041 83fb 2b0f 84ad 0f00 0048 	.....A..+......H
00015C80: 89ef be20 0000 0048 89dd e8c1 ecfe ff45 	... ...H.......E
00015C90: 84ff 0f85 f10e 0000 807c 2440 000f 84d1 	.........|$@....
00015CA0: 0e00 0049 8d5d ff4d 85ed 7421 e8ef e9fe 	...I.].M..t!....
00015CB0: ff48 8b4c 2428 4889 c60f b614 1948 8b06 	.H.L$(H......H..
00015CC0: 8b04 9088 441d 0048 83eb 0173 ec4c 01ed 	....D..H...s.L..
00015CD0: 4c03 6424 30e9 0af3 ffff 4d89 ee31 ff45 	L.d$0.....M..1.E
00015CE0: 31c9 e95f faff ff4d 89ee 4585 db75 0885 	1.._...M..E..u..
00015CF0: db0f 880c 1000 008d 4bfa 31c0 4c8d 3d18 	........K.1.L.=.
00015D00: 6800 0085 c90f 49c1 8944 2430 0f1f 4000 	h.....I..D$0..@.
00015D10: 440f b644 2440 4883 ec08 4589 d931 ff8b 	D..D$@H...E..1..
00015D20: 8424 6805 0000 4c89 fa48 c7c6 ffff ffff 	.$h...L..H......
00015D30: 50ff 7424 288b 4424 4850 488b 4c24 3044 	P.t$(.D$HPH.L$0D
00015D40: 895c 2468 4489 4424 60e8 b2f1 ffff 448b 	.\$hD.D$`.....D.
00015D50: 5c24 6848 83c4 2044 8b44 2440 4989 c541 	\$hH.. D.D$@I..A
00015D60: 83fb 2d0f 8452 0900 0085 db0f 884a 0900 	..-..R.......J..
00015D70: 0048 63d3 4839 d049 89d2 4c0f 43d0 488b 	.Hc.H9.I..L.C.H.
00015D80: 5c24 084c 29e3 4c39 d30f 8689 f2ff ff48 	\$.L).L9.......H
00015D90: 85ed 0f84 9200 0000 4c39 ea76 514c 29ea 	........L9.vQL).
00015DA0: 4c89 5424 5848 8d44 1500 4489 5c24 5448 	L.T$XH.D..D.\$TH
00015DB0: 8944 2440 4489 4424 4841 83fb 300f 8416 	.D$@D.D$HA..0...
00015DC0: 0a00 0041 83fb 2b0f 840c 0a00 0048 89ef 	...A..+......H..
00015DD0: be20 0000 00e8 76eb feff 488b 6c24 404c 	. ....v...H.l$@L
00015DE0: 8b54 2458 448b 5c24 5444 8b44 2448 4c89 	.T$XD.\$TD.D$HL.
00015DF0: 5424 4048 83ec 0848 89ef 4589 d98b 8424 	T$@H...H..E....$
00015E00: 6805 0000 4c89 fa48 89de 4c01 ed50 ff74 	h...L..H..L..P.t
00015E10: 2428 8b44 2448 5048 8b4c 2430 e8df f0ff 	$(.D$HPH.L$0....
00015E20: ff4c 8b54 2460 4883 c420 4d01 d4e9 b2f1 	.L.T$`H.. M.....
00015E30: ffff 4d89 eec7 4424 30ff ffff ff4c 8d3d 	..M...D$0....L.=
00015E40: ce66 0000 e9c7 feff ff4d 89ee 31ff 488b 	.f.......M..1.H.
00015E50: 4424 108b 4814 81f9 94f8 ffff 8d81 6c07 	D$..H.........l.
00015E60: 0000 410f 9cc7 3d6c 0700 0019 c083 e09d 	..A...=l........
00015E70: 01c8 4863 d0c1 f81f 4869 d21f 85eb 5148 	..Hc....Hi....QH
00015E80: c1fa 2529 c283 c213 81f9 94f8 ffff 0f9d 	..%)............
00015E90: c045 85db 0f85 c40a 0000 837c 2424 2b44 	.E.........|$$+D
00015EA0: 8b5c 2424 0f84 be0a 0000 c644 2448 00be 	.\$$.......D$H..
00015EB0: 4300 0000 c744 2430 0200 0000 e929 f5ff 	C....D$0.....)..
00015EC0: ff4d 89ee 85db b809 0000 008b 9424 6005 	.M...........$`.
00015ED0: 0000 41bd 0900 0000 0f4e d8eb 1b0f 1f00 	..A......N......
00015EE0: 4869 c067 6666 6689 d141 83ed 01c1 f91f 	Hi.gfff..A......
00015EF0: 48c1 f822 29c8 89c2 4863 c241 39dd 7fe0 	H..")...Hc.A9...
00015F00: 4869 c867 6666 6689 d6c1 fe1f 48c1 f922 	Hi.gfff.....H.."
00015F10: 29f1 8d34 8989 d101 f629 f141 83fd 010f 	)..4.....).A....
00015F20: 8422 0900 0085 c974 b74d 63fd 4c89 fe45 	.".....t.Mc.L..E
00015F30: 85ed 0f84 4e0e 0000 488d 8c34 0001 0000 	....N...H..4....
00015F40: 418d 7dff 488d b434 ff00 0000 4829 feeb 	A.}.H..4....H)..
00015F50: 090f 1f80 0000 0000 4898 4869 c067 6666 	........H.Hi.gff
00015F60: 6689 d748 83e9 01c1 ff1f 48c1 f822 29f8 	f..H......H..").
00015F70: 8d3c 8001 ff29 fa83 c230 8811 89c2 4839 	.<...)...0....H9
00015F80: ce75 d545 85db b830 0000 0044 0f44 d848 	.u.E...0...D.D.H
00015F90: 8b44 2408 4c29 e04c 39f8 0f86 78f0 ffff 	.D$.L).L9...x...
00015FA0: 4885 ed74 4f80 7c24 4000 0f84 460b 0000 	H..tO.|$@...F...
00015FB0: 498d 57ff 4889 5424 304d 85ff 7433 4489 	I.W.H.T$0M..t3D.
00015FC0: 5c24 40e8 d8e6 feff 488b 5424 3044 8b5c 	\$@.....H.T$0D.\
00015FD0: 2440 488d bc24 0001 0000 4889 c10f b634 	$@H..$....H....4
00015FE0: 1748 8b01 8b04 b088 4415 0048 83ea 0173 	.H......D..H...s
00015FF0: ec4c 01fd 4d01 fc41 83fb 2d0f 840d f0ff 	.L..M..A..-.....
00016000: ff44 29eb 4863 d30f 8801 f0ff ff48 8b44 	.D).Hc.......H.D
00016010: 2408 4c29 e048 39c2 0f83 faef ffff 4885 	$.L).H9.......H.
00016020: ed0f 8457 0d00 0048 85d2 0f84 b4ef ffff 	...W...H........
00016030: 488d 5c15 0049 01d4 4183 fb30 0f84 ac0c 	H.\..I..A..0....
00016040: 0000 4183 fb2b 0f84 a20c 0000 4889 efbe 	..A..+......H...
00016050: 2000 0000 4889 dde8 f4e8 feff e983 efff 	 ...H...........
00016060: ff4d 89ee 31ff 488b 4424 10c7 4424 3002 	.M..1.H.D$..D$0.
00016070: 0000 00be 4d00 0000 8b50 04e9 cbf5 ffff 	....M....P......
00016080: 4d89 ee31 ffbe 6300 0000 4531 ede9 d1f4 	M..1..c...E1....
00016090: ffff 4d89 ee31 ff48 8b44 2410 4863 5014 	..M..1.H.D$.HcP.
000160A0: 4889 d048 69d2 1f85 eb51 89c1 c1f9 1f48 	H..Hi....Q.....H
000160B0: c1fa 2529 ca6b ca64 89c2 29ca 790f 89d1 	..%).k.d..).y...
000160C0: 83c2 64f7 d93d 93f8 ffff 0f4e d1be 7900 	..d..=.....N..y.
000160D0: 0000 4585 db0f 85f0 f2ff ff8b 4424 2483 	..E.........D$$.
000160E0: f82b 0f84 be07 0000 4189 c3c6 4424 4800 	.+......A...D$H.
000160F0: be79 0000 0045 31ff c744 2430 0200 0000 	.y...E1..D$0....
00016100: b801 0000 00e9 e0f2 ffff 4d89 ee31 ffbe 	..........M..1..
00016110: 7800 0000 4531 ede9 47f4 ffff 4d89 ee31 	x...E1..G...M..1
00016120: ff48 8b44 2410 be59 0000 008b 5014 81fa 	.H.D$..Y....P...
00016130: 94f8 ffff 410f 9cc7 81c2 6c07 0000 4585 	....A.....l...E.
00016140: db0f 852e 0700 0044 8b5c 2424 4183 fb2b 	.......D.\$$A..+
00016150: 0f84 110c 0000 c644 2448 0031 c9c7 4424 	.......D$H.1..D$
00016160: 3004 0000 000f 1f00 89d0 f7d8 4584 ff0f 	0...........E...
00016170: 45d0 e9e1 f7ff ff4d 89ee 31ff be58 0000 	E......M..1..X..
00016180: 0045 31ed e9da f3ff ff4d 89ee 31ff 488b 	.E1......M..1.H.
00016190: 7424 10c7 4424 3002 0000 008b 4618 8b76 	t$..D$0.....F..v
000161A0: 1c8d 5006 4863 c289 d148 69c0 9324 4992 	..P.Hc...Hi..$I.
000161B0: c1f9 1f48 c1e8 2001 d0c1 f802 29c8 8d0c 	...H.. .....)...
000161C0: c500 0000 0029 c189 c829 d08d 4430 07be 	.....)...)..D0..
000161D0: 5700 0000 4863 d048 69d2 9324 4992 48c1 	W...Hc.Hi..$I.H.
000161E0: ea20 01c2 c1f8 1fc1 fa02 29c2 e95a f4ff 	. ........)..Z..
000161F0: ff4d 89ee 31ff 488b 4c24 10c7 4424 3002 	.M..1.H.L$..D$0.
00016200: 0000 00be 5500 0000 8b41 1c2b 4118 83c0 	....U....A.+A...
00016210: 0748 63d0 4869 d293 2449 9248 c1ea 2001 	.Hc.Hi..$I.H.. .
00016220: c2c1 f81f c1fa 0229 c2e9 1df4 ffff 4d89 	.......)......M.
00016230: eec7 4424 30ff ffff ff4c 8d3d e462 0000 	..D$0....L.=.b..
00016240: e9cb faff ff4d 89ee 31ff 488b 4424 10c7 	.....M..1.H.D$..
00016250: 4424 3002 0000 00be 5300 0000 8b10 e9e8 	D$0.....S.......
00016260: f3ff ff4d 89ee c744 2430 ffff ffff 4c8d 	...M...D$0....L.
00016270: 3d67 3b00 00e9 96fa ffff 4d89 ee31 ff41 	=g;.......M..1.A
00016280: bd01 0000 00e9 b0f5 ffff 4d89 ee31 ffc7 	..........M..1..
00016290: 4424 3002 0000 008b 5424 50be 4900 0000 	D$0.....T$P.I...
000162A0: e9a6 f3ff ff4d 89ee 31ff 488b 4424 10c7 	.....M..1.H.D$..
000162B0: 4424 3002 0000 00be 4800 0000 8b50 08e9 	D$0.....H....P..
000162C0: 87f3 ffff 4d89 ee31 ff48 8b44 2410 c744 	....M..1.H.D$..D
000162D0: 2430 0100 0000 be77 0000 008b 5018 e968 	$0.....w....P..h
000162E0: f3ff ff4d 89ee 31ff 488b 4424 10c7 4424 	...M..1.H.D$..D$
000162F0: 3001 0000 00be 7500 0000 8b40 188d 5006 	0.....u....@..P.
00016300: 4863 c289 d148 69c0 9324 4992 c1f9 1f48 	Hc...Hi..$I....H
00016310: c1e8 2001 d0c1 f802 29c8 8d0c c500 0000 	.. .....).......
00016320: 0029 c129 ca83 c201 e91e f3ff ff48 8b4c 	.).).........H.L
00016330: 2408 4d89 ee4c 29e1 4183 fb2d 0f84 1505 	$.M..L).A..-....
00016340: 0000 85db 0f88 0d05 0000 4863 d341 bd01 	..........Hc.A..
00016350: 0000 0048 85d2 4c0f 45ea 4939 cd0f 83b5 	...H..L.E.I9....
00016360: ecff ff48 85ed 0f84 b1f2 ffff 83fb 017e 	...H...........~
00016370: 3148 83ea 0148 8d5c 1500 4183 fb30 0f84 	1H...H.\..A..0..
00016380: bd08 0000 4183 fb2b 0f84 b308 0000 4889 	....A..+......H.
00016390: efbe 2000 0000 4889 dde8 b2e5 feff 410f 	.. ...H.......A.
000163A0: b606 8845 0048 83c5 01e9 6ff2 ffff 83ff 	...E.H....o.....
000163B0: 450f 850d fbff ffe9 94ed ffff 85ff 0f84 	E...............
000163C0: 26f9 ffff e987 edff ff83 ff4f 0f85 b3fc 	&..........O....
000163D0: ffff e979 edff ff85 ff0f 8456 faff ffe9 	...y.......V....
000163E0: 6ced ffff 83ff 450f 85e1 f2ff ffe9 5eed 	l.....E.......^.
000163F0: ffff 85ff 0f84 f4f2 ffff e951 edff ff85 	...........Q....
00016400: ff0f 8411 f4ff ffe9 44ed ffff 83ff 4f0f 	........D.....O.
00016410: 8567 fdff ffe9 36ed ffff be71 0000 0083 	.g....6....q....
00016420: ff4f 0f84 d9ef ffff e900 f5ff ff83 ff4f 	.O.............O
00016430: 0f85 d9fc ffff e915 edff ff83 ff45 0f85 	.............E..
00016440: 53fc ffff e9b8 efff ff83 ff45 0f85 fcf9 	S..........E....
00016450: ffff e9aa efff ff83 ff45 0f84 a1ef ffff 	.........E......
00016460: 83ff 4f0f 85b8 fcff ffe9 e2ec ffff 488b 	..O...........H.
00016470: 4c24 084c 29e1 85ff 0f84 bafe ffff 4d89 	L$.L).........M.
00016480: f7b9 0100 0000 e9e1 ecff ff83 ff45 0f85 	.............E..
00016490: 35fe ffff e9b7 ecff ff83 ff45 0f85 fcf1 	5..........E....
000164A0: ffff e9a9 ecff ff83 ff45 0f85 02f2 ffff 	.........E......
000164B0: e99b ecff ff83 ff45 0f85 21f4 ffff e98d 	.......E..!.....
000164C0: ecff ff83 ff45 0f85 46f4 ffff e97f ecff 	.....E..F.......
000164D0: ff83 ff45 0f85 50f1 ffff e971 ecff ff83 	...E..P....q....
000164E0: ff45 0f85 83f1 ffff e963 ecff ff83 ff45 	.E.......c.....E
000164F0: 0f85 98fc ffff e955 ecff ff83 ff45 0f85 	.......U.....E..
00016500: 46fd ffff e947 ecff ff83 ff45 0f85 e4fc 	F....G.....E....
00016510: ffff e939 ecff ff83 ff45 0f85 46fb ffff 	...9.....E..F...
00016520: e92b ecff ff83 ff45 0f85 61fd ffff e91d 	.+.....E..a.....
00016530: ecff ff83 ff45 0f85 6efd ffff e90f ecff 	.....E..n.......
00016540: ff4d 89f5 e9d9 f1ff ff49 83c1 0143 0fb6 	.M.......I...C..
00016550: 440d 004f 8d74 0d00 3c3a 0f85 d9f1 ffff 	D..O.t..<:......
00016560: ebe7 660f 1f44 0000 4c89 fb31 d2e9 0eef 	..f..D..L..1....
00016570: ffff 660f 1f44 0000 4889 cb31 d2e9 09ec 	..f..D..H..1....
00016580: ffff 660f 1f44 0000 41bf 2d00 0000 8d73 	..f..D..A.-....s
00016590: ff89 f244 29d2 85d2 7e66 84c0 7462 4183 	...D)...~f..tbA.
000165A0: fb5f 0f84 5e01 0000 488b 4424 084c 29e0 	._..^...H.D$.L).
000165B0: 4883 f801 0f86 5eea ffff 4885 ed74 0844 	H.....^...H..t.D
000165C0: 887d 0048 83c5 0149 83c4 0149 63ca 4183 	.}.H...I...Ic.A.
000165D0: fb2d 743a 4889 cb31 d285 f60f 8876 f5ff 	.-t:H..1.....v..
000165E0: ff89 f3e9 62f5 ffff 0f1f 8400 0000 0000 	....b...........
000165F0: b801 0000 0041 bb30 0000 00e9 18f5 ffff 	.....A.0........
00016600: 31d2 eb9a 4183 fb2d 0f85 3cf5 ffff 4889 	1...A..-..<...H.
00016610: cb31 d2e9 3ff5 ffff 4889 ca4c 89ee 4889 	.1..?...H..L..H.
00016620: ef48 894c 2440 e815 e4fe ff48 8b4c 2440 	.H.L$@.....H.L$@
00016630: e9e1 ebff ff48 89ca 4c89 fe48 89ef 4889 	.....H..L..H..H.
00016640: 4c24 40e8 f8e3 feff 488b 4c24 40e9 c4eb 	L$@.....H.L$@...
00016650: ffff 4189 d7e9 3dea ffff c644 2440 01e9 	..A...=....D$@..
00016660: 33ea ffff 488d b424 0101 0000 4c89 fa48 	3...H..$....L..H
00016670: 89ef e8c9 e3fe ffe9 aaee ffff 4c8d 69fe 	............L.i.
00016680: 4d85 ff0f 849d eeff ffe8 22e6 feff 488d 	M........."...H.
00016690: b424 0101 0000 662e 0f1f 8400 0000 0000 	.$....f.........
000166A0: 420f b60c 2e48 8b10 8b14 8a42 8854 2d00 	B....H.....B.T-.
000166B0: 4983 ed01 73ea e96b eeff ff4d 89ea 31d2 	I...s..k...M..1.
000166C0: e9b9 f6ff ff41 bf2b 0000 00e9 befe ffff 	.....A.+........
000166D0: 4889 efbe 3000 0000 e873 e2fe ff48 8b6c 	H...0....s...H.l
000166E0: 2430 488b 4c24 48e9 f0ed ffff 4889 efbe 	$0H.L$H.....H...
000166F0: 3000 0000 4c89 fde8 54e2 feff 488b 4c24 	0...L...T...H.L$
00016700: 30e9 a6f4 ffff 89d9 488b 5c24 0829 d148 	0.......H.\$.).H
00016710: 63d2 4901 d44c 29e3 4885 ed0f 849f 0000 	c.I..L).H.......
00016720: 0048 89ef be20 0000 0048 8954 2430 4c89 	.H... ...H.T$0L.
00016730: 5424 5889 4c24 5444 895c 2448 e80f e2fe 	T$X.L$TD.\$H....
00016740: ff48 8b54 2430 4801 d548 83fb 010f 86c5 	.H.T$0H..H......
00016750: e8ff ff8b 4c24 5444 8b5c 2448 4c8b 5424 	....L$TD.\$HL.T$
00016760: 588d 71ff e956 feff ff48 89ef be30 0000 	X.q..V...H...0..
00016770: 004c 89ed e8d7 e1fe ff48 8b4c 2430 e95d 	.L.......H.L$0.]
00016780: eaff ff49 83f9 030f 852f 0400 0045 85c0 	...I...../...E..
00016790: 0f85 b203 0000 85c9 0f85 54f0 ffff 4489 	..........T...D.
000167A0: f8c6 4424 4801 4489 d2c7 4424 3003 0000 	..D$H.D...D$0...
000167B0: 0083 f001 e937 ecff ff0f 1f80 0000 0000 	.....7..........
000167C0: 4883 fb01 0f86 4ee8 ffff 8d71 ff49 83c4 	H.....N....q.I..
000167D0: 0149 63ca e9fb fdff ff48 89ef be30 0000 	.Ic......H...0..
000167E0: 00e8 6ae1 feff 488b 6c24 4044 8b44 2448 	..j...H.l$@D.D$H
000167F0: 448b 5c24 544c 8b54 2458 e9ef f5ff ff48 	D.\$TL.T$X.....H
00016800: 83f8 010f 860f e8ff ff41 bd01 0000 0048 	.........A.....H
00016810: 85ed 0f85 b5f0 ffff e900 eeff ff48 83f8 	.............H..
00016820: 010f 86f1 e7ff ff41 bd01 0000 0048 85ed 	.......A.....H..
00016830: 0f85 dfed ffff e9e2 edff ff4c 896c 2430 	...........L.l$0
00016840: 31db e9fc f3ff ff41 bf01 0000 00be 0100 	1......A........
00016850: 0000 e9e1 f6ff ff48 83f9 010f 86b7 e7ff 	.......H........
00016860: ff41 bd01 0000 0048 85ed 0f85 32fb ffff 	.A.....H....2...
00016870: e9a8 edff ffc7 4424 3004 0000 00b8 0f27 	......D$0......'
00016880: 0000 4183 fb2b 0f85 0205 0000 39d0 7326 	..A..+......9.s&
00016890: 4489 f8c6 4424 4801 41bb 2b00 0000 83f0 	D...D$H.A.+.....
000168A0: 01e9 44eb ffff c744 2430 0200 0000 be79 	..D....D$0.....y
000168B0: 0000 0045 31ff 3b5c 2430 4489 f841 bb2b 	...E1.;\$0D..A.+
000168C0: 0000 000f 9f44 2448 83f0 01e9 1aeb ffff 	.....D$H........
000168D0: 4183 e901 b86d 0100 0041 f6c1 0375 3341 	A....m...A...u3A
000168E0: 69d1 295c 8fc2 b86e 0100 0081 c250 b81e 	i.)\...n.....P..
000168F0: 05c1 ca02 81fa 285c 8f02 7716 4489 c841 	......(\..w.D..A
00016900: b890 0100 0099 41f7 f8f7 da19 c005 6e01 	......A.......n.
00016910: 0000 4401 d041 89c0 4529 f041 81c0 7e01 	..D..A..E).A..~.
00016920: 0000 4963 d045 89c1 4429 c048 69d2 9324 	..Ic.E..D).Hi..$
00016930: 4992 41c1 f91f 48c1 ea20 4401 c241 b8ff 	I.A...H.. D..A..
00016940: ffff ffc1 fa02 4429 ca44 8d0c d500 0000 	......D).D......
00016950: 0041 29d1 428d 4408 03e9 07ea ffff 4183 	.A).B.D.......A.
00016960: fb2b 0f85 42f5 ffff c744 2430 0200 0000 	.+..B....D$0....
00016970: be43 0000 00b8 6300 0000 e90d ffff ffb8 	.C....c.........
00016980: 94f8 ffff 428d 9401 6c07 0000 4d89 ee44 	....B...l...M..D
00016990: 29c0 39c1 410f 9cc7 4585 db0f 85d4 feff 	).9.A...E.......
000169A0: ff44 8b5c 2424 4183 fb2b 0f84 ee03 0000 	.D.\$$A..+......
000169B0: 39c1 c644 2448 004d 89ee c744 2430 0400 	9..D$H.M...D$0..
000169C0: 0000 0f9d c0e9 20ea ffff 4863 d0c7 4424 	...... ...Hc..D$
000169D0: 3002 0000 004d 89ee 4869 d293 2449 9248 	0....M..Hi..$I.H
000169E0: c1ea 2001 c2c1 f81f c1fa 0229 c283 c201 	.. ........)....
000169F0: e956 ecff ff48 8db4 24c0 0000 0048 8d7c 	.V...H..$....H.|
00016A00: 2478 4489 5c24 30e8 14dd feff 448b 5c24 	$xD.\$0.....D.\$
00016A10: 3048 85c0 0f84 4ef0 ffff 8b84 2484 0000 	0H....N.....$...
00016A20: 008b 9424 a000 0000 8b8c 24e0 0000 008b 	...$......$.....
00016A30: bc24 8000 0000 8944 2430 8b84 24c4 0000 	.$.....D$0..$...
00016A40: 0085 d20f 9444 246e 85c9 8bb4 24c0 0000 	.....D$n....$...
00016A50: 0044 8b84 24d0 0000 0089 4424 488b 8424 	.D..$.....D$H..$
00016A60: 8800 0000 0f94 4424 6f44 8b8c 2494 0000 	......D$oD..$...
00016A70: 0044 8b94 24d4 0000 0089 4424 548b 8424 	.D..$.....D$T..$
00016A80: c800 0000 8944 2458 8b84 248c 0000 0089 	.....D$X..$.....
00016A90: 4424 608b 8424 cc00 0000 8944 2464 8b84 	D$`..$.....D$d..
00016AA0: 2490 0000 0089 4424 680f b644 246f 3844 	$.....D$h..D$o8D
00016AB0: 246e 7408 09ca 0f89 acef ffff 8b44 2468 	$nt..........D$h
00016AC0: 4531 d18b 5424 6031 f733 5424 6444 31c0 	E1..T$`1.3T$dD1.
00016AD0: 4409 c809 d08b 5424 5433 5424 5809 d08b 	D.....T$T3T$X...
00016AE0: 5424 3033 5424 4809 d009 f80f 8453 efff 	T$03T$H......S..
00016AF0: ffe9 72ef ffff 488d bc24 0001 0000 4983 	..r...H..$....I.
00016B00: ff08 0f83 8f01 0000 41f6 c704 0f85 c002 	........A.......
00016B10: 0000 4d85 ff0f 84d6 f4ff ff0f b684 2400 	..M...........$.
00016B20: 0100 0088 4500 41f6 c702 0f84 c1f4 ffff 	....E.A.........
00016B30: 420f b784 3cfe 0000 0066 4289 443d fee9 	B...<....fB.D=..
00016B40: adf4 ffff 0f1f 4000 6bc9 6444 89f8 c644 	......@.k.dD...D
00016B50: 2448 0141 69d2 1027 0000 c744 2430 0900 	$H.Ai..'...D$0..
00016B60: 0000 83f0 0101 cab9 1400 0000 4401 c2e9 	............D...
00016B70: 7ce8 ffff 488b 7424 284c 89ea 4889 efe8 	|...H.t$(L..H...
00016B80: bcde feff e944 f1ff ff49 8d5d ff4d 85ed 	.....D...I.].M..
00016B90: 0f84 37f1 ffff e815 e1fe ff48 8b4c 2428 	..7........H.L$(
00016BA0: 4889 c60f b614 1948 8b06 8b04 9088 441d 	H......H......D.
00016BB0: 0048 83eb 0173 ece9 11f1 ffff 410f b606 	.H...s......A...
00016BC0: 4d89 f7e9 cbe9 ffff 4889 efbe 3000 0000 	M.......H...0...
00016BD0: 4889 dde8 78dd feff e9f0 ecff ff41 6bd2 	H...x........Ak.
00016BE0: 6444 89f8 c644 2448 01c7 4424 3005 0000 	dD...D$H..D$0...
00016BF0: 0083 f001 01ca 31c9 e9f3 e7ff ff48 8dbc 	......1......H..
00016C00: 2480 0000 00e8 46df feff 448b 5c24 3048 	$.....F...D.\$0H
00016C10: 89c1 e976 eeff ff48 89ef be30 0000 0048 	...v...H...0...H
00016C20: 89dd e829 ddfe ffe9 e9e9 ffff 4889 efbe 	...)........H...
00016C30: 3000 0000 4889 dde8 14dd feff e94e f0ff 	0...H........N..
00016C40: ff48 89ef be30 0000 0048 89dd e8ff dcfe 	.H...0...H......
00016C50: ff41 0fb6 06e9 48f7 ffff b894 f8ff ff44 	.A....H........D
00016C60: 29c0 39c1 0f8d 4e01 0000 f7da 4585 db0f 	).9...N.....E...
00016C70: 8553 e7ff ff44 8b5c 2424 4d89 ee41 83fb 	.S...D.\$$M..A..
00016C80: 2b0f 854e e7ff ffc7 4424 3002 0000 0045 	+..N....D$0....E
00016C90: 31ff e91f fcff ff48 8b84 2400 0100 0048 	1......H..$....H
00016CA0: 8d55 0848 83e2 f848 8945 004a 8b84 3cf8 	.U.H...H.E.J..<.
00016CB0: 0000 004a 8944 3df8 4889 e848 29d0 4829 	...J.D=.H..H).H)
00016CC0: c74c 01f8 4883 e0f8 4883 f808 0f82 1ff3 	.L..H...H.......
00016CD0: ffff 4883 e0f8 31c9 488b 340f 4889 340a 	..H...1.H.4.H.4.
00016CE0: 4883 c108 4839 c172 efe9 03f3 ffff 4889 	H...H9.r......H.
00016CF0: efbe 3000 0000 4889 dde8 52dc feff e9e1 	..0...H...R.....
00016D00: e2ff ff44 0fb6 4424 4048 83ec 0831 ff4c 	...D..D$@H...1.L
00016D10: 8d3d 0558 0000 8b84 2468 0500 004c 89fa 	.=.X....$h...L..
00016D20: 41b9 2b00 0000 48c7 c6ff ffff ff50 ff74 	A.+...H......P.t
00016D30: 2428 6a04 488b 4c24 3044 8944 2460 e8bd 	$(j.H.L$0D.D$`..
00016D40: e1ff ff48 83c4 2031 d244 8b44 2440 4989 	...H.. 1.D.D$@I.
00016D50: c549 89c2 41bb 2b00 0000 c744 2430 0400 	.I..A.+....D$0..
00016D60: 0000 e917 f0ff ffc7 4424 3004 0000 00be 	........D$0.....
00016D70: 5900 0000 b80f 2700 00e9 0efb ffff 4901 	Y.....'.......I.
00016D80: d4e9 5ee2 ffff 4531 ffe9 f5f1 ffff 4489 	..^...E1......D.
00016D90: f8c6 4424 4800 83f0 01e9 4ce6 ffff c744 	..D$H.....L....D
00016DA0: 2430 0400 0000 4d89 eeb8 0f27 0000 e9d9 	$0....M....'....
00016DB0: faff ffe8 c8da feff 83c2 6445 85db 0f84 	..........dE....
00016DC0: b1fe ffff e9ff e5ff ff48 83c9 ffe9 bbec 	.........H......
00016DD0: ffff 8b84 2400 0100 0089 4500 428b 843c 	....$.....E.B..<
00016DE0: fc00 0000 4289 443d fce9 03f2 ffff 6690 	....B.D=......f.
00016DF0: f30f 1efa 4883 ec08 400f b6ff e82f 53ff 	....H...@..../S.
00016E00: ff84 c074 2648 8b15 9cb1 0000 488b 3a48 	...t&H......H.:H
00016E10: 8b57 2848 3b57 3073 1748 8d4a 0148 894f 	.W(H;W0s.H.J.H.O
00016E20: 2888 0248 8305 cdb4 0000 0148 83c4 08c3 	(..H.......H....
00016E30: 0fb6 f0e8 b8da feff ebe9 660f 1f44 0000 	..........f..D..
00016E40: f30f 1efa 4154 4989 f453 4889 fb48 81ec 	....ATI..SH..H..
00016E50: a802 0000 6448 8b04 2528 0000 0048 8984 	....dH..%(...H..
00016E60: 2498 0200 0031 c080 3d9a b400 0000 7412 	$....1..=.....t.
00016E70: bf04 0000 00e8 4652 ffff 84c0 0f85 7601 	......FR......v.
00016E80: 0000 803d 88b4 0000 000f 85b9 0000 0080 	...=............
00016E90: 3d7a b400 0000 7438 80bb b800 0000 0048 	=z....t8.......H
00016EA0: 8d0d 1b2d 0000 0f85 7c01 0000 31d2 833d 	...-....|...1..=
00016EB0: 57b4 0000 0474 068b 15e7 b300 0048 8d35 	W....t.......H.5
00016EC0: 0f2d 0000 bf01 0000 0031 c0e8 60dc feff 	.-.......1..`...
00016ED0: 803d 29b4 0000 0074 2b31 d283 3d2a b400 	.=)....t+1..=*..
00016EE0: 0004 488b 8bb0 0000 0074 068b 15af b300 	..H......t......
00016EF0: 0048 8d35 db2c 0000 bf01 0000 0031 c0e8 	.H.5.,.......1..
00016F00: 2cdc feff 4c89 e131 d231 f648 89df e89d 	,...L..1.1.H....
00016F10: 92ff ff8b 05eb b300 0085 c00f 85b7 0000 	................
00016F20: 0048 8b84 2498 0200 0064 482b 0425 2800 	.H..$....dH+.%(.
00016F30: 0000 0f85 2501 0000 4881 c4a8 0200 005b 	....%...H......[
00016F40: 415c c30f 1f44 0000 80bb b800 0000 004c 	A\...D.........L
00016F50: 8d05 6b2c 0000 7450 488b 4b20 4885 c974 	..k,..tPH.K H..t
00016F60: 47c6 4424 1400 4c8d 4424 1448 bfcd cccc 	G.D$..L.D$.H....
00016F70: cccc cccc cc0f 1f00 4889 c849 83e8 0148 	........H..I...H
00016F80: f7e7 4889 c848 c1ea 0348 8d34 9248 01f6 	..H..H...H.4.H..
00016F90: 4829 f083 c030 4188 0048 89c8 4889 d148 	H)...0A..H..H..H
00016FA0: 83f8 0977 d30f 1f00 31d2 833d 5bb3 0000 	...w....1..=[...
00016FB0: 0474 068b 15ef b200 004c 89c1 488d 3510 	.t.......L..H.5.
00016FC0: 2c00 00bf 0100 0000 31c0 e861 dbfe ffe9 	,.......1..a....
00016FD0: bbfe ffff 0f1f 4000 8b93 a800 0000 8b73 	......@........s
00016FE0: 300f b6bb b800 0000 e803 feff ffe9 2fff 	0............./.
00016FF0: ffff 660f 1f44 0000 488d 3dc1 b000 00e8 	..f..D..H.=.....
00017000: 3c52 ffff 488d 3df5 b000 00e8 3052 ffff 	<R..H.=.....0R..
00017010: 488d 3db9 b000 00e8 2452 ffff e961 feff 	H.=.....$R...a..
00017020: ff0f 1f80 0000 0000 8b15 8ab2 0000 488b 	..............H.
00017030: 7b58 b900 0200 0048 89e6 4c8b 056f b200 	{X.....H..L..o..
00017040: 00e8 7a5c ffff 31d2 833d bdb2 0000 0448 	..z\..1..=.....H
00017050: 89c1 0f85 5ffe ffff e960 feff ffe8 1ed8 	...._....`......
00017060: feff 662e 0f1f 8400 0000 0000 0f1f 4000 	..f...........@.
00017070: f30f 1efa 488b 158d af00 0031 f6e9 4edb 	....H......1..N.
00017080: feff 0000 f30f 1efa 4883 ec08 4883 c408 	........H...H...
00017090: c300 0000 0000 0000 c1cc 0000 0000 0000 	................
000170A0: 0000 0000 0000 0000 0000 0000 0000 0000 	................
000170B0: 0000 0000 0000 0000 0000 0000 0000 0000 	................
000170C0: 0000 0000 0000 0000 0000 0000 0000 0000 	................
000170D0: 0000 0000 0000 0000 0000 0000 0000 0000 	................
000170E0: 0000 0000 0000 0000 0000 0000 0000 0000 	................
000170F0: 0000 0000 0000 0000 0000 0000 0000 0000 	................
00017100: 0000 0000 0000 0000 0000 0000 0000 0000 	................
00017110: 0000 0000 0000 0000 0000 0000 0000 0000 	................
00017120: 0000 0000 0000 0000 0000 0000 0000 0000 	................
00017130: 0000 0000 0000 0000 0000 0000 0000 0000 	................
00017140: 0000 0000 0000 0000 0000 0000 0000 0000 	................
00017150: 0000 0000 0000 0000 0000 0000 0000 0000 	................
00017160: 0000 0000 0000 0000 0000 0000 0000 0000 	................
00017170: 0000 0000 0000 0000 0000 0000 0000 0000 	................
00017180: 0000 0000 0000 0000 0000 0000 0000 0000 	................
00017190: 0000 0000 0000 0000 0000 0000 0000 0000 	................
000171A0: 0000 0000 0000 0000 0000 0000 0000 0000 	................
000171B0: 0000 0000 0000 0000 0000 0000 0000 0000 	................
000171C0: 0000 0000 0000 0000 0000 0000 0000 0000 	................
000171D0: 0000 0000 0000 0000 0000 0000 0000 0000 	................
000171E0: 0000 0000 0000 0000 0000 0000 0000 0000 	................
000171F0: 0000 0000 0000 0000 0000 0000 0000 0000 	................
00017200: 0000 0000 0000 0000 0000 0000 0000 0000 	................
00017210: 0000 0000 0000 0000 0000 0000 0000 0000 	................
00017220: 0000 0000 0000 0000 0000 0000 0000 0000 	................
00017230: 0000 0000 0000 0000 0000 0000 0000 0000 	................
00017240: 0000 0000 0000 0000 0000 0000 0000 0000 	................
00017250: 0000 0000 0000 0000 0000 0000 0000 0000 	................
00017260: 0000 0000 0000 0000 0000 0000 0000 0000 	................
00017270: 0000 0000 0000 0000 0000 0000 0000 0000 	................
00017280: 0000 0000 0000 0000 0000 0000 0000 0000 	................
00017290: 0000 0000 0000 0000 0000 0000 0000 0000 	................
000172A0: 0000 0000 0000 0000 0000 0000 0000 0000 	................
000172B0: 0000 0000 0000 0000 0000 0000 0000 0000 	................
000172C0: 0000 0000 0000 0000 0000 0000 0000 0000 	................
000172D0: 0000 0000 0000 0000 0000 0000 0000 0000 	................
000172E0: 0000 0000 0000 0000 0000 0000 0000 0000 	................
000172F0: 0000 0000 0000 0000 0000 0000 0000 0000 	................
00017300: 0000 0000 0000 0000 0000 0000 0000 0000 	................
00017310: 0000 0000 0000 0000 0000 0000 0000 0000 	................
00017320: 0000 0000 0000 0000 0000 0000 0000 0000 	................
00017330: 0000 0000 0000 0000 0000 0000 0000 0000 	................
00017340: 0000 0000 0000 0000 0000 0000 0000 0000 	................
00017350: 0000 0000 0000 0000 0000 0000 0000 0000 	................
00017360: 0000 0000 0000 0000 0000 0000 0000 0000 	................
00017370: 0000 0000 0000 0000 0000 0000 0000 0000 	................
00017380: 0000 0000 0000 0000 0000 0000 0000 0000 	................
00017390: 0000 0000 0000 0000 0000 0000 0000 0000 	................
000173A0: 0000 0000 0000 0000 0000 0000 0000 0000 	................
000173B0: 0000 0000 0000 0000 0000 0000 0000 0000 	................
000173C0: 0000 0000 0000 0000 0000 0000 0000 0000 	................
000173D0: 0000 0000 0000 0000 0000 0000 0000 0000 	................
000173E0: 0000 0000 0000 0000 0000 0000 0000 0000 	................
000173F0: 0000 0000 0000 0000 0000 0000 0000 0000 	................
00017400: 0000 0000 0000 0000 0000 0000 0000 0000 	................
00017410: 0000 0000 0000 0000 0000 0000 0000 0000 	................
00017420: 0000 0000 0000 0000 0000 0000 0000 0000 	................
00017430: 0000 0000 0000 0000 0000 0000 0000 0000 	................
00017440: 0000 0000 0000 0000 0000 0000 0000 0000 	................
00017450: 0000 0000 0000 0000 0000 0000 0000 0000 	................
00017460: 0000 0000 0000 0000 0000 0000 0000 0000 	................
00017470: 0000 0000 0000 0000 0000 0000 0000 0000 	................
00017480: 0000 0000 0000 0000 0000 0000 0000 0000 	................
00017490: 0000 0000 0000 0000 0000 0000 0000 0000 	................
000174A0: 0000 0000 0000 0000 0000 0000 0000 0000 	................
000174B0: 0000 0000 0000 0000 0000 0000 0000 0000 	................
000174C0: 0000 0000 0000 0000 0000 0000 0000 0000 	................
000174D0: 0000 0000 0000 0000 0000 0000 0000 0000 	................
000174E0: 0000 0000 0000 0000 0000 0000 0000 0000 	................
000174F0: 0000 0000 0000 0000 0000 0000 0000 0000 	................
00017500: 0000 0000 0000 0000 0000 0000 0000 0000 	................
00017510: 0000 0000 0000 0000 0000 0000 0000 0000 	................
00017520: 0000 0000 0000 0000 0000 0000 0000 0000 	................
00017530: 0000 0000 0000 0000 0000 0000 0000 0000 	................
00017540: 0000 0000 0000 0000 0000 0000 0000 0000 	................
00017550: 0000 0000 0000 0000 0000 0000 0000 0000 	................
00017560: 0000 0000 0000 0000 0000 0000 0000 0000 	................
00017570: 0000 0000 0000 0000 0000 0000 0000 0000 	................
00017580: 0000 0000 0000 0000 0000 0000 0000 0000 	................
00017590: 0000 0000 0000 0000 0000 0000 0000 0000 	................
000175A0: 0000 0000 0000 0000 0000 0000 0000 0000 	................
000175B0: 0000 0000 0000 0000 0000 0000 0000 0000 	................
000175C0: 0000 0000 0000 0000 0000 0000 0000 0000 	................
000175D0: 0000 0000 0000 0000 0000 0000 0000 0000 	................
000175E0: 0000 0000 0000 0000 0000 0000 0000 0000 	................
000175F0: 0000 0000 0000 0000 0000 0000 0000 0000 	................
00017600: 0000 0000 0000 0000 0000 0000 0000 0000 	................
00017610: 0000 0000 0000 0000 0000 0000 0000 0000 	................
00017620: 0000 0000 0000 0000 0000 0000 0000 0000 	................
00017630: 0000 0000 0000 0000 0000 0000 0000 0000 	................
00017640: 0000 0000 0000 0000 0000 0000 0000 0000 	................
00017650: 0000 0000 0000 0000 0000 0000 0000 0000 	................
00017660: 0000 0000 0000 0000 0000 0000 0000 0000 	................
00017670: 0000 0000 0000 0000 0000 0000 0000 0000 	................
00017680: 0000 0000 0000 0000 0000 0000 0000 0000 	................
00017690: 0000 0000 0000 0000 0000 0000 0000 0000 	................
000176A0: 0000 0000 0000 0000 0000 0000 0000 0000 	................
000176B0: 0000 0000 0000 0000 0000 0000 0000 0000 	................
000176C0: 0000 0000 0000 0000 0000 0000 0000 0000 	................
000176D0: 0000 0000 0000 0000 0000 0000 0000 0000 	................
000176E0: 0000 0000 0000 0000 0000 0000 0000 0000 	................
000176F0: 0000 0000 0000 0000 0000 0000 0000 0000 	................
00017700: 0000 0000 0000 0000 0000 0000 0000 0000 	................
00017710: 0000 0000 0000 0000 0000 0000 0000 0000 	................
00017720: 0000 0000 0000 0000 0000 0000 0000 0000 	................
00017730: 0000 0000 0000 0000 0000 0000 0000 0000 	................
00017740: 0000 0000 0000 0000 0000 0000 0000 0000 	................
00017750: 0000 0000 0000 0000 0000 0000 0000 0000 	................
00017760: 0000 0000 0000 0000 0000 0000 0000 0000 	................
00017770: 0000 0000 0000 0000 0000 0000 0000 0000 	................
00017780: 0000 0000 0000 0000 0000 0000 0000 0000 	................
00017790: 0000 0000 0000 0000 0000 0000 0000 0000 	................
000177A0: 0000 0000 0000 0000 0000 0000 0000 0000 	................
000177B0: 0000 0000 0000 0000 0000 0000 0000 0000 	................
000177C0: 0000 0000 0000 0000 0000 0000 0000 0000 	................
000177D0: 0000 0000 0000 0000 0000 0000 0000 0000 	................
000177E0: 0000 0000 0000 0000 0000 0000 0000 0000 	................
000177F0: 0000 0000 0000 0000 0000 0000 0000 0000 	................
00017800: 0000 0000 0000 0000 0000 0000 0000 0000 	................
00017810: 0000 0000 0000 0000 0000 0000 0000 0000 	................
00017820: 0000 0000 0000 0000 0000 0000 0000 0000 	................
00017830: 0000 0000 0000 0000 0000 0000 0000 0000 	................
00017840: 0000 0000 0000 0000 0000 0000 0000 0000 	................
00017850: 0000 0000 0000 0000 0000 0000 0000 0000 	................
00017860: 0000 0000 0000 0000 0000 0000 0000 0000 	................
00017870: 0000 0000 0000 0000 0000 0000 0000 0000 	................
00017880: 0000 0000 0000 0000 0000 0000 0000 0000 	................
00017890: 0000 0000 0000 0000 0000 0000 0000 0000 	................
000178A0: 0000 0000 0000 0000 0000 0000 0000 0000 	................
000178B0: 0000 0000 0000 0000 0000 0000 0000 0000 	................
000178C0: 0000 0000 0000 0000 0000 0000 0000 0000 	................
000178D0: 0000 0000 0000 0000 0000 0000 0000 0000 	................
000178E0: 0000 0000 0000 0000 0000 0000 0000 0000 	................
000178F0: 0000 0000 0000 0000 0000 0000 0000 0000 	................
00017900: 0000 0000 0000 0000 0000 0000 0000 0000 	................
00017910: 0000 0000 0000 0000 0000 0000 0000 0000 	................
00017920: 0000 0000 0000 0000 0000 0000 0000 0000 	................
00017930: 0000 0000 0000 0000 0000 0000 0000 0000 	................
00017940: 0000 0000 0000 0000 0000 0000 0000 0000 	................
00017950: 0000 0000 0000 0000 0000 0000 0000 0000 	................
00017960: 0000 0000 0000 0000 0000 0000 0000 0000 	................
00017970: 0000 0000 0000 0000 0000 0000 0000 0000 	................
00017980: 0000 0000 0000 0000 0000 0000 0000 0000 	................
00017990: 0000 0000 0000 0000 0000 0000 0000 0000 	................
000179A0: 0000 0000 0000 0000 0000 0000 0000 0000 	................
000179B0: 0000 0000 0000 0000 0000 0000 0000 0000 	................
000179C0: 0000 0000 0000 0000 0000 0000 0000 0000 	................
000179D0: 0000 0000 0000 0000 0000 0000 0000 0000 	................
000179E0: 0000 0000 0000 0000 0000 0000 0000 0000 	................
000179F0: 0000 0000 0000 0000 0000 0000 0000 0000 	................
00017A00: 0000 0000 0000 0000 0000 0000 0000 0000 	................
00017A10: 0000 0000 0000 0000 0000 0000 0000 0000 	................
00017A20: 0000 0000 0000 0000 0000 0000 0000 0000 	................
00017A30: 0000 0000 0000 0000 0000 0000 0000 0000 	................
00017A40: 0000 0000 0000 0000 0000 0000 0000 0000 	................
00017A50: 0000 0000 0000 0000 0000 0000 0000 0000 	................
00017A60: 0000 0000 0000 0000 0000 0000 0000 0000 	................
00017A70: 0000 0000 0000 0000 0000 0000 0000 0000 	................
00017A80: 0000 0000 0000 0000 0000 0000 0000 0000 	................
00017A90: 0000 0000 0000 0000 0000 0000 0000 0000 	................
00017AA0: 0000 0000 0000 0000 0000 0000 0000 0000 	................
00017AB0: 0000 0000 0000 0000 0000 0000 0000 0000 	................
00017AC0: 0000 0000 0000 0000 0000 0000 0000 0000 	................
00017AD0: 0000 0000 0000 0000 0000 0000 0000 0000 	................
00017AE0: 0000 0000 0000 0000 0000 0000 0000 0000 	................
00017AF0: 0000 0000 0000 0000 0000 0000 0000 0000 	................
00017B00: 0000 0000 0000 0000 0000 0000 0000 0000 	................
00017B10: 0000 0000 0000 0000 0000 0000 0000 0000 	................
00017B20: 0000 0000 0000 0000 0000 0000 0000 0000 	................
00017B30: 0000 0000 0000 0000 0000 0000 0000 0000 	................
00017B40: 0000 0000 0000 0000 0000 0000 0000 0000 	................
00017B50: 0000 0000 0000 0000 0000 0000 0000 0000 	................
00017B60: 0000 0000 0000 0000 0000 0000 0000 0000 	................
00017B70: 0000 0000 0000 0000 0000 0000 0000 0000 	................
00017B80: 0000 0000 0000 0000 0000 0000 0000 0000 	................
00017B90: 0000 0000 0000 0000 0000 0000 0000 0000 	................
00017BA0: 0000 0000 0000 0000 0000 0000 0000 0000 	................
00017BB0: 0000 0000 0000 0000 0000 0000 0000 0000 	................
00017BC0: 0000 0000 0000 0000 0000 0000 0000 0000 	................
00017BD0: 0000 0000 0000 0000 0000 0000 0000 0000 	................
00017BE0: 0000 0000 0000 0000 0000 0000 0000 0000 	................
00017BF0: 0000 0000 0000 0000 0000 0000 0000 0000 	................
00017C00: 0000 0000 0000 0000 0000 0000 0000 0000 	................
00017C10: 0000 0000 0000 0000 0000 0000 0000 0000 	................
00017C20: 0000 0000 0000 0000 0000 0000 0000 0000 	................
00017C30: 0000 0000 0000 0000 0000 0000 0000 0000 	................
00017C40: 0000 0000 0000 0000 0000 0000 0000 0000 	................
00017C50: 0000 0000 0000 0000 0000 0000 0000 0000 	................
00017C60: 0000 0000 0000 0000 0000 0000 0000 0000 	................
00017C70: 0000 0000 0000 0000 0000 0000 0000 0000 	................
00017C80: 0000 0000 0000 0000 0000 0000 0000 0000 	................
00017C90: 0000 0000 0000 0000 0000 0000 0000 0000 	................
00017CA0: 0000 0000 0000 0000 0000 0000 0000 0000 	................
00017CB0: 0000 0000 0000 0000 0000 0000 0000 0000 	................
00017CC0: 0000 0000 0000 0000 0000 0000 0000 0000 	................
00017CD0: 0000 0000 0000 0000 0000 0000 0000 0000 	................
00017CE0: 0000 0000 0000 0000 0000 0000 0000 0000 	................
00017CF0: 0000 0000 0000 0000 0000 0000 0000 0000 	................
00017D00: 0000 0000 0000 0000 0000 0000 0000 0000 	................
00017D10: 0000 0000 0000 0000 0000 0000 0000 0000 	................
00017D20: 0000 0000 0000 0000 0000 0000 0000 0000 	................
00017D30: 0000 0000 0000 0000 0000 0000 0000 0000 	................
00017D40: 0000 0000 0000 0000 0000 0000 0000 0000 	................
00017D50: 0000 0000 0000 0000 0000 0000 0000 0000 	................
00017D60: 0000 0000 0000 0000 0000 0000 0000 0000 	................
00017D70: 0000 0000 0000 0000 0000 0000 0000 0000 	................
00017D80: 0000 0000 0000 0000 0000 0000 0000 0000 	................
00017D90: 0000 0000 0000 0000 0000 0000 0000 0000 	................
00017DA0: 0000 0000 0000 0000 0000 0000 0000 0000 	................
00017DB0: 0000 0000 0000 0000 0000 0000 0000 0000 	................
00017DC0: 0000 0000 0000 0000 0000 0000 0000 0000 	................
00017DD0: 0000 0000 0000 0000 0000 0000 0000 0000 	................
00017DE0: 0000 0000 0000 0000 0000 0000 0000 0000 	................
00017DF0: 0000 0000 0000 0000 0000 0000 0000 0000 	................
00017E00: 0000 0000 0000 0000 0000 0000 0000 0000 	................
00017E10: 0000 0000 0000 0000 0000 0000 0000 0000 	................
00017E20: 0000 0000 0000 0000 0000 0000 0000 0000 	................
00017E30: 0000 0000 0000 0000 0000 0000 0000 0000 	................
00017E40: 0000 0000 0000 0000 0000 0000 0000 0000 	................
00017E50: 0000 0000 0000 0000 0000 0000 0000 0000 	................
00017E60: 0000 0000 0000 0000 0000 0000 0000 0000 	................
00017E70: 0000 0000 0000 0000 0000 0000 0000 0000 	................
00017E80: 0000 0000 0000 0000 0000 0000 0000 0000 	................
00017E90: 0000 0000 0000 0000 0000 0000 0000 0000 	................
00017EA0: 0000 0000 0000 0000 0000 0000 0000 0000 	................
00017EB0: 0000 0000 0000 0000 0000 0000 0000 0000 	................
00017EC0: 0000 0000 0000 0000 0000 0000 0000 0000 	................
00017ED0: 0000 0000 0000 0000 0000 0000 0000 0000 	................
00017EE0: 0000 0000 0000 0000 0000 0000 0000 0000 	................
00017EF0: 0000 0000 0000 0000 0000 0000 0000 0000 	................
00017F00: 0000 0000 0000 0000 0000 0000 0000 0000 	................
00017F10: 0000 0000 0000 0000 0000 0000 0000 0000 	................
00017F20: 0000 0000 0000 0000 0000 0000 0000 0000 	................
00017F30: 0000 0000 0000 0000 0000 0000 0000 0000 	................
00017F40: 0000 0000 0000 0000 0000 0000 0000 0000 	................
00017F50: 0000 0000 0000 0000 0000 0000 0000 0000 	................
00017F60: 0000 0000 0000 0000 0000 0000 0000 0000 	................
00017F70: 0000 0000 0000 0000 0000 0000 0000 0000 	................
00017F80: 0000 0000 0000 0000 0000 0000 0000 0000 	................
00017F90: 0000 0000 0000 0000 0000 0000 0000 0000 	................
00017FA0: 0000 0000 0000 0000 0000 0000 0000 0000 	................
00017FB0: 0000 0000 0000 0000 0000 0000 0000 0000 	................
00017FC0: 0000 0000 0000 0000 0000 0000 0000 0000 	................
00017FD0: 0000 0000 0000 0000 0000 0000 0000 0000 	................
00017FE0: 0000 0000 0000 0000 0000 0000 0000 0000 	................
00017FF0: 0000 0000 0000 0000 0000 0000 0000 0000 	................

